timestamp,close,high,low,open,volume
2025-05-22 23:00:00+00:00,1.1285407543182373,1.1291780471801758,1.1285407543182373,1.1290504932403564,735
2025-05-23 00:00:00+00:00,1.1300712823867798,1.1303266286849976,1.1282861232757568,1.1285407543182373,593
2025-05-23 01:00:00+00:00,1.131861925125122,1.1322463750839233,1.1299434900283813,1.1300712823867798,102
2025-05-23 02:00:00+00:00,1.131733775138855,1.1321182250976562,1.1312217712402344,1.131861925125122,526
2025-05-23 03:00:00+00:00,1.1316057443618774,1.1321182250976562,1.1316057443618774,1.1319899559020996,143
2025-05-23 04:00:00+00:00,1.1321182250976562,1.13237464427948,1.1313496828079224,1.131733775138855,353
2025-05-23 05:00:00+00:00,1.13275945186615,1.1328877210617065,1.1312217712402344,1.1321182250976562,972
2025-05-23 06:00:00+00:00,1.1316057443618774,1.1330161094665527,1.1314777135849,1.13275945186615,715
2025-05-23 07:00:00+00:00,1.134429931640625,1.1348161697387695,1.1316057443618774,1.1316057443618774,662
2025-05-23 08:00:00+00:00,1.1346874237060547,1.1348161697387695,1.1337867975234985,1.1340440511703491,177
2025-05-23 09:00:00+00:00,1.1353315114974976,1.135589361190796,1.134429931640625,1.1346874237060547,720
2025-05-23 10:00:00+00:00,1.1352026462554932,1.1361054182052612,1.1349449157714844,1.1352026462554932,809
2025-05-23 11:00:00+00:00,1.1330161094665527,1.1375269889831543,1.1307101249694824,1.1353315114974976,824
2025-05-23 12:00:00+00:00,1.1337867975234985,1.1354604959487915,1.1303266286849976,1.1326310634613037,408
2025-05-23 13:00:00+00:00,1.1319899559020996,1.1340440511703491,1.131733775138855,1.1340440511703491,850
2025-05-23 14:00:00+00:00,1.1348161697387695,1.1348161697387695,1.1316057443618774,1.1316057443618774,554
2025-05-23 15:00:00+00:00,1.1352026462554932,1.1362345218658447,1.1336582899093628,1.1348161697387695,295
2025-05-23 16:00:00+00:00,1.1362345218658447,1.1362345218658447,1.1345586776733398,1.1352026462554932,343
2025-05-23 17:00:00+00:00,1.1366219520568848,1.1370097398757935,1.135589361190796,1.1361054182052612,540
2025-05-23 18:00:00+00:00,1.1364928483963013,1.137268304824829,1.1361054182052612,1.1364928483963013,820
2025-05-23 19:00:00+00:00,1.1367511749267578,1.1368803977966309,1.1359764337539673,1.1363636255264282,135
2025-05-23 20:00:00+00:00,1.1368803977966309,1.1371389627456665,1.1363636255264282,1.1366219520568848,586
2025-05-23 21:00:00+00:00,1.1368803977966309,1.1368803977966309,1.1368803977966309,1.1368803977966309,954
2025-05-25 23:00:00+00:00,1.1377859115600586,1.1384334564208984,1.1373976469039917,1.1377859115600586,309
2025-05-26 00:00:00+00:00,1.1399909257888794,1.1401208639144897,1.1377859115600586,1.1381744146347046,116
2025-05-26 01:00:00+00:00,1.1416828632354736,1.1418131589889526,1.139211654663086,1.1399909257888794,344
2025-05-26 02:00:00+00:00,1.141422152519226,1.1422044038772583,1.141291856765747,1.141291856765747,764
2025-05-26 03:00:00+00:00,1.1415525674819946,1.1415525674819946,1.1409013271331787,1.141291856765747,471
2025-05-26 04:00:00+00:00,1.141291856765747,1.1416828632354736,1.1407711505889893,1.1415525674819946,139
2025-05-26 05:00:00+00:00,1.1420739889144897,1.1422044038772583,1.1405109167099,1.141422152519226,856
2025-05-26 06:00:00+00:00,1.141291856765747,1.1419435739517212,1.141291856765747,1.1419435739517212,202
2025-05-26 07:00:00+00:00,1.1393414735794067,1.141291856765747,1.139211654663086,1.1411616802215576,655
2025-05-26 08:00:00+00:00,1.1388224363327026,1.1397310495376587,1.1386927366256714,1.1393414735794067,211
2025-05-26 09:00:00+00:00,1.1381744146347046,1.1389521360397339,1.1379153728485107,1.1386927366256714,901
2025-05-26 10:00:00+00:00,1.1386927366256714,1.1389521360397339,1.1379153728485107,1.1383039951324463,306
2025-05-26 11:00:00+00:00,1.1379153728485107,1.1389521360397339,1.1377859115600586,1.1388224363327026,829
2025-05-26 12:00:00+00:00,1.1379153728485107,1.1385631561279297,1.137268304824829,1.138044834136963,560
2025-05-26 13:00:00+00:00,1.1384334564208984,1.1386927366256714,1.1377859115600586,1.1377859115600586,309
2025-05-26 14:00:00+00:00,1.1386927366256714,1.1388224363327026,1.138044834136963,1.1384334564208984,989
2025-05-26 15:00:00+00:00,1.1384334564208984,1.1388224363327026,1.138044834136963,1.1388224363327026,726
2025-05-26 16:00:00+00:00,1.1385631561279297,1.1385631561279297,1.138044834136963,1.1383039951324463,736
2025-05-26 17:00:00+00:00,1.1384334564208984,1.1386927366256714,1.1381744146347046,1.1386927366256714,466
2025-05-26 18:00:00+00:00,1.1384334564208984,1.1386927366256714,1.1383039951324463,1.1383039951324463,747
2025-05-26 19:00:00+00:00,1.1388224363327026,1.1388224363327026,1.1384334564208984,1.1384334564208984,295
2025-05-26 20:00:00+00:00,1.1390818357467651,1.139211654663086,1.1386927366256714,1.1386927366256714,897
2025-05-26 21:00:00+00:00,1.1388224363327026,1.1390818357467651,1.1386927366256714,1.1389521360397339,760
2025-05-26 22:00:00+00:00,1.1394712924957275,1.1397310495376587,1.1393414735794067,1.1396011114120483,833
2025-05-26 23:00:00+00:00,1.139211654663086,1.1394712924957275,1.1390818357467651,1.1394712924957275,524
2025-05-27 00:00:00+00:00,1.140380859375,1.1406410932540894,1.139211654663086,1.139211654663086,367
2025-05-27 01:00:00+00:00,1.1399909257888794,1.1410315036773682,1.1394712924957275,1.140380859375,261
2025-05-27 02:00:00+00:00,1.1396011114120483,1.1406410932540894,1.1394712924957275,1.1398608684539795,193
2025-05-27 03:00:00+00:00,1.1397310495376587,1.140380859375,1.1393414735794067,1.1396011114120483,591
2025-05-27 04:00:00+00:00,1.1383039951324463,1.1399909257888794,1.1381744146347046,1.1399909257888794,206
2025-05-27 05:00:00+00:00,1.1381744146347046,1.1383039951324463,1.1371389627456665,1.1383039951324463,658
2025-05-27 06:00:00+00:00,1.1368803977966309,1.1396011114120483,1.1368803977966309,1.1383039951324463,553
2025-05-27 07:00:00+00:00,1.1341726779937744,1.137268304824829,1.1341726779937744,1.1371389627456665,610
2025-05-27 08:00:00+00:00,1.1352026462554932,1.1359764337539673,1.134429931640625,1.1345586776733398,903
2025-05-27 09:00:00+00:00,1.1352026462554932,1.1361054182052612,1.1349449157714844,1.1352026462554932,785
2025-05-27 10:00:00+00:00,1.1346874237060547,1.1354604959487915,1.134429931640625,1.1350737810134888,809
2025-05-27 11:00:00+00:00,1.1354604959487915,1.1357183456420898,1.1346874237060547,1.1348161697387695,128
2025-05-27 12:00:00+00:00,1.1368803977966309,1.1370097398757935,1.1354604959487915,1.1354604959487915,124
2025-05-27 13:00:00+00:00,1.1361054182052612,1.1377859115600586,1.1359764337539673,1.1371389627456665,586
2025-05-27 14:00:00+00:00,1.134429931640625,1.1363636255264282,1.1341726779937744,1.1353315114974976,642
2025-05-27 15:00:00+00:00,1.13275945186615,1.134429931640625,1.13275945186615,1.1343011856079102,444
2025-05-27 16:00:00+00:00,1.133529782295227,1.1337867975234985,1.13275945186615,1.13275945186615,458
2025-05-27 17:00:00+00:00,1.1336582899093628,1.1340440511703491,1.1334012746810913,1.133529782295227,937
2025-05-27 18:00:00+00:00,1.1341726779937744,1.1341726779937744,1.1332728862762451,1.133529782295227,658
2025-05-27 19:00:00+00:00,1.1334012746810913,1.1341726779937744,1.1334012746810913,1.1339154243469238,884
2025-05-27 20:00:00+00:00,1.133144497871399,1.133529782295227,1.1330161094665527,1.1332728862762451,921
2025-05-27 21:00:00+00:00,1.133529782295227,1.1336582899093628,1.1330161094665527,1.133529782295227,250
2025-05-27 22:00:00+00:00,1.1339154243469238,1.1340440511703491,1.1332728862762451,1.1332728862762451,615
2025-05-27 23:00:00+00:00,1.1339154243469238,1.1341726779937744,1.133529782295227,1.1340440511703491,177
2025-05-28 00:00:00+00:00,1.1337867975234985,1.1348161697387695,1.1337867975234985,1.1341726779937744,233
2025-05-28 01:00:00+00:00,1.1321182250976562,1.1341726779937744,1.1319899559020996,1.1337867975234985,407
2025-05-28 02:00:00+00:00,1.1307101249694824,1.1328877210617065,1.130454421043396,1.1319899559020996,827
2025-05-28 03:00:00+00:00,1.1310937404632568,1.1316057443618774,1.130454421043396,1.1308379173278809,663
2025-05-28 04:00:00+00:00,1.1309658288955688,1.1312217712402344,1.1307101249694824,1.1312217712402344,233
2025-05-28 05:00:00+00:00,1.1316057443618774,1.1316057443618774,1.1299434900283813,1.1308379173278809,411
2025-05-28 06:00:00+00:00,1.1310937404632568,1.131861925125122,1.1307101249694824,1.131733775138855,464
2025-05-28 07:00:00+00:00,1.1330161094665527,1.1334012746810913,1.1312217712402344,1.1312217712402344,236
2025-05-28 08:00:00+00:00,1.1334012746810913,1.133529782295227,1.1322463750839233,1.133144497871399,894
2025-05-28 09:00:00+00:00,1.1336582899093628,1.1343011856079102,1.133144497871399,1.1336582899093628,627
2025-05-28 10:00:00+00:00,1.13275945186615,1.1343011856079102,1.13275945186615,1.1336582899093628,390
2025-05-28 11:00:00+00:00,1.1321182250976562,1.133144497871399,1.1319899559020996,1.1328877210617065,816
2025-05-28 12:00:00+00:00,1.1313496828079224,1.132502794265747,1.1310937404632568,1.1321182250976562,450
2025-05-28 13:00:00+00:00,1.1309658288955688,1.1314777135849,1.1301988363265991,1.1312217712402344,599
2025-05-28 14:00:00+00:00,1.1305822134017944,1.1326310634613037,1.1305822134017944,1.1312217712402344,430
2025-05-28 15:00:00+00:00,1.1287955045700073,1.1310937404632568,1.1287955045700073,1.1305822134017944,126
2025-05-28 16:00:00+00:00,1.1296881437301636,1.1299434900283813,1.1287955045700073,1.1287955045700073,580
2025-05-28 17:00:00+00:00,1.1295605897903442,1.130454421043396,1.129433035850525,1.1296881437301636,149
2025-05-28 18:00:00+00:00,1.1298158168792725,1.1299434900283813,1.1287955045700073,1.129433035850525,668
2025-05-28 19:00:00+00:00,1.129433035850525,1.1298158168792725,1.1291780471801758,1.1296881437301636,223
2025-05-28 20:00:00+00:00,1.129433035850525,1.1298158168792725,1.1293054819107056,1.129433035850525,224
2025-05-28 21:00:00+00:00,1.1299434900283813,1.1300712823867798,1.1295605897903442,1.1298158168792725,944
2025-05-28 22:00:00+00:00,1.129433035850525,1.1300712823867798,1.129433035850525,1.1298158168792725,546
2025-05-28 23:00:00+00:00,1.1230907440185547,1.129433035850525,1.121956706047058,1.129433035850525,387
2025-05-29 00:00:00+00:00,1.1238480806350708,1.1252391338348389,1.12296462059021,1.12296462059021,975
2025-05-29 01:00:00+00:00,1.1256190538406372,1.1256190538406372,1.12296462059021,1.1234692335128784,516
2025-05-29 02:00:00+00:00,1.125112533569336,1.1259993314743042,1.1246063709259033,1.1254924535751343,154
2025-05-29 03:00:00+00:00,1.125112533569336,1.1257457733154297,1.1246063709259033,1.1248594522476196,563
2025-05-29 04:00:00+00:00,1.125112533569336,1.1257457733154297,1.1247328519821167,1.125112533569336,680
2025-05-29 05:00:00+00:00,1.1246063709259033,1.1252391338348389,1.1234692335128784,1.125112533569336,293
2025-05-29 06:00:00+00:00,1.1273956298828125,1.1276500225067139,1.1246063709259033,1.124985933303833,973
2025-05-29 07:00:00+00:00,1.128031611442566,1.128413438796997,1.1276500225067139,1.1276500225067139,395
2025-05-29 08:00:00+00:00,1.1275228261947632,1.128031611442566,1.1265066862106323,1.1279042959213257,918
2025-05-29 09:00:00+00:00,1.128031611442566,1.128668189048767,1.1276500225067139,1.1276500225067139,104
2025-05-29 10:00:00+00:00,1.1289230585098267,1.1293054819107056,1.128031611442566,1.128031611442566,365
2025-05-29 11:00:00+00:00,1.1273956298828125,1.129433035850525,1.1271415948867798,1.1289230585098267,479
2025-05-29 12:00:00+00:00,1.1353315114974976,1.1353315114974976,1.1276500225067139,1.1276500225067139,649
2025-05-29 13:00:00+00:00,1.1354604959487915,1.1361054182052612,1.134429931640625,1.1357183456420898,633
2025-05-29 14:00:00+00:00,1.1353315114974976,1.1363636255264282,1.1348161697387695,1.1358473300933838,285
2025-05-29 15:00:00+00:00,1.1371389627456665,1.137268304824829,1.1353315114974976,1.1354604959487915,820
2025-05-29 16:00:00+00:00,1.1375269889831543,1.138044834136963,1.1370097398757935,1.1373976469039917,175
2025-05-29 17:00:00+00:00,1.138044834136963,1.1385631561279297,1.1364928483963013,1.1375269889831543,284
2025-05-29 18:00:00+00:00,1.1379153728485107,1.1386927366256714,1.1377859115600586,1.1383039951324463,306
2025-05-29 19:00:00+00:00,1.1370097398757935,1.138044834136963,1.1370097398757935,1.1377859115600586,832
2025-05-29 20:00:00+00:00,1.1368803977966309,1.1373976469039917,1.1364928483963013,1.1370097398757935,789
2025-05-29 21:00:00+00:00,1.137268304824829,1.1377859115600586,1.1366219520568848,1.1377859115600586,592
2025-05-29 22:00:00+00:00,1.1375269889831543,1.1377859115600586,1.1371389627456665,1.137268304824829,658
2025-05-29 23:00:00+00:00,1.138044834136963,1.1383039951324463,1.1373976469039917,1.1373976469039917,137
2025-05-30 00:00:00+00:00,1.1375269889831543,1.1386927366256714,1.1368803977966309,1.138044834136963,719
2025-05-30 01:00:00+00:00,1.1357183456420898,1.139211654663086,1.1357183456420898,1.1376564502716064,847
2025-05-30 02:00:00+00:00,1.1352026462554932,1.1361054182052612,1.1352026462554932,1.1359764337539673,511
2025-05-30 03:00:00+00:00,1.1352026462554932,1.1359764337539673,1.1349449157714844,1.1353315114974976,231
2025-05-30 04:00:00+00:00,1.1349449157714844,1.135589361190796,1.1349449157714844,1.1353315114974976,541
2025-05-30 05:00:00+00:00,1.1354604959487915,1.1358473300933838,1.1346874237060547,1.1348161697387695,736
2025-05-30 06:00:00+00:00,1.1349449157714844,1.1353315114974976,1.1340440511703491,1.1352026462554932,939
2025-05-30 07:00:00+00:00,1.1339154243469238,1.1345586776733398,1.133144497871399,1.134429931640625,961
2025-05-30 08:00:00+00:00,1.1328877210617065,1.1348161697387695,1.1328877210617065,1.1340440511703491,963
2025-05-30 09:00:00+00:00,1.1330161094665527,1.133529782295227,1.13275945186615,1.13275945186615,230
2025-05-30 10:00:00+00:00,1.1330161094665527,1.1337867975234985,1.1328877210617065,1.1330161094665527,848
2025-05-30 11:00:00+00:00,1.1341726779937744,1.1341726779937744,1.13275945186615,1.1330161094665527,950
2025-05-30 12:00:00+00:00,1.1350737810134888,1.1361054182052612,1.1339154243469238,1.1340440511703491,191
2025-05-30 13:00:00+00:00,1.1322463750839233,1.1350737810134888,1.1319899559020996,1.1350737810134888,915
2025-05-30 14:00:00+00:00,1.1357183456420898,1.1357183456420898,1.1321182250976562,1.1321182250976562,521
2025-05-30 15:00:00+00:00,1.1349449157714844,1.1359764337539673,1.1348161697387695,1.1353315114974976,734
2025-05-30 16:00:00+00:00,1.1352026462554932,1.135589361190796,1.1346874237060547,1.1352026462554932,326
2025-05-30 17:00:00+00:00,1.1361054182052612,1.1370097398757935,1.1353315114974976,1.1354604959487915,755
2025-05-30 18:00:00+00:00,1.1362345218658447,1.1367511749267578,1.1358473300933838,1.1361054182052612,597
2025-05-30 19:00:00+00:00,1.1358473300933838,1.1363636255264282,1.1353315114974976,1.1362345218658447,147
2025-05-30 20:00:00+00:00,1.1350737810134888,1.1358473300933838,1.1348161697387695,1.1358473300933838,947
2025-05-30 21:00:00+00:00,1.1350737810134888,1.1350737810134888,1.1350737810134888,1.1350737810134888,162
2025-06-01 23:00:00+00:00,1.1357183456420898,1.1363636255264282,1.1354604959487915,1.1358473300933838,104
2025-06-02 00:00:00+00:00,1.1371389627456665,1.1376564502716064,1.1357183456420898,1.1357183456420898,192
2025-06-02 01:00:00+00:00,1.1373976469039917,1.1384334564208984,1.1371389627456665,1.137268304824829,181
2025-06-02 02:00:00+00:00,1.1367511749267578,1.1376564502716064,1.1366219520568848,1.1373976469039917,208
2025-06-02 03:00:00+00:00,1.1364928483963013,1.1368803977966309,1.1358473300933838,1.1367511749267578,505
2025-06-02 04:00:00+00:00,1.1370097398757935,1.1370097398757935,1.1363636255264282,1.1367511749267578,116
2025-06-02 05:00:00+00:00,1.1383039951324463,1.1383039951324463,1.1368803977966309,1.1368803977966309,151
2025-06-02 06:00:00+00:00,1.1405109167099,1.1409013271331787,1.1381744146347046,1.1381744146347046,811
2025-06-02 07:00:00+00:00,1.1428571939468384,1.1439030170440674,1.140380859375,1.140380859375,806
2025-06-02 08:00:00+00:00,1.1423349380493164,1.1432491540908813,1.1416828632354736,1.1425960063934326,500
2025-06-02 09:00:00+00:00,1.1428571939468384,1.1440337896347046,1.1423349380493164,1.1423349380493164,732
2025-06-02 10:00:00+00:00,1.1418131589889526,1.1431183815002441,1.1416828632354736,1.1425960063934326,240
2025-06-02 11:00:00+00:00,1.1416828632354736,1.142987847328186,1.141291856765747,1.1418131589889526,694
2025-06-02 12:00:00+00:00,1.1422044038772583,1.1432491540908813,1.1415525674819946,1.1416828632354736,923
2025-06-02 13:00:00+00:00,1.1423349380493164,1.1424654722213745,1.1407711505889893,1.1422044038772583,892
2025-06-02 14:00:00+00:00,1.1440337896347046,1.145213007926941,1.1428571939468384,1.1428571939468384,483
2025-06-02 15:00:00+00:00,1.1432491540908813,1.1440337896347046,1.1428571939468384,1.1436413526535034,675
2025-06-02 16:00:00+00:00,1.1422044038772583,1.143379807472229,1.1416828632354736,1.143379807472229,391
2025-06-02 17:00:00+00:00,1.1427265405654907,1.1428571939468384,1.1420739889144897,1.1420739889144897,750
2025-06-02 18:00:00+00:00,1.1445575952529907,1.1445575952529907,1.1422044038772583,1.1424654722213745,863
2025-06-02 19:00:00+00:00,1.144819736480713,1.144819736480713,1.1437721252441406,1.144426703453064,343
2025-06-02 20:00:00+00:00,1.1445575952529907,1.1449507474899292,1.1442956924438477,1.144819736480713,922
2025-06-02 21:00:00+00:00,1.144426703453064,1.144688606262207,1.1435105800628662,1.144688606262207,816
2025-06-02 22:00:00+00:00,1.144819736480713,1.144819736480713,1.144164800643921,1.1442956924438477,888
2025-06-02 23:00:00+00:00,1.145737886428833,1.145737886428833,1.144819736480713,1.144819736480713,335
2025-06-03 00:00:00+00:00,1.144688606262207,1.145737886428833,1.1442956924438477,1.1456066370010376,488
2025-06-03 01:00:00+00:00,1.1431183815002441,1.1445575952529907,1.1431183815002441,1.1445575952529907,855
2025-06-03 02:00:00+00:00,1.1428571939468384,1.143379807472229,1.1422044038772583,1.1431183815002441,884
2025-06-03 03:00:00+00:00,1.1422044038772583,1.142987847328186,1.1419435739517212,1.1427265405654907,241
2025-06-03 04:00:00+00:00,1.1428571939468384,1.1428571939468384,1.1420739889144897,1.1423349380493164,870
2025-06-03 05:00:00+00:00,1.1427265405654907,1.142987847328186,1.1416828632354736,1.1428571939468384,414
2025-06-03 06:00:00+00:00,1.1431183815002441,1.143379807472229,1.1420739889144897,1.1425960063934326,612
2025-06-03 07:00:00+00:00,1.1420739889144897,1.1435105800628662,1.1418131589889526,1.1432491540908813,780
2025-06-03 08:00:00+00:00,1.1416828632354736,1.1419435739517212,1.1409013271331787,1.1418131589889526,728
2025-06-03 09:00:00+00:00,1.141422152519226,1.1420739889144897,1.1405109167099,1.141422152519226,584
2025-06-03 10:00:00+00:00,1.1401208639144897,1.1415525674819946,1.1401208639144897,1.1415525674819946,245
2025-06-03 11:00:00+00:00,1.139211654663086,1.1401208639144897,1.1390818357467651,1.1401208639144897,172
2025-06-03 12:00:00+00:00,1.1384334564208984,1.1397310495376587,1.138044834136963,1.1394712924957275,897
2025-06-03 13:00:00+00:00,1.1389521360397339,1.1396011114120483,1.1381744146347046,1.1385631561279297,340
2025-06-03 14:00:00+00:00,1.1394712924957275,1.1396011114120483,1.1368803977966309,1.1376564502716064,295
2025-06-03 15:00:00+00:00,1.1375269889831543,1.1396011114120483,1.1373976469039917,1.1394712924957275,832
2025-06-03 16:00:00+00:00,1.1377859115600586,1.1385631561279297,1.1371389627456665,1.1376564502716064,365
2025-06-03 17:00:00+00:00,1.1381744146347046,1.1384334564208984,1.1376564502716064,1.1377859115600586,229
2025-06-03 18:00:00+00:00,1.1377859115600586,1.138044834136963,1.1373976469039917,1.138044834136963,210
2025-06-03 19:00:00+00:00,1.1371389627456665,1.1379153728485107,1.1371389627456665,1.1377859115600586,674
2025-06-03 20:00:00+00:00,1.137268304824829,1.1377859115600586,1.137268304824829,1.137268304824829,758
2025-06-03 21:00:00+00:00,1.138044834136963,1.1381744146347046,1.1375269889831543,1.1375269889831543,151
2025-06-03 22:00:00+00:00,1.1377859115600586,1.1377859115600586,1.1373976469039917,1.1376564502716064,457
2025-06-03 23:00:00+00:00,1.1386927366256714,1.1388224363327026,1.1377859115600586,1.1377859115600586,468
2025-06-04 00:00:00+00:00,1.1385631561279297,1.139211654663086,1.1381744146347046,1.1386927366256714,896
2025-06-04 01:00:00+00:00,1.1388224363327026,1.1396011114120483,1.1376564502716064,1.1384334564208984,325
2025-06-04 02:00:00+00:00,1.1379153728485107,1.1390818357467651,1.1377859115600586,1.1388224363327026,995
2025-06-04 03:00:00+00:00,1.1371389627456665,1.1383039951324463,1.1370097398757935,1.1379153728485107,110
2025-06-04 04:00:00+00:00,1.1370097398757935,1.1381744146347046,1.1368803977966309,1.1371389627456665,721
2025-06-04 05:00:00+00:00,1.1368803977966309,1.1375269889831543,1.1362345218658447,1.1370097398757935,695
2025-06-04 06:00:00+00:00,1.138044834136963,1.138044834136963,1.1362345218658447,1.1366219520568848,287
2025-06-04 07:00:00+00:00,1.1390818357467651,1.1399909257888794,1.138044834136963,1.1383039951324463,980
2025-06-04 08:00:00+00:00,1.140380859375,1.1406410932540894,1.1386927366256714,1.1389521360397339,190
2025-06-04 09:00:00+00:00,1.1386927366256714,1.1401208639144897,1.1385631561279297,1.1401208639144897,520
2025-06-04 10:00:00+00:00,1.1384334564208984,1.1388224363327026,1.1377859115600586,1.1386927366256714,133
2025-06-04 11:00:00+00:00,1.1383039951324463,1.1390818357467651,1.1381744146347046,1.1386927366256714,301
2025-06-04 12:00:00+00:00,1.141291856765747,1.141291856765747,1.1383039951324463,1.1383039951324463,721
2025-06-04 13:00:00+00:00,1.1402509212493896,1.1415525674819946,1.1398608684539795,1.141291856765747,592
2025-06-04 14:00:00+00:00,1.1436413526535034,1.1436413526535034,1.1411616802215576,1.1416828632354736,995
2025-06-04 15:00:00+00:00,1.1427265405654907,1.1436413526535034,1.1420739889144897,1.1435105800628662,172
2025-06-04 16:00:00+00:00,1.1437721252441406,1.1437721252441406,1.1423349380493164,1.1425960063934326,980
2025-06-04 17:00:00+00:00,1.1428571939468384,1.1436413526535034,1.1427265405654907,1.1436413526535034,989
2025-06-04 18:00:00+00:00,1.1424654722213745,1.1431183815002441,1.1423349380493164,1.1427265405654907,960
2025-06-04 19:00:00+00:00,1.1416828632354736,1.1424654722213745,1.1415525674819946,1.1423349380493164,437
2025-06-04 20:00:00+00:00,1.1422044038772583,1.1424654722213745,1.141422152519226,1.1415525674819946,880
2025-06-04 21:00:00+00:00,1.1420739889144897,1.1424654722213745,1.1416828632354736,1.1419435739517212,546
2025-06-04 22:00:00+00:00,1.1424654722213745,1.1425960063934326,1.1420739889144897,1.1423349380493164,108
2025-06-04 23:00:00+00:00,1.1424654722213745,1.1431183815002441,1.1422044038772583,1.1423349380493164,144
2025-06-05 00:00:00+00:00,1.1431183815002441,1.1432491540908813,1.1420739889144897,1.1424654722213745,148
2025-06-05 01:00:00+00:00,1.1419435739517212,1.1437721252441406,1.1418131589889526,1.1432491540908813,563
2025-06-05 02:00:00+00:00,1.1422044038772583,1.1422044038772583,1.141422152519226,1.1419435739517212,826
2025-06-05 03:00:00+00:00,1.141422152519226,1.1425960063934326,1.141422152519226,1.1420739889144897,927
2025-06-05 04:00:00+00:00,1.141291856765747,1.1416828632354736,1.1411616802215576,1.141291856765747,732
2025-06-05 05:00:00+00:00,1.1410315036773682,1.1415525674819946,1.1410315036773682,1.141422152519226,417
2025-06-05 06:00:00+00:00,1.141291856765747,1.1420739889144897,1.1409013271331787,1.1410315036773682,677
2025-06-05 07:00:00+00:00,1.141422152519226,1.1427265405654907,1.1410315036773682,1.1410315036773682,924
2025-06-05 08:00:00+00:00,1.1415525674819946,1.1422044038772583,1.141291856765747,1.1415525674819946,265
2025-06-05 09:00:00+00:00,1.1420739889144897,1.1423349380493164,1.141291856765747,1.1416828632354736,513
2025-06-05 10:00:00+00:00,1.1427265405654907,1.1436413526535034,1.1422044038772583,1.1422044038772583,258
2025-06-05 11:00:00+00:00,1.1428571939468384,1.1431183815002441,1.1420739889144897,1.1427265405654907,650
2025-06-05 12:00:00+00:00,1.1432491540908813,1.144819736480713,1.1419435739517212,1.142987847328186,737
2025-06-05 13:00:00+00:00,1.148369312286377,1.1496896743774414,1.1422044038772583,1.1431183815002441,489
2025-06-05 14:00:00+00:00,1.1460003852844238,1.1485011577606201,1.1458691358566284,1.1482374668121338,681
2025-06-05 15:00:00+00:00,1.144426703453064,1.1462632417678833,1.1439030170440674,1.1458691358566284,525
2025-06-05 16:00:00+00:00,1.145081877708435,1.145081877708435,1.1435105800628662,1.144164800643921,233
2025-06-05 17:00:00+00:00,1.1445575952529907,1.145081877708435,1.1436413526535034,1.145081877708435,338
2025-06-05 18:00:00+00:00,1.1445575952529907,1.144688606262207,1.1436413526535034,1.1445575952529907,188
2025-06-05 19:00:00+00:00,1.1442956924438477,1.145081877708435,1.1437721252441406,1.144426703453064,532
2025-06-05 20:00:00+00:00,1.144688606262207,1.144819736480713,1.1440337896347046,1.1440337896347046,675
2025-06-05 21:00:00+00:00,1.1445575952529907,1.1453442573547363,1.144164800643921,1.144164800643921,281
2025-06-05 22:00:00+00:00,1.1454753875732422,1.1454753875732422,1.144819736480713,1.144819736480713,851
2025-06-05 23:00:00+00:00,1.145737886428833,1.145737886428833,1.145081877708435,1.1454753875732422,540
2025-06-06 00:00:00+00:00,1.1453442573547363,1.1460003852844238,1.1453442573547363,1.1456066370010376,132
2025-06-06 01:00:00+00:00,1.1445575952529907,1.1456066370010376,1.1445575952529907,1.1453442573547363,906
2025-06-06 02:00:00+00:00,1.144164800643921,1.144688606262207,1.1436413526535034,1.144688606262207,689
2025-06-06 03:00:00+00:00,1.144426703453064,1.144688606262207,1.1440337896347046,1.144164800643921,140
2025-06-06 04:00:00+00:00,1.1442956924438477,1.1445575952529907,1.1440337896347046,1.1442956924438477,492
2025-06-06 05:00:00+00:00,1.1439030170440674,1.1442956924438477,1.143379807472229,1.1442956924438477,679
2025-06-06 06:00:00+00:00,1.1439030170440674,1.1445575952529907,1.1428571939468384,1.1440337896347046,402
2025-06-06 07:00:00+00:00,1.142987847328186,1.1439030170440674,1.1424654722213745,1.1439030170440674,774
2025-06-06 08:00:00+00:00,1.1418131589889526,1.1431183815002441,1.1416828632354736,1.142987847328186,811
2025-06-06 09:00:00+00:00,1.1423349380493164,1.1424654722213745,1.141422152519226,1.1418131589889526,230
2025-06-06 10:00:00+00:00,1.1425960063934326,1.1427265405654907,1.1420739889144897,1.1423349380493164,154
2025-06-06 11:00:00+00:00,1.1420739889144897,1.1431183815002441,1.1420739889144897,1.1427265405654907,255
2025-06-06 12:00:00+00:00,1.1401208639144897,1.1431183815002441,1.1393414735794067,1.1420739889144897,998
2025-06-06 13:00:00+00:00,1.1397310495376587,1.1405109167099,1.1375269889831543,1.1401208639144897,354
2025-06-06 14:00:00+00:00,1.139211654663086,1.1418131589889526,1.1385631561279297,1.1394712924957275,947
2025-06-06 15:00:00+00:00,1.1401208639144897,1.1402509212493896,1.1385631561279297,1.1393414735794067,575
2025-06-06 16:00:00+00:00,1.1389521360397339,1.140380859375,1.1389521360397339,1.1399909257888794,645
2025-06-06 17:00:00+00:00,1.1398608684539795,1.1401208639144897,1.1388224363327026,1.1389521360397339,193
2025-06-06 18:00:00+00:00,1.1399909257888794,1.1402509212493896,1.1396011114120483,1.1396011114120483,580
2025-06-06 19:00:00+00:00,1.1399909257888794,1.140380859375,1.1397310495376587,1.1399909257888794,998
2025-06-06 20:00:00+00:00,1.1398608684539795,1.1401208639144897,1.1396011114120483,1.1399909257888794,180
2025-06-06 21:00:00+00:00,1.1396011114120483,1.1397310495376587,1.1396011114120483,1.1397310495376587,538
2025-06-08 23:00:00+00:00,1.1409013271331787,1.141422152519226,1.1407711505889893,1.1410315036773682,463
2025-06-09 00:00:00+00:00,1.1397310495376587,1.1411616802215576,1.1396011114120483,1.1410315036773682,622
2025-06-09 01:00:00+00:00,1.1418131589889526,1.1419435739517212,1.1398608684539795,1.1398608684539795,595
2025-06-09 02:00:00+00:00,1.1420739889144897,1.1428571939468384,1.1418131589889526,1.1418131589889526,445
2025-06-09 03:00:00+00:00,1.1415525674819946,1.1423349380493164,1.1415525674819946,1.1420739889144897,897
2025-06-09 04:00:00+00:00,1.1422044038772583,1.1422044038772583,1.141422152519226,1.1415525674819946,420
2025-06-09 05:00:00+00:00,1.1424654722213745,1.1427265405654907,1.1415525674819946,1.1423349380493164,227
2025-06-09 06:00:00+00:00,1.1431183815002441,1.1432491540908813,1.1422044038772583,1.1423349380493164,392
2025-06-09 07:00:00+00:00,1.1424654722213745,1.1431183815002441,1.1423349380493164,1.1428571939468384,123
2025-06-09 08:00:00+00:00,1.1431183815002441,1.1439030170440674,1.1422044038772583,1.1425960063934326,213
2025-06-09 09:00:00+00:00,1.142987847328186,1.144164800643921,1.142987847328186,1.1431183815002441,364
2025-06-09 10:00:00+00:00,1.1423349380493164,1.1432491540908813,1.1419435739517212,1.1428571939468384,420
2025-06-09 11:00:00+00:00,1.1420739889144897,1.1425960063934326,1.141291856765747,1.1422044038772583,672
2025-06-09 12:00:00+00:00,1.140380859375,1.1420739889144897,1.1398608684539795,1.1420739889144897,981
2025-06-09 13:00:00+00:00,1.1402509212493896,1.1406410932540894,1.1390818357467651,1.1405109167099,723
2025-06-09 14:00:00+00:00,1.1411616802215576,1.1411616802215576,1.1399909257888794,1.1405109167099,564
2025-06-09 15:00:00+00:00,1.1428571939468384,1.142987847328186,1.1411616802215576,1.1411616802215576,873
2025-06-09 16:00:00+00:00,1.1427265405654907,1.1428571939468384,1.1419435739517212,1.1427265405654907,418
2025-06-09 17:00:00+00:00,1.1425960063934326,1.142987847328186,1.1422044038772583,1.1427265405654907,665
2025-06-09 18:00:00+00:00,1.1431183815002441,1.143379807472229,1.1423349380493164,1.1424654722213745,758
2025-06-09 19:00:00+00:00,1.1428571939468384,1.1432491540908813,1.1425960063934326,1.142987847328186,495
2025-06-09 20:00:00+00:00,1.1423349380493164,1.142987847328186,1.1422044038772583,1.1425960063934326,333
2025-06-09 21:00:00+00:00,1.1425960063934326,1.1425960063934326,1.1418131589889526,1.1423349380493164,852
2025-06-09 22:00:00+00:00,1.1425960063934326,1.1427265405654907,1.1423349380493164,1.1424654722213745,996
2025-06-09 23:00:00+00:00,1.142987847328186,1.1431183815002441,1.1423349380493164,1.1425960063934326,874
2025-06-10 00:00:00+00:00,1.1427265405654907,1.1439030170440674,1.1425960063934326,1.1427265405654907,660
2025-06-10 01:00:00+00:00,1.1401208639144897,1.1431183815002441,1.1398608684539795,1.1427265405654907,944
2025-06-10 02:00:00+00:00,1.140380859375,1.140380859375,1.1390818357467651,1.1396011114120483,957
2025-06-10 03:00:00+00:00,1.1405109167099,1.1407711505889893,1.1396011114120483,1.1401208639144897,846
2025-06-10 04:00:00+00:00,1.1402509212493896,1.1406410932540894,1.1396011114120483,1.1406410932540894,600
2025-06-10 05:00:00+00:00,1.1409013271331787,1.1415525674819946,1.1401208639144897,1.1402509212493896,547
2025-06-10 06:00:00+00:00,1.1398608684539795,1.1418131589889526,1.1396011114120483,1.1405109167099,230
2025-06-10 07:00:00+00:00,1.1396011114120483,1.1401208639144897,1.1377859115600586,1.1399909257888794,457
2025-06-10 08:00:00+00:00,1.141291856765747,1.141422152519226,1.1396011114120483,1.1396011114120483,498
2025-06-10 09:00:00+00:00,1.1420739889144897,1.1422044038772583,1.1407711505889893,1.1409013271331787,530
2025-06-10 10:00:00+00:00,1.1425960063934326,1.1427265405654907,1.141422152519226,1.1419435739517212,825
2025-06-10 11:00:00+00:00,1.1431183815002441,1.1437721252441406,1.1423349380493164,1.1427265405654907,713
2025-06-10 12:00:00+00:00,1.1436413526535034,1.144164800643921,1.1428571939468384,1.1435105800628662,411
2025-06-10 13:00:00+00:00,1.144688606262207,1.145081877708435,1.1435105800628662,1.1435105800628662,628
2025-06-10 14:00:00+00:00,1.1428571939468384,1.144688606262207,1.1425960063934326,1.144688606262207,224
2025-06-10 15:00:00+00:00,1.1424654722213745,1.142987847328186,1.1419435739517212,1.142987847328186,144
2025-06-10 16:00:00+00:00,1.1425960063934326,1.142987847328186,1.1419435739517212,1.1425960063934326,810
2025-06-10 17:00:00+00:00,1.1427265405654907,1.1431183815002441,1.1420739889144897,1.1427265405654907,907
2025-06-10 18:00:00+00:00,1.1423349380493164,1.1428571939468384,1.1419435739517212,1.1424654722213745,372
2025-06-10 19:00:00+00:00,1.142987847328186,1.1440337896347046,1.1423349380493164,1.1423349380493164,191
2025-06-10 20:00:00+00:00,1.1427265405654907,1.1432491540908813,1.1423349380493164,1.142987847328186,719
2025-06-10 21:00:00+00:00,1.1428571939468384,1.1431183815002441,1.1422044038772583,1.1431183815002441,875
2025-06-10 22:00:00+00:00,1.1432491540908813,1.1432491540908813,1.1427265405654907,1.1428571939468384,827
2025-06-10 23:00:00+00:00,1.1440337896347046,1.144164800643921,1.1427265405654907,1.1431183815002441,544
2025-06-11 00:00:00+00:00,1.1424654722213745,1.1439030170440674,1.1424654722213745,1.1439030170440674,719
2025-06-11 01:00:00+00:00,1.1411616802215576,1.142987847328186,1.1410315036773682,1.1423349380493164,244
2025-06-11 02:00:00+00:00,1.1418131589889526,1.1420739889144897,1.1410315036773682,1.141291856765747,286
2025-06-11 03:00:00+00:00,1.1419435739517212,1.1420739889144897,1.1415525674819946,1.1416828632354736,135
2025-06-11 04:00:00+00:00,1.1419435739517212,1.1420739889144897,1.1415525674819946,1.1418131589889526,842
2025-06-11 05:00:00+00:00,1.1425960063934326,1.1425960063934326,1.1418131589889526,1.1418131589889526,932
2025-06-11 06:00:00+00:00,1.1411616802215576,1.1425960063934326,1.1411616802215576,1.1425960063934326,979
2025-06-11 07:00:00+00:00,1.1423349380493164,1.1427265405654907,1.1409013271331787,1.141291856765747,669
2025-06-11 08:00:00+00:00,1.1435105800628662,1.1440337896347046,1.1422044038772583,1.1422044038772583,225
2025-06-11 09:00:00+00:00,1.1437721252441406,1.144819736480713,1.1435105800628662,1.1435105800628662,255
2025-06-11 10:00:00+00:00,1.1442956924438477,1.144426703453064,1.1436413526535034,1.1437721252441406,231
2025-06-11 11:00:00+00:00,1.1437721252441406,1.1442956924438477,1.1431183815002441,1.144164800643921,178
2025-06-11 12:00:00+00:00,1.1465259790420532,1.1490291357040405,1.1435105800628662,1.1436413526535034,483
2025-06-11 13:00:00+00:00,1.147446870803833,1.1475785970687866,1.1458691358566284,1.1466574668884277,581
2025-06-11 14:00:00+00:00,1.1486331224441528,1.1488970518112183,1.1471836566925049,1.1475785970687866,682
2025-06-11 15:00:00+00:00,1.1492931842803955,1.1492931842803955,1.1479737758636475,1.1485011577606201,794
2025-06-11 16:00:00+00:00,1.1494252681732178,1.1499539613723755,1.1486331224441528,1.1492931842803955,810
2025-06-11 17:00:00+00:00,1.1500862836837769,1.1502184867858887,1.1491611003875732,1.1491611003875732,924
2025-06-11 18:00:00+00:00,1.1488970518112183,1.1502184867858887,1.1487650871276855,1.1500862836837769,757
2025-06-11 19:00:00+00:00,1.1485011577606201,1.1490291357040405,1.148369312286377,1.1488970518112183,546
2025-06-11 20:00:00+00:00,1.1490291357040405,1.1491611003875732,1.148369312286377,1.1486331224441528,479
2025-06-11 21:00:00+00:00,1.1490291357040405,1.1491611003875732,1.1479737758636475,1.1479737758636475,339
2025-06-11 22:00:00+00:00,1.1512778997421265,1.1512778997421265,1.1494252681732178,1.1494252681732178,513
2025-06-11 23:00:00+00:00,1.1512778997421265,1.1516757011413574,1.1508804559707642,1.151145339012146,409
2025-06-12 00:00:00+00:00,1.1526048183441162,1.1530035734176636,1.150483250617981,1.1512778997421265,627
2025-06-12 01:00:00+00:00,1.1522064208984375,1.1531364917755127,1.1518083810806274,1.152339220046997,948
2025-06-12 02:00:00+00:00,1.151410460472107,1.1520737409591675,1.151145339012146,1.1520737409591675,479
2025-06-12 03:00:00+00:00,1.152339220046997,1.1524720191955566,1.151410460472107,1.151410460472107,776
2025-06-12 04:00:00+00:00,1.1519410610198975,1.1522064208984375,1.1516757011413574,1.1522064208984375,814
2025-06-12 05:00:00+00:00,1.1531364917755127,1.1532695293426514,1.151410460472107,1.1516757011413574,859
2025-06-12 06:00:00+00:00,1.1524720191955566,1.15340256690979,1.151543140411377,1.1530035734176636,842
2025-06-12 07:00:00+00:00,1.1530035734176636,1.1530035734176636,1.151145339012146,1.1522064208984375,580
2025-06-12 08:00:00+00:00,1.1548677682876587,1.155001163482666,1.1527377367019653,1.1528706550598145,607
2025-06-12 09:00:00+00:00,1.1575413942337036,1.1582117080688477,1.1544678211212158,1.1546010971069336,499
2025-06-12 10:00:00+00:00,1.15968918800354,1.1602274179458618,1.157139539718628,1.1574074029922485,740
2025-06-12 11:00:00+00:00,1.1592857837677002,1.1609008312225342,1.1588828563690186,1.1599582433700562,333
2025-06-12 12:00:00+00:00,1.161440134048462,1.1634671688079834,1.1592857837677002,1.1592857837677002,975
2025-06-12 13:00:00+00:00,1.1588828563690186,1.1621150970458984,1.1584800481796265,1.1615750789642334,855
2025-06-12 14:00:00+00:00,1.1584800481796265,1.1592857837677002,1.1582117080688477,1.1588828563690186,443
2025-06-12 15:00:00+00:00,1.158077597618103,1.1587486267089844,1.157139539718628,1.1584800481796265,750
2025-06-12 16:00:00+00:00,1.1578094959259033,1.1582117080688477,1.1570056676864624,1.1578094959259033,911
2025-06-12 17:00:00+00:00,1.1579434871673584,1.1582117080688477,1.156738042831421,1.1578094959259033,639
2025-06-12 18:00:00+00:00,1.1582117080688477,1.1582117080688477,1.1574074029922485,1.1576753854751587,849
2025-06-12 19:00:00+00:00,1.158077597618103,1.1583458185195923,1.1579434871673584,1.1579434871673584,390
2025-06-12 20:00:00+00:00,1.1588828563690186,1.1590172052383423,1.1579434871673584,1.1579434871673584,251
2025-06-12 21:00:00+00:00,1.159151554107666,1.1592857837677002,1.157139539718628,1.157139539718628,750
2025-06-12 22:00:00+00:00,1.1592857837677002,1.1595547199249268,1.159151554107666,1.1592857837677002,337
2025-06-12 23:00:00+00:00,1.1610356569290161,1.1610356569290161,1.1590172052383423,1.159151554107666,354
2025-06-13 00:00:00+00:00,1.1560693979263306,1.16130530834198,1.154334545135498,1.1609008312225342,458
2025-06-13 01:00:00+00:00,1.1551345586776733,1.1558021306991577,1.1542012691497803,1.1558021306991577,526
2025-06-13 02:00:00+00:00,1.1547343730926514,1.1560693979263306,1.154068112373352,1.1551345586776733,887
2025-06-13 03:00:00+00:00,1.1539349555969238,1.1548677682876587,1.1531364917755127,1.1548677682876587,698
2025-06-13 04:00:00+00:00,1.1528706550598145,1.154334545135498,1.1518083810806274,1.1539349555969238,236
2025-06-13 05:00:00+00:00,1.1535356044769287,1.1542012691497803,1.1516757011413574,1.1528706550598145,548
2025-06-13 06:00:00+00:00,1.1546010971069336,1.1548677682876587,1.1531364917755127,1.1536686420440674,705
2025-06-13 07:00:00+00:00,1.1539349555969238,1.156203031539917,1.1539349555969238,1.1542012691497803,145
2025-06-13 08:00:00+00:00,1.1532695293426514,1.155001163482666,1.1530035734176636,1.1539349555969238,990
2025-06-13 09:00:00+00:00,1.1526048183441162,1.1539349555969238,1.152339220046997,1.1535356044769287,892
2025-06-13 10:00:00+00:00,1.1508804559707642,1.1532695293426514,1.1495574712753296,1.1527377367019653,307
2025-06-13 11:00:00+00:00,1.151410460472107,1.151410460472107,1.1495574712753296,1.1508804559707642,583
2025-06-13 12:00:00+00:00,1.1519410610198975,1.1526048183441162,1.151145339012146,1.151410460472107,489
2025-06-13 13:00:00+00:00,1.1528706550598145,1.1530035734176636,1.1506155729293823,1.1520737409591675,183
2025-06-13 14:00:00+00:00,1.1548677682876587,1.1548677682876587,1.1527377367019653,1.1528706550598145,329
2025-06-13 15:00:00+00:00,1.1559356451034546,1.157139539718628,1.1542012691497803,1.1547343730926514,110
2025-06-13 16:00:00+00:00,1.1558021306991577,1.1568717956542969,1.1555349826812744,1.156203031539917,751
2025-06-13 17:00:00+00:00,1.1551345586776733,1.1558021306991577,1.154068112373352,1.1555349826812744,704
2025-06-13 18:00:00+00:00,1.1544678211212158,1.155401587486267,1.1539349555969238,1.155401587486267,736
2025-06-13 19:00:00+00:00,1.155401587486267,1.155401587486267,1.1542012691497803,1.154334545135498,604
2025-06-13 20:00:00+00:00,1.1558021306991577,1.1558021306991577,1.1542012691497803,1.1551345586776733,468
2025-06-13 21:00:00+00:00,1.1555349826812744,1.1555349826812744,1.1555349826812744,1.1555349826812744,224
2025-06-15 23:00:00+00:00,1.154068112373352,1.1544678211212158,1.1531364917755127,1.1544678211212158,550
2025-06-16 00:00:00+00:00,1.1539349555969238,1.155001163482666,1.1535356044769287,1.1539349555969238,824
2025-06-16 01:00:00+00:00,1.1535356044769287,1.1546010971069336,1.1535356044769287,1.1536686420440674,590
2025-06-16 02:00:00+00:00,1.15340256690979,1.1539349555969238,1.1531364917755127,1.15340256690979,157
2025-06-16 03:00:00+00:00,1.1531364917755127,1.1538017988204956,1.1527377367019653,1.15340256690979,528
2025-06-16 04:00:00+00:00,1.1539349555969238,1.154068112373352,1.1532695293426514,1.1532695293426514,516
2025-06-16 05:00:00+00:00,1.1560693979263306,1.1566041707992554,1.154068112373352,1.154068112373352,287
2025-06-16 06:00:00+00:00,1.1576753854751587,1.1576753854751587,1.1544678211212158,1.1559356451034546,745
2025-06-16 07:00:00+00:00,1.1582117080688477,1.1588828563690186,1.157139539718628,1.1575413942337036,137
2025-06-16 08:00:00+00:00,1.158077597618103,1.1587486267089844,1.1579434871673584,1.1582117080688477,844
2025-06-16 09:00:00+00:00,1.1587486267089844,1.1587486267089844,1.1579434871673584,1.158077597618103,368
2025-06-16 10:00:00+00:00,1.1579434871673584,1.1588828563690186,1.1576753854751587,1.1587486267089844,141
2025-06-16 11:00:00+00:00,1.1575413942337036,1.1586142778396606,1.1574074029922485,1.1579434871673584,656
2025-06-16 12:00:00+00:00,1.1587486267089844,1.1587486267089844,1.1575413942337036,1.1576753854751587,944
2025-06-16 13:00:00+00:00,1.1607661247253418,1.1607661247253418,1.1588828563690186,1.1590172052383423,872
2025-06-16 14:00:00+00:00,1.15968918800354,1.1617100238800049,1.1592857837677002,1.160496711730957,288
2025-06-16 15:00:00+00:00,1.1583458185195923,1.1598236560821533,1.1583458185195923,1.1594202518463135,419
2025-06-16 16:00:00+00:00,1.1587486267089844,1.1588828563690186,1.1582117080688477,1.1586142778396606,475
2025-06-16 17:00:00+00:00,1.1582117080688477,1.1588828563690186,1.1578094959259033,1.1587486267089844,133
2025-06-16 18:00:00+00:00,1.1583458185195923,1.1584800481796265,1.1578094959259033,1.158077597618103,359
2025-06-16 19:00:00+00:00,1.1558021306991577,1.158077597618103,1.1558021306991577,1.158077597618103,418
2025-06-16 20:00:00+00:00,1.156336784362793,1.156738042831421,1.1558021306991577,1.1558021306991577,626
2025-06-16 21:00:00+00:00,1.1564704179763794,1.1570056676864624,1.1551345586776733,1.1558021306991577,364
2025-06-16 22:00:00+00:00,1.1559356451034546,1.156738042831421,1.1558021306991577,1.156336784362793,439
2025-06-16 23:00:00+00:00,1.1556684970855713,1.1564704179763794,1.155401587486267,1.1559356451034546,442
2025-06-17 00:00:00+00:00,1.155401587486267,1.1555349826812744,1.1547343730926514,1.155401587486267,173
2025-06-17 01:00:00+00:00,1.1558021306991577,1.156203031539917,1.155401587486267,1.155401587486267,928
2025-06-17 02:00:00+00:00,1.156203031539917,1.156336784362793,1.155001163482666,1.1555349826812744,208
2025-06-17 03:00:00+00:00,1.1566041707992554,1.1566041707992554,1.1559356451034546,1.1560693979263306,198
2025-06-17 04:00:00+00:00,1.1566041707992554,1.1570056676864624,1.156336784362793,1.1566041707992554,676
2025-06-17 05:00:00+00:00,1.1560693979263306,1.1568717956542969,1.1556684970855713,1.1564704179763794,551
2025-06-17 06:00:00+00:00,1.1566041707992554,1.1575413942337036,1.1556684970855713,1.1559356451034546,450
2025-06-17 07:00:00+00:00,1.156203031539917,1.1566041707992554,1.1551345586776733,1.1564704179763794,842
2025-06-17 08:00:00+00:00,1.1556684970855713,1.156203031539917,1.155401587486267,1.156203031539917,868
2025-06-17 09:00:00+00:00,1.1559356451034546,1.1564704179763794,1.155401587486267,1.1559356451034546,664
2025-06-17 10:00:00+00:00,1.157139539718628,1.157139539718628,1.1559356451034546,1.1560693979263306,240
2025-06-17 11:00:00+00:00,1.1564704179763794,1.1576753854751587,1.156203031539917,1.157273530960083,553
2025-06-17 12:00:00+00:00,1.155401587486267,1.1575413942337036,1.155401587486267,1.1566041707992554,312
2025-06-17 13:00:00+00:00,1.156336784362793,1.157273530960083,1.1555349826812744,1.1556684970855713,737
2025-06-17 14:00:00+00:00,1.1530035734176636,1.156336784362793,1.151543140411377,1.156203031539917,963
2025-06-17 15:00:00+00:00,1.1536686420440674,1.1538017988204956,1.152339220046997,1.1528706550598145,895
2025-06-17 16:00:00+00:00,1.1502184867858887,1.154334545135498,1.1502184867858887,1.1538017988204956,319
2025-06-17 17:00:00+00:00,1.1490291357040405,1.151145339012146,1.1481056213378906,1.1506155729293823,991
2025-06-17 18:00:00+00:00,1.1482374668121338,1.1492931842803955,1.1478420495986938,1.1487650871276855,685
2025-06-17 19:00:00+00:00,1.1487650871276855,1.1491611003875732,1.1481056213378906,1.1482374668121338,548
2025-06-17 20:00:00+00:00,1.148369312286377,1.1488970518112183,1.1478420495986938,1.1487650871276855,453
2025-06-17 21:00:00+00:00,1.1486331224441528,1.1491611003875732,1.148369312286377,1.148369312286377,879
2025-06-17 22:00:00+00:00,1.1478420495986938,1.1487650871276855,1.1478420495986938,1.1486331224441528,532
2025-06-17 23:00:00+00:00,1.1479737758636475,1.1482374668121338,1.1478420495986938,1.1482374668121338,592
2025-06-18 00:00:00+00:00,1.1496896743774414,1.1499539613723755,1.1485011577606201,1.1486331224441528,873
2025-06-18 01:00:00+00:00,1.1500862836837769,1.15035080909729,1.1494252681732178,1.1496896743774414,203
2025-06-18 02:00:00+00:00,1.1500862836837769,1.15035080909729,1.1496896743774414,1.1498217582702637,842
2025-06-18 03:00:00+00:00,1.15035080909729,1.1508804559707642,1.1500862836837769,1.1502184867858887,186
2025-06-18 04:00:00+00:00,1.1508804559707642,1.151012897491455,1.1500862836837769,1.1502184867858887,624
2025-06-18 05:00:00+00:00,1.1508804559707642,1.151012897491455,1.150483250617981,1.1508804559707642,677
2025-06-18 06:00:00+00:00,1.151410460472107,1.1518083810806274,1.150483250617981,1.1507480144500732,800
2025-06-18 07:00:00+00:00,1.1518083810806274,1.1524720191955566,1.151410460472107,1.151410460472107,816
2025-06-18 08:00:00+00:00,1.150483250617981,1.1519410610198975,1.15035080909729,1.1516757011413574,632
2025-06-18 09:00:00+00:00,1.1507480144500732,1.1512778997421265,1.1502184867858887,1.1506155729293823,187
2025-06-18 10:00:00+00:00,1.1496896743774414,1.1512778997421265,1.1495574712753296,1.1506155729293823,772
2025-06-18 11:00:00+00:00,1.151012897491455,1.151145339012146,1.1495574712753296,1.1495574712753296,346
2025-06-18 12:00:00+00:00,1.151012897491455,1.1519410610198975,1.1506155729293823,1.151012897491455,224
2025-06-18 13:00:00+00:00,1.1492931842803955,1.151145339012146,1.1492931842803955,1.1508804559707642,796
2025-06-18 14:00:00+00:00,1.151012897491455,1.1520737409591675,1.1490291357040405,1.1490291357040405,287
2025-06-18 15:00:00+00:00,1.1524720191955566,1.1530035734176636,1.151012897491455,1.151012897491455,354
2025-06-18 16:00:00+00:00,1.1506155729293823,1.1527377367019653,1.150483250617981,1.152339220046997,934
2025-06-18 17:00:00+00:00,1.1502184867858887,1.1512778997421265,1.1494252681732178,1.1506155729293823,136
2025-06-18 18:00:00+00:00,1.1479737758636475,1.1528706550598145,1.1479737758636475,1.1528706550598145,659
2025-06-18 19:00:00+00:00,1.1478420495986938,1.1487650871276855,1.1466574668884277,1.1478420495986938,142
2025-06-18 20:00:00+00:00,1.148369312286377,1.1487650871276855,1.1477103233337402,1.1477103233337402,603
2025-06-18 21:00:00+00:00,1.1485011577606201,1.1487650871276855,1.1462632417678833,1.1462632417678833,250
2025-06-18 22:00:00+00:00,1.1482374668121338,1.1491611003875732,1.1479737758636475,1.1486331224441528,313
2025-06-18 23:00:00+00:00,1.1479737758636475,1.1485011577606201,1.1475785970687866,1.148369312286377,650
2025-06-19 00:00:00+00:00,1.1485011577606201,1.1486331224441528,1.1477103233337402,1.1479737758636475,740
2025-06-19 01:00:00+00:00,1.1456066370010376,1.148369312286377,1.1456066370010376,1.148369312286377,835
2025-06-19 02:00:00+00:00,1.1458691358566284,1.1461317539215088,1.1454753875732422,1.1458691358566284,210
2025-06-19 03:00:00+00:00,1.1469204425811768,1.1470520496368408,1.145737886428833,1.1458691358566284,256
2025-06-19 04:00:00+00:00,1.147315263748169,1.147315263748169,1.1466574668884277,1.1469204425811768,875
2025-06-19 05:00:00+00:00,1.1460003852844238,1.1471836566925049,1.1454753875732422,1.1470520496368408,481
2025-06-19 06:00:00+00:00,1.1470520496368408,1.1470520496368408,1.145081877708435,1.1461317539215088,602
2025-06-19 07:00:00+00:00,1.1465259790420532,1.1479737758636475,1.1463946104049683,1.1469204425811768,613
2025-06-19 08:00:00+00:00,1.1481056213378906,1.1482374668121338,1.1462632417678833,1.1462632417678833,294
2025-06-19 09:00:00+00:00,1.1478420495986938,1.1482374668121338,1.147446870803833,1.1478420495986938,222
2025-06-19 10:00:00+00:00,1.1477103233337402,1.1482374668121338,1.147315263748169,1.1478420495986938,409
2025-06-19 11:00:00+00:00,1.148369312286377,1.1488970518112183,1.1470520496368408,1.147446870803833,254
2025-06-19 12:00:00+00:00,1.1481056213378906,1.1487650871276855,1.147446870803833,1.148369312286377,376
2025-06-19 13:00:00+00:00,1.1475785970687866,1.1487650871276855,1.147446870803833,1.1481056213378906,769
2025-06-19 14:00:00+00:00,1.1471836566925049,1.148369312286377,1.1465259790420532,1.1477103233337402,751
2025-06-19 15:00:00+00:00,1.1463946104049683,1.147446870803833,1.1463946104049683,1.1471836566925049,558
2025-06-19 16:00:00+00:00,1.1460003852844238,1.1463946104049683,1.1458691358566284,1.1462632417678833,258
2025-06-19 17:00:00+00:00,1.1482374668121338,1.1485011577606201,1.1458691358566284,1.1458691358566284,339
2025-06-19 18:00:00+00:00,1.1488970518112183,1.1490291357040405,1.1481056213378906,1.1482374668121338,246
2025-06-19 19:00:00+00:00,1.1500862836837769,1.15035080909729,1.1487650871276855,1.1488970518112183,837
2025-06-19 20:00:00+00:00,1.1500862836837769,1.15035080909729,1.1495574712753296,1.1499539613723755,289
2025-06-19 21:00:00+00:00,1.1498217582702637,1.150483250617981,1.1495574712753296,1.150483250617981,859
2025-06-19 22:00:00+00:00,1.1500862836837769,1.15035080909729,1.1495574712753296,1.1499539613723755,927
2025-06-19 23:00:00+00:00,1.151543140411377,1.151543140411377,1.1500862836837769,1.1500862836837769,150
2025-06-20 00:00:00+00:00,1.1526048183441162,1.1527377367019653,1.151543140411377,1.1516757011413574,227
2025-06-20 01:00:00+00:00,1.1518083810806274,1.1526048183441162,1.1518083810806274,1.1524720191955566,204
2025-06-20 02:00:00+00:00,1.1522064208984375,1.1524720191955566,1.151543140411377,1.151543140411377,730
2025-06-20 03:00:00+00:00,1.1532695293426514,1.15340256690979,1.1519410610198975,1.1520737409591675,535
2025-06-20 04:00:00+00:00,1.1530035734176636,1.1535356044769287,1.1528706550598145,1.1532695293426514,281
2025-06-20 05:00:00+00:00,1.1531364917755127,1.1531364917755127,1.152339220046997,1.1530035734176636,684
2025-06-20 06:00:00+00:00,1.1519410610198975,1.1532695293426514,1.1518083810806274,1.1526048183441162,669
2025-06-20 07:00:00+00:00,1.1519410610198975,1.1522064208984375,1.151410460472107,1.1518083810806274,486
2025-06-20 08:00:00+00:00,1.1527377367019653,1.1528706550598145,1.151543140411377,1.1519410610198975,243
2025-06-20 09:00:00+00:00,1.1530035734176636,1.1531364917755127,1.152339220046997,1.1526048183441162,286
2025-06-20 10:00:00+00:00,1.1527377367019653,1.1538017988204956,1.1526048183441162,1.1531364917755127,850
2025-06-20 11:00:00+00:00,1.1526048183441162,1.1527377367019653,1.151543140411377,1.1526048183441162,827
2025-06-20 12:00:00+00:00,1.151543140411377,1.1528706550598145,1.1508804559707642,1.152339220046997,717
2025-06-20 13:00:00+00:00,1.1522064208984375,1.152339220046997,1.1512778997421265,1.1516757011413574,649
2025-06-20 14:00:00+00:00,1.1516757011413574,1.1522064208984375,1.1499539613723755,1.1522064208984375,754
2025-06-20 15:00:00+00:00,1.152339220046997,1.1528706550598145,1.151543140411377,1.1516757011413574,931
2025-06-20 16:00:00+00:00,1.154068112373352,1.154068112373352,1.1524720191955566,1.1524720191955566,997
2025-06-20 17:00:00+00:00,1.1536686420440674,1.1547343730926514,1.1536686420440674,1.1539349555969238,589
2025-06-20 18:00:00+00:00,1.1531364917755127,1.1539349555969238,1.1531364917755127,1.1535356044769287,471
2025-06-20 19:00:00+00:00,1.1519410610198975,1.1535356044769287,1.1519410610198975,1.1532695293426514,580
2025-06-20 20:00:00+00:00,1.1526048183441162,1.1526048183441162,1.1516757011413574,1.1516757011413574,909
2025-06-20 21:00:00+00:00,1.1526048183441162,1.1526048183441162,1.1526048183441162,1.1526048183441162,898
2025-06-22 23:00:00+00:00,1.15035080909729,1.151012897491455,1.1490291357040405,1.1491611003875732,579
2025-06-23 00:00:00+00:00,1.1491611003875732,1.1507480144500732,1.1485011577606201,1.150483250617981,726
2025-06-23 01:00:00+00:00,1.1495574712753296,1.1495574712753296,1.1477103233337402,1.1492931842803955,224
2025-06-23 02:00:00+00:00,1.15035080909729,1.151012897491455,1.1498217582702637,1.1499539613723755,718
2025-06-23 03:00:00+00:00,1.1496896743774414,1.150483250617981,1.1495574712753296,1.150483250617981,154
2025-06-23 04:00:00+00:00,1.1494252681732178,1.1499539613723755,1.1488970518112183,1.1496896743774414,364
2025-06-23 05:00:00+00:00,1.151543140411377,1.1516757011413574,1.1495574712753296,1.1495574712753296,643
2025-06-23 06:00:00+00:00,1.1508804559707642,1.152339220046997,1.1508804559707642,1.1520737409591675,160
2025-06-23 07:00:00+00:00,1.15035080909729,1.1518083810806274,1.1496896743774414,1.1518083810806274,624
2025-06-23 08:00:00+00:00,1.1485011577606201,1.1500862836837769,1.1485011577606201,1.1500862836837769,262
2025-06-23 09:00:00+00:00,1.1477103233337402,1.1485011577606201,1.145737886428833,1.1485011577606201,774
2025-06-23 10:00:00+00:00,1.1466574668884277,1.1482374668121338,1.1462632417678833,1.147315263748169,157
2025-06-23 11:00:00+00:00,1.1477103233337402,1.1477103233337402,1.1463946104049683,1.1467890739440918,391
2025-06-23 12:00:00+00:00,1.1470520496368408,1.1479737758636475,1.1461317539215088,1.1477103233337402,395
2025-06-23 13:00:00+00:00,1.1492931842803955,1.1496896743774414,1.1469204425811768,1.1470520496368408,474
2025-06-23 14:00:00+00:00,1.15340256690979,1.154068112373352,1.150483250617981,1.150483250617981,101
2025-06-23 15:00:00+00:00,1.154068112373352,1.1552680730819702,1.1532695293426514,1.1532695293426514,963
2025-06-23 16:00:00+00:00,1.1548677682876587,1.1558021306991577,1.1524720191955566,1.1542012691497803,481
2025-06-23 17:00:00+00:00,1.157273530960083,1.1575413942337036,1.1547343730926514,1.1547343730926514,260
2025-06-23 18:00:00+00:00,1.1578094959259033,1.158077597618103,1.1570056676864624,1.1575413942337036,721
2025-06-23 19:00:00+00:00,1.158077597618103,1.1582117080688477,1.1574074029922485,1.1578094959259033,260
2025-06-23 20:00:00+00:00,1.158077597618103,1.1584800481796265,1.1579434871673584,1.1579434871673584,753
2025-06-23 21:00:00+00:00,1.1579434871673584,1.1590172052383423,1.1575413942337036,1.1590172052383423,575
2025-06-23 22:00:00+00:00,1.1595547199249268,1.1603620052337646,1.1578094959259033,1.1579434871673584,761
2025-06-23 23:00:00+00:00,1.160092830657959,1.161170482635498,1.1592857837677002,1.1592857837677002,691
2025-06-24 00:00:00+00:00,1.1602274179458618,1.161170482635498,1.1594202518463135,1.1602274179458618,928
2025-06-24 01:00:00+00:00,1.1594202518463135,1.1607661247253418,1.1594202518463135,1.1599582433700562,783
2025-06-24 02:00:00+00:00,1.1603620052337646,1.160496711730957,1.1590172052383423,1.1595547199249268,315
2025-06-24 03:00:00+00:00,1.1609008312225342,1.16130530834198,1.160496711730957,1.160496711730957,526
2025-06-24 04:00:00+00:00,1.1610356569290161,1.1617100238800049,1.1606314182281494,1.1609008312225342,368
2025-06-24 05:00:00+00:00,1.161440134048462,1.1617100238800049,1.160496711730957,1.1607661247253418,136
2025-06-24 06:00:00+00:00,1.1609008312225342,1.162520408630371,1.160496711730957,1.1615750789642334,330
2025-06-24 07:00:00+00:00,1.1595547199249268,1.16130530834198,1.1587486267089844,1.1607661247253418,186
2025-06-24 08:00:00+00:00,1.1595547199249268,1.1602274179458618,1.159151554107666,1.1598236560821533,713
2025-06-24 09:00:00+00:00,1.161440134048462,1.1621150970458984,1.1595547199249268,1.1595547199249268,117
2025-06-24 10:00:00+00:00,1.1599582433700562,1.161170482635498,1.1598236560821533,1.161170482635498,246
2025-06-24 11:00:00+00:00,1.161170482635498,1.1618449687957764,1.160092830657959,1.1602274179458618,333
2025-06-24 12:00:00+00:00,1.1603620052337646,1.16130530834198,1.160092830657959,1.1609008312225342,134
2025-06-24 13:00:00+00:00,1.1594202518463135,1.1606314182281494,1.1586142778396606,1.1606314182281494,586
2025-06-24 14:00:00+00:00,1.1619800329208374,1.1641442775726318,1.1595547199249268,1.1595547199249268,582
2025-06-24 15:00:00+00:00,1.16130530834198,1.1634671688079834,1.161170482635498,1.1621150970458984,799
2025-06-24 16:00:00+00:00,1.1627906560897827,1.1627906560897827,1.1609008312225342,1.16130530834198,485
2025-06-24 17:00:00+00:00,1.1629259586334229,1.1634671688079834,1.1626555919647217,1.1626555919647217,205
2025-06-24 18:00:00+00:00,1.1626555919647217,1.1631964445114136,1.1623852252960205,1.163061261177063,815
2025-06-24 19:00:00+00:00,1.1615750789642334,1.1627906560897827,1.1615750789642334,1.1626555919647217,543
2025-06-24 20:00:00+00:00,1.161170482635498,1.1618449687957764,1.161170482635498,1.161440134048462,555
2025-06-24 21:00:00+00:00,1.1618449687957764,1.162520408630371,1.1609008312225342,1.1617100238800049,242
2025-06-24 22:00:00+00:00,1.1610356569290161,1.1615750789642334,1.1607661247253418,1.16130530834198,138
2025-06-24 23:00:00+00:00,1.1615750789642334,1.1618449687957764,1.161170482635498,1.161170482635498,814
2025-06-25 00:00:00+00:00,1.1629259586334229,1.1629259586334229,1.161440134048462,1.161440134048462,801
2025-06-25 01:00:00+00:00,1.1631964445114136,1.1634671688079834,1.16225004196167,1.1629259586334229,513
2025-06-25 02:00:00+00:00,1.1623852252960205,1.1631964445114136,1.1621150970458984,1.1631964445114136,680
2025-06-25 03:00:00+00:00,1.1615750789642334,1.162520408630371,1.161440134048462,1.1623852252960205,916
2025-06-25 04:00:00+00:00,1.1617100238800049,1.1621150970458984,1.1615750789642334,1.1615750789642334,804
2025-06-25 05:00:00+00:00,1.16225004196167,1.16225004196167,1.16130530834198,1.1615750789642334,411
2025-06-25 06:00:00+00:00,1.1610356569290161,1.162520408630371,1.1610356569290161,1.1621150970458984,298
2025-06-25 07:00:00+00:00,1.1603620052337646,1.161170482635498,1.1594202518463135,1.1607661247253418,781
2025-06-25 08:00:00+00:00,1.16130530834198,1.161440134048462,1.1598236560821533,1.1603620052337646,869
2025-06-25 09:00:00+00:00,1.1603620052337646,1.161440134048462,1.15968918800354,1.161440134048462,169
2025-06-25 10:00:00+00:00,1.1607661247253418,1.161170482635498,1.160092830657959,1.160496711730957,302
2025-06-25 11:00:00+00:00,1.1603620052337646,1.1615750789642334,1.160092830657959,1.1607661247253418,725
2025-06-25 12:00:00+00:00,1.1595547199249268,1.1607661247253418,1.1594202518463135,1.1602274179458618,649
2025-06-25 13:00:00+00:00,1.160496711730957,1.1610356569290161,1.1594202518463135,1.1595547199249268,709
2025-06-25 14:00:00+00:00,1.1623852252960205,1.1626555919647217,1.1606314182281494,1.1606314182281494,247
2025-06-25 15:00:00+00:00,1.1623852252960205,1.1631964445114136,1.1621150970458984,1.1623852252960205,446
2025-06-25 16:00:00+00:00,1.1634671688079834,1.163873314857483,1.1627906560897827,1.1627906560897827,307
2025-06-25 17:00:00+00:00,1.1645511388778687,1.164686679840088,1.163061261177063,1.1633317470550537,785
2025-06-25 18:00:00+00:00,1.1664528846740723,1.1664528846740723,1.1645511388778687,1.164686679840088,774
2025-06-25 19:00:00+00:00,1.16604483127594,1.1668611764907837,1.16604483127594,1.1665889024734497,944
2025-06-25 20:00:00+00:00,1.1663167476654053,1.1664528846740723,1.1655012369155884,1.1661807298660278,810
2025-06-25 21:00:00+00:00,1.16604483127594,1.1663167476654053,1.1655012369155884,1.1657729148864746,410
2025-06-25 22:00:00+00:00,1.1663167476654053,1.1663167476654053,1.1659088134765625,1.16604483127594,292
2025-06-25 23:00:00+00:00,1.168770432472229,1.168770432472229,1.1667250394821167,1.1668611764907837,655
2025-06-26 00:00:00+00:00,1.1684973239898682,1.1691803932189941,1.1683608293533325,1.168770432472229,774
2025-06-26 01:00:00+00:00,1.1689070463180542,1.1690436601638794,1.1672697067260742,1.1684973239898682,879
2025-06-26 02:00:00+00:00,1.1693171262741089,1.169864296913147,1.1686338186264038,1.1690436601638794,240
2025-06-26 03:00:00+00:00,1.169864296913147,1.1712344884872437,1.1693171262741089,1.1693171262741089,598
2025-06-26 04:00:00+00:00,1.1683608293533325,1.1695905923843384,1.1682243347167969,1.1695905923843384,960
2025-06-26 05:00:00+00:00,1.168770432472229,1.168770432472229,1.1679514646530151,1.1682243347167969,963
2025-06-26 06:00:00+00:00,1.1702749729156494,1.1702749729156494,1.1679514646530151,1.1684973239898682,989
2025-06-26 07:00:00+00:00,1.1710972785949707,1.1716461181640625,1.1695905923843384,1.1700011491775513,668
2025-06-26 08:00:00+00:00,1.1731581687927246,1.1745359897613525,1.1710972785949707,1.1712344884872437,513
2025-06-26 09:00:00+00:00,1.1728830337524414,1.1731581687927246,1.1716461181640625,1.1730204820632935,632
2025-06-26 10:00:00+00:00,1.1719207763671875,1.1732958555221558,1.171783447265625,1.1728830337524414,176
2025-06-26 11:00:00+00:00,1.169864296913147,1.171783447265625,1.169864296913147,1.171783447265625,590
2025-06-26 12:00:00+00:00,1.1709601879119873,1.1715089082717896,1.1694538593292236,1.1697274446487427,259
2025-06-26 13:00:00+00:00,1.172195553779602,1.172333002090454,1.1700011491775513,1.1712344884872437,660
2025-06-26 14:00:00+00:00,1.1712344884872437,1.172195553779602,1.1710972785949707,1.1715089082717896,182
2025-06-26 15:00:00+00:00,1.1719207763671875,1.1719207763671875,1.1695905923843384,1.1712344884872437,659
2025-06-26 16:00:00+00:00,1.1732958555221558,1.1742602586746216,1.1716461181640625,1.1719207763671875,687
2025-06-26 17:00:00+00:00,1.1728830337524414,1.173433542251587,1.1724703311920166,1.1731581687927246,835
2025-06-26 18:00:00+00:00,1.172333002090454,1.1731581687927246,1.172195553779602,1.1727453470230103,567
2025-06-26 19:00:00+00:00,1.170823097229004,1.172333002090454,1.170823097229004,1.172333002090454,120
2025-06-26 20:00:00+00:00,1.1704120635986328,1.1712344884872437,1.169864296913147,1.1712344884872437,742
2025-06-26 21:00:00+00:00,1.1702749729156494,1.1706860065460205,1.1695905923843384,1.1704120635986328,202
2025-06-26 22:00:00+00:00,1.168770432472229,1.1701380014419556,1.1684973239898682,1.1701380014419556,255
2025-06-26 23:00:00+00:00,1.1695905923843384,1.1701380014419556,1.1689070463180542,1.1689070463180542,826
2025-06-27 00:00:00+00:00,1.1695905923843384,1.1700011491775513,1.1693171262741089,1.1697274446487427,461
2025-06-27 01:00:00+00:00,1.1704120635986328,1.1706860065460205,1.1690436601638794,1.1694538593292236,393
2025-06-27 02:00:00+00:00,1.1702749729156494,1.170823097229004,1.1690436601638794,1.1704120635986328,541
2025-06-27 03:00:00+00:00,1.169864296913147,1.1710972785949707,1.169864296913147,1.1702749729156494,547
2025-06-27 04:00:00+00:00,1.1689070463180542,1.1701380014419556,1.1689070463180542,1.169864296913147,455
2025-06-27 05:00:00+00:00,1.1691803932189941,1.1697274446487427,1.1689070463180542,1.1691803932189941,597
2025-06-27 06:00:00+00:00,1.17205810546875,1.17205810546875,1.168770432472229,1.1691803932189941,711
2025-06-27 07:00:00+00:00,1.171783447265625,1.1730204820632935,1.1712344884872437,1.172333002090454,959
2025-06-27 08:00:00+00:00,1.1712344884872437,1.1728830337524414,1.1712344884872437,1.172195553779602,897
2025-06-27 09:00:00+00:00,1.1713716983795166,1.1715089082717896,1.170548915863037,1.1712344884872437,159
2025-06-27 10:00:00+00:00,1.171783447265625,1.171783447265625,1.170548915863037,1.1713716983795166,949
2025-06-27 11:00:00+00:00,1.171783447265625,1.172333002090454,1.1715089082717896,1.1716461181640625,812
2025-06-27 12:00:00+00:00,1.1749500036239624,1.1750881671905518,1.170823097229004,1.1713716983795166,749
2025-06-27 13:00:00+00:00,1.1732958555221558,1.1752262115478516,1.17205810546875,1.1752262115478516,148
2025-06-27 14:00:00+00:00,1.172195553779602,1.1741223335266113,1.1709601879119873,1.1730204820632935,953
2025-06-27 15:00:00+00:00,1.1727453470230103,1.173433542251587,1.1715089082717896,1.172195553779602,322
2025-06-27 16:00:00+00:00,1.1724703311920166,1.1735711097717285,1.172195553779602,1.1726078987121582,276
2025-06-27 17:00:00+00:00,1.170548915863037,1.1726078987121582,1.169864296913147,1.172333002090454,643
2025-06-27 18:00:00+00:00,1.1702749729156494,1.1706860065460205,1.1691803932189941,1.1706860065460205,676
2025-06-27 19:00:00+00:00,1.1709601879119873,1.1712344884872437,1.1702749729156494,1.1702749729156494,993
2025-06-27 20:00:00+00:00,1.172195553779602,1.1727453470230103,1.1710972785949707,1.1710972785949707,849
2025-06-27 21:00:00+00:00,1.1719207763671875,1.1719207763671875,1.1719207763671875,1.1719207763671875,566
2025-06-29 23:00:00+00:00,1.1730204820632935,1.1741223335266113,1.1730204820632935,1.173433542251587,417
2025-06-30 00:00:00+00:00,1.172195553779602,1.1731581687927246,1.1719207763671875,1.1731581687927246,357
2025-06-30 01:00:00+00:00,1.1724703311920166,1.1737089157104492,1.1719207763671875,1.17205810546875,642
2025-06-30 02:00:00+00:00,1.172333002090454,1.173433542251587,1.172195553779602,1.1727453470230103,525
2025-06-30 03:00:00+00:00,1.1716461181640625,1.1726078987121582,1.1715089082717896,1.17205810546875,665
2025-06-30 04:00:00+00:00,1.173433542251587,1.173433542251587,1.1716461181640625,1.1716461181640625,902
2025-06-30 05:00:00+00:00,1.1728830337524414,1.1741223335266113,1.1727453470230103,1.173433542251587,273
2025-06-30 06:00:00+00:00,1.1748120784759521,1.175364375114441,1.1724703311920166,1.1728830337524414,400
2025-06-30 07:00:00+00:00,1.1728830337524414,1.1745359897613525,1.1728830337524414,1.1745359897613525,870
2025-06-30 08:00:00+00:00,1.1732958555221558,1.1732958555221558,1.172195553779602,1.1727453470230103,579
2025-06-30 09:00:00+00:00,1.172333002090454,1.1735711097717285,1.17205810546875,1.1730204820632935,525
2025-06-30 10:00:00+00:00,1.1728830337524414,1.1728830337524414,1.17205810546875,1.17205810546875,962
2025-06-30 11:00:00+00:00,1.1726078987121582,1.173433542251587,1.1726078987121582,1.1728830337524414,126
2025-06-30 12:00:00+00:00,1.1716461181640625,1.1728830337524414,1.1712344884872437,1.1728830337524414,122
2025-06-30 13:00:00+00:00,1.172195553779602,1.1724703311920166,1.1716461181640625,1.171783447265625,978
2025-06-30 14:00:00+00:00,1.1742602586746216,1.1752262115478516,1.1715089082717896,1.172333002090454,737
2025-06-30 15:00:00+00:00,1.1774401664733887,1.1774401664733887,1.17384672164917,1.17384672164917,321
2025-06-30 16:00:00+00:00,1.1766090393066406,1.1773016452789307,1.175364375114441,1.177024483680725,354
2025-06-30 17:00:00+00:00,1.177024483680725,1.1774401664733887,1.1764705181121826,1.1766090393066406,280
2025-06-30 18:00:00+00:00,1.177994966506958,1.1782727241516113,1.176885962486267,1.177024483680725,166
2025-06-30 19:00:00+00:00,1.1784114837646484,1.1784114837646484,1.1775789260864258,1.1775789260864258,683
2025-06-30 20:00:00+00:00,1.1791062355041504,1.1792453527450562,1.1782727241516113,1.1782727241516113,252
2025-06-30 21:00:00+00:00,1.1786893606185913,1.1793843507766724,1.1781338453292847,1.1793843507766724,460
2025-06-30 22:00:00+00:00,1.178828239440918,1.1793843507766724,1.178550362586975,1.1791062355041504,660
2025-06-30 23:00:00+00:00,1.1789672374725342,1.1791062355041504,1.1786893606185913,1.178828239440918,592
2025-07-01 00:00:00+00:00,1.1800801753997803,1.1800801753997803,1.1791062355041504,1.1793843507766724,876
2025-07-01 01:00:00+00:00,1.1784114837646484,1.1809163093566895,1.1784114837646484,1.1800801753997803,860
2025-07-01 02:00:00+00:00,1.1792453527450562,1.1792453527450562,1.1782727241516113,1.1782727241516113,370
2025-07-01 03:00:00+00:00,1.1792453527450562,1.1798018217086792,1.1791062355041504,1.1791062355041504,973
2025-07-01 04:00:00+00:00,1.1789672374725342,1.1796625852584839,1.1786893606185913,1.1793843507766724,730
2025-07-01 05:00:00+00:00,1.1789672374725342,1.1792453527450562,1.1784114837646484,1.1789672374725342,445
2025-07-01 06:00:00+00:00,1.1782727241516113,1.1789672374725342,1.177994966506958,1.178828239440918,469
2025-07-01 07:00:00+00:00,1.1789672374725342,1.1791062355041504,1.1773016452789307,1.1782727241516113,322
2025-07-01 08:00:00+00:00,1.1809163093566895,1.1818934679031372,1.1778563261032104,1.1786893606185913,309
2025-07-01 09:00:00+00:00,1.1817537546157837,1.1831519603729248,1.1800801753997803,1.1806375980377197,365
2025-07-01 10:00:00+00:00,1.1816140413284302,1.1825922727584839,1.1814744472503662,1.1820330619812012,219
2025-07-01 11:00:00+00:00,1.1817537546157837,1.1821727752685547,1.1809163093566895,1.1814744472503662,828
2025-07-01 12:00:00+00:00,1.1806375980377197,1.1820330619812012,1.1806375980377197,1.1818934679031372,346
2025-07-01 13:00:00+00:00,1.1809163093566895,1.1810559034347534,1.1798018217086792,1.1806375980377197,824
2025-07-01 14:00:00+00:00,1.178550362586975,1.18035888671875,1.177994966506958,1.1791062355041504,286
2025-07-01 15:00:00+00:00,1.177994966506958,1.1782727241516113,1.1773016452789307,1.1781338453292847,568
2025-07-01 16:00:00+00:00,1.176747441291809,1.1778563261032104,1.1764705181121826,1.1777175664901733,545
2025-07-01 17:00:00+00:00,1.1786893606185913,1.1786893606185913,1.177024483680725,1.177163004875183,108
2025-07-01 18:00:00+00:00,1.1782727241516113,1.178550362586975,1.1778563261032104,1.178550362586975,509
2025-07-01 19:00:00+00:00,1.1793843507766724,1.1793843507766724,1.1784114837646484,1.1784114837646484,685
2025-07-01 20:00:00+00:00,1.1809163093566895,1.1810559034347534,1.1796625852584839,1.1796625852584839,294
2025-07-01 21:00:00+00:00,1.1807769536972046,1.1807769536972046,1.1802195310592651,1.1806375980377197,577
2025-07-01 22:00:00+00:00,1.1806375980377197,1.1809163093566895,1.1806375980377197,1.1809163093566895,623
2025-07-01 23:00:00+00:00,1.1809163093566895,1.1809163093566895,1.18035888671875,1.1806375980377197,603
2025-07-02 00:00:00+00:00,1.1810559034347534,1.1811953783035278,1.18035888671875,1.1807769536972046,176
2025-07-02 01:00:00+00:00,1.1796625852584839,1.1813349723815918,1.1796625852584839,1.1810559034347534,691
2025-07-02 02:00:00+00:00,1.18035888671875,1.1804981231689453,1.1792453527450562,1.1798018217086792,161
2025-07-02 03:00:00+00:00,1.18035888671875,1.1806375980377197,1.179940938949585,1.1802195310592651,316
2025-07-02 04:00:00+00:00,1.179940938949585,1.1804981231689453,1.179940938949585,1.18035888671875,332
2025-07-02 05:00:00+00:00,1.1791062355041504,1.1800801753997803,1.1789672374725342,1.179940938949585,985
2025-07-02 06:00:00+00:00,1.178550362586975,1.1796625852584839,1.1777175664901733,1.1792453527450562,511
2025-07-02 07:00:00+00:00,1.1777175664901733,1.1786893606185913,1.1775789260864258,1.1784114837646484,119
2025-07-02 08:00:00+00:00,1.177994966506958,1.1784114837646484,1.1774401664733887,1.1775789260864258,934
2025-07-02 09:00:00+00:00,1.1773016452789307,1.1782727241516113,1.177163004875183,1.177994966506958,751
2025-07-02 10:00:00+00:00,1.177024483680725,1.1784114837646484,1.176885962486267,1.1774401664733887,510
2025-07-02 11:00:00+00:00,1.1752262115478516,1.1774401664733887,1.1752262115478516,1.177163004875183,399
2025-07-02 12:00:00+00:00,1.1759172677993774,1.1789672374725342,1.1749500036239624,1.1749500036239624,178
2025-07-02 13:00:00+00:00,1.1763322353363037,1.177994966506958,1.1759172677993774,1.1759172677993774,498
2025-07-02 14:00:00+00:00,1.177024483680725,1.1773016452789307,1.1756407022476196,1.1766090393066406,390
2025-07-02 15:00:00+00:00,1.1792453527450562,1.1792453527450562,1.177024483680725,1.177163004875183,121
2025-07-02 16:00:00+00:00,1.1791062355041504,1.1796625852584839,1.1789672374725342,1.1792453527450562,226
2025-07-02 17:00:00+00:00,1.179940938949585,1.1802195310592651,1.1792453527450562,1.1792453527450562,777
2025-07-02 18:00:00+00:00,1.18035888671875,1.18035888671875,1.1796625852584839,1.1796625852584839,367
2025-07-02 19:00:00+00:00,1.1806375980377197,1.1806375980377197,1.179940938949585,1.1802195310592651,869
2025-07-02 20:00:00+00:00,1.18035888671875,1.1804981231689453,1.1798018217086792,1.1804981231689453,124
2025-07-02 21:00:00+00:00,1.1802195310592651,1.18035888671875,1.1789672374725342,1.1795234680175781,785
2025-07-02 22:00:00+00:00,1.1802195310592651,1.1804981231689453,1.1800801753997803,1.1800801753997803,848
2025-07-02 23:00:00+00:00,1.1802195310592651,1.1804981231689453,1.1800801753997803,1.1802195310592651,393
2025-07-03 00:00:00+00:00,1.1810559034347534,1.1813349723815918,1.1802195310592651,1.18035888671875,806
2025-07-03 01:00:00+00:00,1.1807769536972046,1.1813349723815918,1.1807769536972046,1.1809163093566895,461
2025-07-03 02:00:00+00:00,1.1800801753997803,1.1807769536972046,1.1798018217086792,1.1807769536972046,122
2025-07-03 03:00:00+00:00,1.1795234680175781,1.18035888671875,1.1792453527450562,1.1800801753997803,716
2025-07-03 04:00:00+00:00,1.1792453527450562,1.1796625852584839,1.1791062355041504,1.1796625852584839,451
2025-07-03 05:00:00+00:00,1.179940938949585,1.179940938949585,1.1789672374725342,1.1792453527450562,443
2025-07-03 06:00:00+00:00,1.1806375980377197,1.1806375980377197,1.1795234680175781,1.179940938949585,647
2025-07-03 07:00:00+00:00,1.1806375980377197,1.1813349723815918,1.1798018217086792,1.1806375980377197,943
2025-07-03 08:00:00+00:00,1.1802195310592651,1.1811953783035278,1.1800801753997803,1.1804981231689453,463
2025-07-03 09:00:00+00:00,1.1796625852584839,1.1800801753997803,1.1792453527450562,1.1800801753997803,505
2025-07-03 10:00:00+00:00,1.1798018217086792,1.18035888671875,1.1791062355041504,1.1795234680175781,768
2025-07-03 11:00:00+00:00,1.1786893606185913,1.1800801753997803,1.1786893606185913,1.1798018217086792,202
2025-07-03 12:00:00+00:00,1.1742602586746216,1.1792453527450562,1.172333002090454,1.1789672374725342,417
2025-07-03 13:00:00+00:00,1.1775789260864258,1.1782727241516113,1.1741223335266113,1.1742602586746216,149
2025-07-03 14:00:00+00:00,1.1756407022476196,1.1789672374725342,1.1756407022476196,1.1789672374725342,539
2025-07-03 15:00:00+00:00,1.1760554313659668,1.176885962486267,1.175364375114441,1.1755025386810303,636
2025-07-03 16:00:00+00:00,1.1755025386810303,1.1760554313659668,1.1743981838226318,1.1759172677993774,928
2025-07-03 17:00:00+00:00,1.1757789850234985,1.1761938333511353,1.175364375114441,1.1756407022476196,908
2025-07-03 18:00:00+00:00,1.1752262115478516,1.1760554313659668,1.1752262115478516,1.1756407022476196,401
2025-07-03 19:00:00+00:00,1.1752262115478516,1.1756407022476196,1.1748120784759521,1.1752262115478516,171
2025-07-03 20:00:00+00:00,1.1761938333511353,1.1763322353363037,1.1750881671905518,1.1750881671905518,585
2025-07-03 21:00:00+00:00,1.1761938333511353,1.1763322353363037,1.1756407022476196,1.1761938333511353,857
2025-07-03 22:00:00+00:00,1.1761938333511353,1.1761938333511353,1.1757789850234985,1.1760554313659668,303
2025-07-03 23:00:00+00:00,1.1774401664733887,1.1774401664733887,1.1759172677993774,1.1763322353363037,299
2025-07-04 00:00:00+00:00,1.177024483680725,1.1773016452789307,1.176747441291809,1.1773016452789307,609
2025-07-04 01:00:00+00:00,1.1763322353363037,1.1773016452789307,1.1760554313659668,1.177163004875183,946
2025-07-04 02:00:00+00:00,1.176885962486267,1.1773016452789307,1.1763322353363037,1.1763322353363037,767
2025-07-04 03:00:00+00:00,1.1774401664733887,1.1775789260864258,1.176747441291809,1.176885962486267,821
2025-07-04 04:00:00+00:00,1.1784114837646484,1.1784114837646484,1.1773016452789307,1.1773016452789307,359
2025-07-04 05:00:00+00:00,1.1786893606185913,1.178828239440918,1.1784114837646484,1.1784114837646484,953
2025-07-04 06:00:00+00:00,1.178550362586975,1.178828239440918,1.1778563261032104,1.178550362586975,104
2025-07-04 07:00:00+00:00,1.1773016452789307,1.1786893606185913,1.177163004875183,1.1784114837646484,911
2025-07-04 08:00:00+00:00,1.1778563261032104,1.1781338453292847,1.177163004875183,1.1773016452789307,376
2025-07-04 09:00:00+00:00,1.1782727241516113,1.178550362586975,1.1775789260864258,1.1778563261032104,443
2025-07-04 10:00:00+00:00,1.1781338453292847,1.1784114837646484,1.1778563261032104,1.1781338453292847,508
2025-07-04 11:00:00+00:00,1.177163004875183,1.1786893606185913,1.177163004875183,1.1781338453292847,533
2025-07-04 12:00:00+00:00,1.177024483680725,1.1774401664733887,1.176747441291809,1.177163004875183,872
2025-07-04 13:00:00+00:00,1.1784114837646484,1.1784114837646484,1.177163004875183,1.177163004875183,733
2025-07-04 14:00:00+00:00,1.1781338453292847,1.1791062355041504,1.1778563261032104,1.1782727241516113,301
2025-07-04 15:00:00+00:00,1.1782727241516113,1.178828239440918,1.177994966506958,1.1781338453292847,969
2025-07-04 16:00:00+00:00,1.1778563261032104,1.1784114837646484,1.1777175664901733,1.177994966506958,702
2025-07-04 17:00:00+00:00,1.177994966506958,1.1781338453292847,1.1775789260864258,1.1777175664901733,592
2025-07-04 18:00:00+00:00,1.1782727241516113,1.1782727241516113,1.1777175664901733,1.1778563261032104,346
2025-07-04 19:00:00+00:00,1.1778563261032104,1.1782727241516113,1.1778563261032104,1.1782727241516113,602
2025-07-04 20:00:00+00:00,1.1778563261032104,1.1786893606185913,1.1777175664901733,1.1778563261032104,565
2025-07-04 21:00:00+00:00,1.1778563261032104,1.1778563261032104,1.1778563261032104,1.1778563261032104,729
2025-07-06 23:00:00+00:00,1.1784114837646484,1.178550362586975,1.177994966506958,1.1784114837646484,964
2025-07-07 00:00:00+00:00,1.1784114837646484,1.1792453527450562,1.1782727241516113,1.1784114837646484,915
2025-07-07 01:00:00+00:00,1.1774401664733887,1.1782727241516113,1.1774401664733887,1.1782727241516113,825
2025-07-07 02:00:00+00:00,1.177163004875183,1.1778563261032104,1.176885962486267,1.1775789260864258,682
2025-07-07 03:00:00+00:00,1.1773016452789307,1.1777175664901733,1.177024483680725,1.177024483680725,419
2025-07-07 04:00:00+00:00,1.177024483680725,1.1775789260864258,1.176747441291809,1.1773016452789307,194
2025-07-07 05:00:00+00:00,1.1775789260864258,1.1777175664901733,1.176747441291809,1.176885962486267,416
2025-07-07 06:00:00+00:00,1.1757789850234985,1.1775789260864258,1.1755025386810303,1.1774401664733887,945
2025-07-07 07:00:00+00:00,1.1750881671905518,1.1760554313659668,1.1749500036239624,1.1760554313659668,962
2025-07-07 08:00:00+00:00,1.1727453470230103,1.1750881671905518,1.1727453470230103,1.1749500036239624,548
2025-07-07 09:00:00+00:00,1.1737089157104492,1.1737089157104492,1.1726078987121582,1.1727453470230103,441
2025-07-07 10:00:00+00:00,1.1730204820632935,1.17384672164917,1.1726078987121582,1.17384672164917,367
2025-07-07 11:00:00+00:00,1.1732958555221558,1.1737089157104492,1.1728830337524414,1.1731581687927246,211
2025-07-07 12:00:00+00:00,1.1726078987121582,1.173433542251587,1.172195553779602,1.173433542251587,798
2025-07-07 13:00:00+00:00,1.17384672164917,1.1743981838226318,1.1726078987121582,1.1726078987121582,679
2025-07-07 14:00:00+00:00,1.1741223335266113,1.1748120784759521,1.17384672164917,1.1739845275878906,909
2025-07-07 15:00:00+00:00,1.1737089157104492,1.1743981838226318,1.173433542251587,1.1742602586746216,908
2025-07-07 16:00:00+00:00,1.1694538593292236,1.1741223335266113,1.1693171262741089,1.1737089157104492,953
2025-07-07 17:00:00+00:00,1.1706860065460205,1.1716461181640625,1.1690436601638794,1.1697274446487427,702
2025-07-07 18:00:00+00:00,1.172195553779602,1.172333002090454,1.170548915863037,1.1709601879119873,289
2025-07-07 19:00:00+00:00,1.1724703311920166,1.1727453470230103,1.17205810546875,1.172195553779602,663
2025-07-07 20:00:00+00:00,1.1710972785949707,1.1724703311920166,1.1710972785949707,1.172333002090454,201
2025-07-07 21:00:00+00:00,1.1712344884872437,1.1716461181640625,1.1709601879119873,1.1710972785949707,932
2025-07-07 22:00:00+00:00,1.1739845275878906,1.1739845275878906,1.1712344884872437,1.1712344884872437,959
2025-07-07 23:00:00+00:00,1.1741223335266113,1.1742602586746216,1.1735711097717285,1.17384672164917,897
2025-07-08 00:00:00+00:00,1.1746740341186523,1.1750881671905518,1.1741223335266113,1.1741223335266113,883
2025-07-08 01:00:00+00:00,1.1741223335266113,1.1748120784759521,1.173433542251587,1.1748120784759521,600
2025-07-08 02:00:00+00:00,1.1741223335266113,1.1750881671905518,1.1739845275878906,1.1739845275878906,330
2025-07-08 03:00:00+00:00,1.1749500036239624,1.1752262115478516,1.1741223335266113,1.1742602586746216,508
2025-07-08 04:00:00+00:00,1.1745359897613525,1.175364375114441,1.1743981838226318,1.1748120784759521,969
2025-07-08 05:00:00+00:00,1.17384672164917,1.1748120784759521,1.1737089157104492,1.1745359897613525,703
2025-07-08 06:00:00+00:00,1.1745359897613525,1.1748120784759521,1.1735711097717285,1.17384672164917,758
2025-07-08 07:00:00+00:00,1.1763322353363037,1.176747441291809,1.1746740341186523,1.1746740341186523,218
2025-07-08 08:00:00+00:00,1.175364375114441,1.1763322353363037,1.1750881671905518,1.1763322353363037,425
2025-07-08 09:00:00+00:00,1.1743981838226318,1.175364375114441,1.1743981838226318,1.1752262115478516,438
2025-07-08 10:00:00+00:00,1.1731581687927246,1.1745359897613525,1.1728830337524414,1.1745359897613525,540
2025-07-08 11:00:00+00:00,1.1726078987121582,1.1741223335266113,1.1726078987121582,1.1731581687927246,661
2025-07-08 12:00:00+00:00,1.1724703311920166,1.1727453470230103,1.171783447265625,1.1724703311920166,177
2025-07-08 13:00:00+00:00,1.1710972785949707,1.1724703311920166,1.169864296913147,1.1724703311920166,238
2025-07-08 14:00:00+00:00,1.1695905923843384,1.170823097229004,1.1686338186264038,1.170548915863037,429
2025-07-08 15:00:00+00:00,1.1709601879119873,1.1715089082717896,1.1694538593292236,1.1697274446487427,395
2025-07-08 16:00:00+00:00,1.1712344884872437,1.1716461181640625,1.1700011491775513,1.1709601879119873,614
2025-07-08 17:00:00+00:00,1.1727453470230103,1.1728830337524414,1.1710972785949707,1.1712344884872437,308
2025-07-08 18:00:00+00:00,1.1728830337524414,1.1731581687927246,1.172195553779602,1.1728830337524414,576
2025-07-08 19:00:00+00:00,1.1726078987121582,1.1732958555221558,1.172333002090454,1.1730204820632935,762
2025-07-08 20:00:00+00:00,1.1728830337524414,1.1731581687927246,1.1727453470230103,1.1727453470230103,609
2025-07-08 21:00:00+00:00,1.1728830337524414,1.1735711097717285,1.17205810546875,1.1735711097717285,412
2025-07-08 22:00:00+00:00,1.1732958555221558,1.1732958555221558,1.1726078987121582,1.1726078987121582,209
2025-07-08 23:00:00+00:00,1.1726078987121582,1.1731581687927246,1.1726078987121582,1.1731581687927246,640
2025-07-09 00:00:00+00:00,1.1727453470230103,1.1728830337524414,1.172195553779602,1.1727453470230103,787
2025-07-09 01:00:00+00:00,1.1724703311920166,1.1728830337524414,1.17205810546875,1.1727453470230103,139
2025-07-09 02:00:00+00:00,1.1715089082717896,1.1728830337524414,1.170823097229004,1.172333002090454,119
2025-07-09 03:00:00+00:00,1.1709601879119873,1.1715089082717896,1.1706860065460205,1.1715089082717896,207
2025-07-09 04:00:00+00:00,1.1716461181640625,1.1716461181640625,1.170548915863037,1.170823097229004,472
2025-07-09 05:00:00+00:00,1.17205810546875,1.1724703311920166,1.1715089082717896,1.1716461181640625,617
2025-07-09 06:00:00+00:00,1.1730204820632935,1.1731581687927246,1.1716461181640625,1.17205810546875,162
2025-07-09 07:00:00+00:00,1.1712344884872437,1.1731581687927246,1.170823097229004,1.1731581687927246,862
2025-07-09 08:00:00+00:00,1.1716461181640625,1.172333002090454,1.170823097229004,1.1710972785949707,919
2025-07-09 09:00:00+00:00,1.1716461181640625,1.172195553779602,1.1710972785949707,1.1716461181640625,327
2025-07-09 10:00:00+00:00,1.170548915863037,1.17205810546875,1.170548915863037,1.1716461181640625,469
2025-07-09 11:00:00+00:00,1.1694538593292236,1.1709601879119873,1.1694538593292236,1.170548915863037,794
2025-07-09 12:00:00+00:00,1.1719207763671875,1.1719207763671875,1.1695905923843384,1.1695905923843384,445
2025-07-09 13:00:00+00:00,1.170823097229004,1.1724703311920166,1.170548915863037,1.171783447265625,285
2025-07-09 14:00:00+00:00,1.1719207763671875,1.1727453470230103,1.1706860065460205,1.170823097229004,603
2025-07-09 15:00:00+00:00,1.1709601879119873,1.1719207763671875,1.170823097229004,1.171783447265625,423
2025-07-09 16:00:00+00:00,1.170823097229004,1.1712344884872437,1.1704120635986328,1.1709601879119873,134
2025-07-09 17:00:00+00:00,1.1710972785949707,1.1713716983795166,1.1706860065460205,1.170823097229004,275
2025-07-09 18:00:00+00:00,1.171783447265625,1.17205810546875,1.1710972785949707,1.1712344884872437,273
2025-07-09 19:00:00+00:00,1.172195553779602,1.1726078987121582,1.1716461181640625,1.1716461181640625,994
2025-07-09 20:00:00+00:00,1.1724703311920166,1.1726078987121582,1.1715089082717896,1.172195553779602,456
2025-07-09 21:00:00+00:00,1.1724703311920166,1.1724703311920166,1.171783447265625,1.17205810546875,267
2025-07-09 22:00:00+00:00,1.1728830337524414,1.1728830337524414,1.1726078987121582,1.1726078987121582,671
2025-07-09 23:00:00+00:00,1.1742602586746216,1.1742602586746216,1.1726078987121582,1.1728830337524414,356
2025-07-10 00:00:00+00:00,1.1748120784759521,1.1752262115478516,1.1739845275878906,1.1739845275878906,592
2025-07-10 01:00:00+00:00,1.1742602586746216,1.1748120784759521,1.1741223335266113,1.1746740341186523,757
2025-07-10 02:00:00+00:00,1.1742602586746216,1.1748120784759521,1.1741223335266113,1.1745359897613525,991
2025-07-10 03:00:00+00:00,1.17384672164917,1.1742602586746216,1.1737089157104492,1.1742602586746216,394
2025-07-10 04:00:00+00:00,1.1739845275878906,1.1739845275878906,1.173433542251587,1.1737089157104492,676
2025-07-10 05:00:00+00:00,1.1742602586746216,1.1743981838226318,1.17384672164917,1.17384672164917,798
2025-07-10 06:00:00+00:00,1.1737089157104492,1.1746740341186523,1.173433542251587,1.1742602586746216,217
2025-07-10 07:00:00+00:00,1.1735711097717285,1.1741223335266113,1.1730204820632935,1.1735711097717285,423
2025-07-10 08:00:00+00:00,1.1731581687927246,1.17384672164917,1.1730204820632935,1.1737089157104492,748
2025-07-10 09:00:00+00:00,1.173433542251587,1.1737089157104492,1.1731581687927246,1.1731581687927246,471
2025-07-10 10:00:00+00:00,1.1732958555221558,1.17384672164917,1.1731581687927246,1.1735711097717285,524
2025-07-10 11:00:00+00:00,1.1715089082717896,1.1732958555221558,1.1712344884872437,1.1731581687927246,668
2025-07-10 12:00:00+00:00,1.1709601879119873,1.171783447265625,1.170548915863037,1.1716461181640625,900
2025-07-10 13:00:00+00:00,1.1695905923843384,1.171783447265625,1.1691803932189941,1.1709601879119873,701
2025-07-10 14:00:00+00:00,1.1682243347167969,1.1695905923843384,1.1669973134994507,1.1695905923843384,404
2025-07-10 15:00:00+00:00,1.1690436601638794,1.1691803932189941,1.1678149700164795,1.1683608293533325,887
2025-07-10 16:00:00+00:00,1.168770432472229,1.1693171262741089,1.1686338186264038,1.1690436601638794,111
2025-07-10 17:00:00+00:00,1.1693171262741089,1.1694538593292236,1.1684973239898682,1.1689070463180542,869
2025-07-10 18:00:00+00:00,1.1695905923843384,1.169864296913147,1.1691803932189941,1.1691803932189941,514
2025-07-10 19:00:00+00:00,1.169864296913147,1.1702749729156494,1.1693171262741089,1.1695905923843384,994
2025-07-10 20:00:00+00:00,1.1704120635986328,1.1704120635986328,1.169864296913147,1.169864296913147,311
2025-07-10 21:00:00+00:00,1.1706860065460205,1.1716461181640625,1.1700011491775513,1.170548915863037,785
2025-07-10 22:00:00+00:00,1.1709601879119873,1.1710972785949707,1.170548915863037,1.170548915863037,266
2025-07-10 23:00:00+00:00,1.1704120635986328,1.1709601879119873,1.1704120635986328,1.170823097229004,627
2025-07-11 00:00:00+00:00,1.1678149700164795,1.1706860065460205,1.1669973134994507,1.170548915863037,621
2025-07-11 01:00:00+00:00,1.1678149700164795,1.168770432472229,1.1672697067260742,1.1678149700164795,393
2025-07-11 02:00:00+00:00,1.1674060821533203,1.1680878400802612,1.1674060821533203,1.1679514646530151,335
2025-07-11 03:00:00+00:00,1.1684973239898682,1.168770432472229,1.1674060821533203,1.1674060821533203,470
2025-07-11 04:00:00+00:00,1.1679514646530151,1.1686338186264038,1.1672697067260742,1.1684973239898682,939
2025-07-11 05:00:00+00:00,1.1682243347167969,1.1686338186264038,1.1678149700164795,1.1679514646530151,662
2025-07-11 06:00:00+00:00,1.1679514646530151,1.168770432472229,1.1675423383712769,1.1679514646530151,932
2025-07-11 07:00:00+00:00,1.1693171262741089,1.169864296913147,1.1680878400802612,1.1680878400802612,100
2025-07-11 08:00:00+00:00,1.1684973239898682,1.1694538593292236,1.1683608293533325,1.1691803932189941,485
2025-07-11 09:00:00+00:00,1.1697274446487427,1.1697274446487427,1.1684973239898682,1.1684973239898682,790
2025-07-11 10:00:00+00:00,1.1695905923843384,1.1700011491775513,1.1691803932189941,1.1700011491775513,274
2025-07-11 11:00:00+00:00,1.1691803932189941,1.1702749729156494,1.1691803932189941,1.1695905923843384,991
2025-07-11 12:00:00+00:00,1.1690436601638794,1.1701380014419556,1.1686338186264038,1.1690436601638794,964
2025-07-11 13:00:00+00:00,1.1693171262741089,1.1712344884872437,1.1690436601638794,1.1693171262741089,294
2025-07-11 14:00:00+00:00,1.1695905923843384,1.1697274446487427,1.1680878400802612,1.1693171262741089,550
2025-07-11 15:00:00+00:00,1.169864296913147,1.1706860065460205,1.1694538593292236,1.1695905923843384,919
2025-07-11 16:00:00+00:00,1.1695905923843384,1.1701380014419556,1.1693171262741089,1.169864296913147,193
2025-07-11 17:00:00+00:00,1.1697274446487427,1.1697274446487427,1.1690436601638794,1.1694538593292236,941
2025-07-11 18:00:00+00:00,1.1693171262741089,1.169864296913147,1.1693171262741089,1.1697274446487427,429
2025-07-11 19:00:00+00:00,1.1691803932189941,1.1694538593292236,1.1689070463180542,1.1693171262741089,532
2025-07-11 20:00:00+00:00,1.1693171262741089,1.1697274446487427,1.1683608293533325,1.1691803932189941,365
2025-07-11 21:00:00+00:00,1.1691803932189941,1.1691803932189941,1.1691803932189941,1.1691803932189941,635
2025-07-13 23:00:00+00:00,1.1686338186264038,1.1686338186264038,1.1667250394821167,1.1667250394821167,389
2025-07-14 00:00:00+00:00,1.1697274446487427,1.1697274446487427,1.1686338186264038,1.168770432472229,600
2025-07-14 01:00:00+00:00,1.168770432472229,1.1700011491775513,1.168770432472229,1.1697274446487427,848
2025-07-14 02:00:00+00:00,1.1678149700164795,1.1693171262741089,1.1676785945892334,1.168770432472229,172
2025-07-14 03:00:00+00:00,1.1684973239898682,1.168770432472229,1.1676785945892334,1.1676785945892334,962
2025-07-14 04:00:00+00:00,1.1678149700164795,1.1684973239898682,1.1678149700164795,1.1682243347167969,321
2025-07-14 05:00:00+00:00,1.1672697067260742,1.1680878400802612,1.1668611764907837,1.1676785945892334,721
2025-07-14 06:00:00+00:00,1.1667250394821167,1.1674060821533203,1.1659088134765625,1.1674060821533203,372
2025-07-14 07:00:00+00:00,1.1690436601638794,1.1690436601638794,1.1667250394821167,1.1668611764907837,320
2025-07-14 08:00:00+00:00,1.1684973239898682,1.1693171262741089,1.1683608293533325,1.1689070463180542,861
2025-07-14 09:00:00+00:00,1.1694538593292236,1.1694538593292236,1.1683608293533325,1.1684973239898682,679
2025-07-14 10:00:00+00:00,1.169864296913147,1.1700011491775513,1.1690436601638794,1.1695905923843384,202
2025-07-14 11:00:00+00:00,1.1691803932189941,1.1700011491775513,1.1690436601638794,1.169864296913147,296
2025-07-14 12:00:00+00:00,1.1689070463180542,1.1694538593292236,1.1683608293533325,1.1694538593292236,878
2025-07-14 13:00:00+00:00,1.1686338186264038,1.1689070463180542,1.1678149700164795,1.1689070463180542,238
2025-07-14 14:00:00+00:00,1.1686338186264038,1.1697274446487427,1.1682243347167969,1.1683608293533325,809
2025-07-14 15:00:00+00:00,1.1675423383712769,1.169864296913147,1.1672697067260742,1.1684973239898682,887
2025-07-14 16:00:00+00:00,1.1665889024734497,1.1678149700164795,1.1664528846740723,1.1674060821533203,981
2025-07-14 17:00:00+00:00,1.1665889024734497,1.1668611764907837,1.1663167476654053,1.1667250394821167,859
2025-07-14 18:00:00+00:00,1.1674060821533203,1.1675423383712769,1.1665889024734497,1.1667250394821167,392
2025-07-14 19:00:00+00:00,1.1671334505081177,1.1674060821533203,1.1668611764907837,1.1674060821533203,473
2025-07-14 20:00:00+00:00,1.1667250394821167,1.1672697067260742,1.1667250394821167,1.1671334505081177,226
2025-07-14 21:00:00+00:00,1.1667250394821167,1.1671334505081177,1.1664528846740723,1.1664528846740723,189
2025-07-14 22:00:00+00:00,1.1669973134994507,1.1671334505081177,1.1668611764907837,1.1668611764907837,168
2025-07-14 23:00:00+00:00,1.1668611764907837,1.1671334505081177,1.1664528846740723,1.1668611764907837,385
2025-07-15 00:00:00+00:00,1.1676785945892334,1.1680878400802612,1.1668611764907837,1.1668611764907837,705
2025-07-15 01:00:00+00:00,1.1672697067260742,1.1678149700164795,1.1669973134994507,1.1675423383712769,302
2025-07-15 02:00:00+00:00,1.1676785945892334,1.1678149700164795,1.1668611764907837,1.1671334505081177,657
2025-07-15 03:00:00+00:00,1.1679514646530151,1.1680878400802612,1.1676785945892334,1.1678149700164795,434
2025-07-15 04:00:00+00:00,1.1679514646530151,1.1682243347167969,1.1676785945892334,1.1679514646530151,191
2025-07-15 05:00:00+00:00,1.1689070463180542,1.1689070463180542,1.1679514646530151,1.1679514646530151,666
2025-07-15 06:00:00+00:00,1.1680878400802612,1.1690436601638794,1.1678149700164795,1.1684973239898682,580
2025-07-15 07:00:00+00:00,1.1693171262741089,1.1695905923843384,1.1675423383712769,1.1680878400802612,809
2025-07-15 08:00:00+00:00,1.1690436601638794,1.1694538593292236,1.1684973239898682,1.1693171262741089,878
2025-07-15 09:00:00+00:00,1.1689070463180542,1.1694538593292236,1.1684973239898682,1.1690436601638794,938
2025-07-15 10:00:00+00:00,1.168770432472229,1.1689070463180542,1.1679514646530151,1.168770432472229,853
2025-07-15 11:00:00+00:00,1.1672697067260742,1.168770432472229,1.1671334505081177,1.168770432472229,791
2025-07-15 12:00:00+00:00,1.1680878400802612,1.1691803932189941,1.1668611764907837,1.1671334505081177,682
2025-07-15 13:00:00+00:00,1.1645511388778687,1.1682243347167969,1.1644154787063599,1.1680878400802612,851
2025-07-15 14:00:00+00:00,1.16225004196167,1.1642799377441406,1.1619800329208374,1.1641442775726318,915
2025-07-15 15:00:00+00:00,1.1621150970458984,1.1621150970458984,1.1606314182281494,1.1621150970458984,685
2025-07-15 16:00:00+00:00,1.15968918800354,1.16225004196167,1.15968918800354,1.16225004196167,182
2025-07-15 17:00:00+00:00,1.1599582433700562,1.1603620052337646,1.15968918800354,1.160092830657959,748
2025-07-15 18:00:00+00:00,1.1606314182281494,1.1607661247253418,1.1599582433700562,1.1599582433700562,529
2025-07-15 19:00:00+00:00,1.1603620052337646,1.1606314182281494,1.1602274179458618,1.1606314182281494,131
2025-07-15 20:00:00+00:00,1.160496711730957,1.1607661247253418,1.1603620052337646,1.1603620052337646,417
2025-07-15 21:00:00+00:00,1.160496711730957,1.1606314182281494,1.160092830657959,1.1603620052337646,484
2025-07-15 22:00:00+00:00,1.1607661247253418,1.1607661247253418,1.1602274179458618,1.1602274179458618,765
2025-07-15 23:00:00+00:00,1.1610356569290161,1.161170482635498,1.1606314182281494,1.1607661247253418,145
2025-07-16 00:00:00+00:00,1.161170482635498,1.1617100238800049,1.1606314182281494,1.16130530834198,394
2025-07-16 01:00:00+00:00,1.1617100238800049,1.1618449687957764,1.1610356569290161,1.1610356569290161,778
2025-07-16 02:00:00+00:00,1.16130530834198,1.1617100238800049,1.1610356569290161,1.1617100238800049,464
2025-07-16 03:00:00+00:00,1.161440134048462,1.1618449687957764,1.161170482635498,1.161440134048462,864
2025-07-16 04:00:00+00:00,1.16225004196167,1.16225004196167,1.161440134048462,1.161440134048462,485
2025-07-16 05:00:00+00:00,1.1623852252960205,1.1623852252960205,1.1618449687957764,1.16225004196167,810
2025-07-16 06:00:00+00:00,1.163061261177063,1.163061261177063,1.16225004196167,1.16225004196167,719
2025-07-16 07:00:00+00:00,1.16225004196167,1.1631964445114136,1.1617100238800049,1.1631964445114136,855
2025-07-16 08:00:00+00:00,1.1629259586334229,1.1629259586334229,1.16225004196167,1.16225004196167,951
2025-07-16 09:00:00+00:00,1.1618449687957764,1.1629259586334229,1.1617100238800049,1.1627906560897827,455
2025-07-16 10:00:00+00:00,1.1621150970458984,1.16225004196167,1.16130530834198,1.1618449687957764,976
2025-07-16 11:00:00+00:00,1.160496711730957,1.1623852252960205,1.160496711730957,1.1619800329208374,358
2025-07-16 12:00:00+00:00,1.1603620052337646,1.1615750789642334,1.15968918800354,1.1606314182281494,389
2025-07-16 13:00:00+00:00,1.1576753854751587,1.160496711730957,1.1568717956542969,1.1603620052337646,948
2025-07-16 14:00:00+00:00,1.1598236560821533,1.1603620052337646,1.156738042831421,1.1578094959259033,156
2025-07-16 15:00:00+00:00,1.1627906560897827,1.1719207763671875,1.15968918800354,1.1598236560821533,341
2025-07-16 16:00:00+00:00,1.1641442775726318,1.1655012369155884,1.1619800329208374,1.1629259586334229,635
2025-07-16 17:00:00+00:00,1.1645511388778687,1.1661807298660278,1.1640088558197021,1.1642799377441406,960
2025-07-16 18:00:00+00:00,1.1631964445114136,1.1645511388778687,1.163061261177063,1.1645511388778687,856
2025-07-16 19:00:00+00:00,1.163873314857483,1.163873314857483,1.162520408630371,1.1634671688079834,895
2025-07-16 20:00:00+00:00,1.1642799377441406,1.1645511388778687,1.1637378931045532,1.1637378931045532,775
2025-07-16 21:00:00+00:00,1.1637378931045532,1.1645511388778687,1.1633317470550537,1.163602590560913,702
2025-07-16 22:00:00+00:00,1.1640088558197021,1.1645511388778687,1.163873314857483,1.1642799377441406,238
2025-07-16 23:00:00+00:00,1.163873314857483,1.1642799377441406,1.1637378931045532,1.163873314857483,722
2025-07-17 00:00:00+00:00,1.1626555919647217,1.163873314857483,1.1621150970458984,1.163873314857483,802
2025-07-17 01:00:00+00:00,1.1631964445114136,1.1631964445114136,1.1619800329208374,1.1627906560897827,474
2025-07-17 02:00:00+00:00,1.16225004196167,1.163061261177063,1.1621150970458984,1.163061261177063,777
2025-07-17 03:00:00+00:00,1.16225004196167,1.16225004196167,1.1618449687957764,1.1621150970458984,456
2025-07-17 04:00:00+00:00,1.1627906560897827,1.1627906560897827,1.1619800329208374,1.16225004196167,605
2025-07-17 05:00:00+00:00,1.1619800329208374,1.1629259586334229,1.1619800329208374,1.1627906560897827,318
2025-07-17 06:00:00+00:00,1.1586142778396606,1.1619800329208374,1.1579434871673584,1.1615750789642334,648
2025-07-17 07:00:00+00:00,1.1595547199249268,1.1598236560821533,1.1578094959259033,1.1586142778396606,423
2025-07-17 08:00:00+00:00,1.1603620052337646,1.1607661247253418,1.1592857837677002,1.1594202518463135,182
2025-07-17 09:00:00+00:00,1.1594202518463135,1.1606314182281494,1.1592857837677002,1.1606314182281494,207
2025-07-17 10:00:00+00:00,1.1588828563690186,1.1594202518463135,1.1587486267089844,1.1594202518463135,942
2025-07-17 11:00:00+00:00,1.1579434871673584,1.1592857837677002,1.1574074029922485,1.1588828563690186,740
2025-07-17 12:00:00+00:00,1.159151554107666,1.1595547199249268,1.1568717956542969,1.158077597618103,954
2025-07-17 13:00:00+00:00,1.1590172052383423,1.160092830657959,1.1584800481796265,1.1592857837677002,899
2025-07-17 14:00:00+00:00,1.159151554107666,1.1595547199249268,1.1582117080688477,1.1587486267089844,762
2025-07-17 15:00:00+00:00,1.1599582433700562,1.1606314182281494,1.1588828563690186,1.1590172052383423,772
2025-07-17 16:00:00+00:00,1.1590172052383423,1.160496711730957,1.1587486267089844,1.160092830657959,915
2025-07-17 17:00:00+00:00,1.1588828563690186,1.1594202518463135,1.1586142778396606,1.1590172052383423,672
2025-07-17 18:00:00+00:00,1.1587486267089844,1.159151554107666,1.1583458185195923,1.1587486267089844,890
2025-07-17 19:00:00+00:00,1.1602274179458618,1.1602274179458618,1.1587486267089844,1.1588828563690186,657
2025-07-17 20:00:00+00:00,1.1599582433700562,1.1603620052337646,1.1598236560821533,1.1602274179458618,537
2025-07-17 21:00:00+00:00,1.160092830657959,1.160496711730957,1.1592857837677002,1.1595547199249268,155
2025-07-17 22:00:00+00:00,1.1621150970458984,1.16225004196167,1.1603620052337646,1.160496711730957,951
2025-07-17 23:00:00+00:00,1.1618449687957764,1.1623852252960205,1.1618449687957764,1.1619800329208374,284
2025-07-18 00:00:00+00:00,1.1627906560897827,1.163061261177063,1.1619800329208374,1.1619800329208374,341
2025-07-18 01:00:00+00:00,1.1631964445114136,1.1637378931045532,1.162520408630371,1.1627906560897827,210
2025-07-18 02:00:00+00:00,1.1633317470550537,1.1634671688079834,1.1627906560897827,1.1633317470550537,540
2025-07-18 03:00:00+00:00,1.1627906560897827,1.1633317470550537,1.1626555919647217,1.1631964445114136,772
2025-07-18 04:00:00+00:00,1.16225004196167,1.1626555919647217,1.16225004196167,1.1626555919647217,391
2025-07-18 05:00:00+00:00,1.1619800329208374,1.1623852252960205,1.1615750789642334,1.16225004196167,564
2025-07-18 06:00:00+00:00,1.162520408630371,1.162520408630371,1.1615750789642334,1.1619800329208374,694
2025-07-18 07:00:00+00:00,1.1631964445114136,1.1633317470550537,1.1623852252960205,1.1626555919647217,518
2025-07-18 08:00:00+00:00,1.163873314857483,1.164686679840088,1.1634671688079834,1.1634671688079834,942
2025-07-18 09:00:00+00:00,1.1637378931045532,1.164686679840088,1.1637378931045532,1.163873314857483,537
2025-07-18 10:00:00+00:00,1.1644154787063599,1.1645511388778687,1.163602590560913,1.1637378931045532,667
2025-07-18 11:00:00+00:00,1.164686679840088,1.1652295589447021,1.1644154787063599,1.1644154787063599,814
2025-07-18 12:00:00+00:00,1.1659088134765625,1.16604483127594,1.164686679840088,1.164686679840088,402
2025-07-18 13:00:00+00:00,1.1669973134994507,1.1671334505081177,1.1652295589447021,1.16604483127594,650
2025-07-18 14:00:00+00:00,1.1650937795639038,1.1672697067260742,1.1648223400115967,1.1668611764907837,114
2025-07-18 15:00:00+00:00,1.164686679840088,1.16604483127594,1.164686679840088,1.1650937795639038,509
2025-07-18 16:00:00+00:00,1.1631964445114136,1.1650937795639038,1.163061261177063,1.1648223400115967,537
2025-07-18 17:00:00+00:00,1.163061261177063,1.1633317470550537,1.16225004196167,1.163061261177063,210
2025-07-18 18:00:00+00:00,1.1626555919647217,1.163061261177063,1.16225004196167,1.163061261177063,185
2025-07-18 19:00:00+00:00,1.162520408630371,1.1626555919647217,1.1619800329208374,1.162520408630371,761
2025-07-18 20:00:00+00:00,1.1626555919647217,1.163061261177063,1.1623852252960205,1.162520408630371,474
2025-07-18 21:00:00+00:00,1.1618449687957764,1.1626555919647217,1.1618449687957764,1.1618449687957764,198
2025-07-20 23:00:00+00:00,1.1633317470550537,1.1634671688079834,1.1627906560897827,1.1629259586334229,636
2025-07-21 00:00:00+00:00,1.16225004196167,1.163873314857483,1.16225004196167,1.1633317470550537,775
2025-07-21 01:00:00+00:00,1.1621150970458984,1.1627906560897827,1.1619800329208374,1.1621150970458984,254
2025-07-21 02:00:00+00:00,1.162520408630371,1.1626555919647217,1.1618449687957764,1.1619800329208374,707
2025-07-21 03:00:00+00:00,1.1627906560897827,1.1629259586334229,1.1623852252960205,1.162520408630371,348
2025-07-21 04:00:00+00:00,1.1631964445114136,1.1633317470550537,1.1626555919647217,1.1629259586334229,235
2025-07-21 05:00:00+00:00,1.163602590560913,1.1637378931045532,1.1631964445114136,1.1631964445114136,835
2025-07-21 06:00:00+00:00,1.1644154787063599,1.1645511388778687,1.1633317470550537,1.163602590560913,149
2025-07-21 07:00:00+00:00,1.164686679840088,1.164958119392395,1.1640088558197021,1.1644154787063599,200
2025-07-21 08:00:00+00:00,1.1645511388778687,1.1655012369155884,1.1640088558197021,1.164686679840088,564
2025-07-21 09:00:00+00:00,1.1648223400115967,1.1650937795639038,1.1642799377441406,1.164686679840088,412
2025-07-21 10:00:00+00:00,1.1648223400115967,1.164958119392395,1.1637378931045532,1.1648223400115967,943
2025-07-21 11:00:00+00:00,1.1671334505081177,1.1672697067260742,1.1648223400115967,1.164958119392395,653
2025-07-21 12:00:00+00:00,1.1668611764907837,1.1674060821533203,1.1667250394821167,1.1672697067260742,488
2025-07-21 13:00:00+00:00,1.1668611764907837,1.1668611764907837,1.1661807298660278,1.1667250394821167,254
2025-07-21 14:00:00+00:00,1.1701380014419556,1.1701380014419556,1.1668611764907837,1.1668611764907837,870
2025-07-21 15:00:00+00:00,1.170823097229004,1.1719207763671875,1.1701380014419556,1.1701380014419556,779
2025-07-21 16:00:00+00:00,1.1704120635986328,1.170823097229004,1.1700011491775513,1.1706860065460205,990
2025-07-21 17:00:00+00:00,1.1694538593292236,1.1704120635986328,1.1690436601638794,1.1704120635986328,944
2025-07-21 18:00:00+00:00,1.1695905923843384,1.169864296913147,1.1690436601638794,1.1694538593292236,535
2025-07-21 19:00:00+00:00,1.1693171262741089,1.169864296913147,1.1693171262741089,1.1697274446487427,718
2025-07-21 20:00:00+00:00,1.169864296913147,1.1700011491775513,1.1691803932189941,1.1693171262741089,879
2025-07-21 21:00:00+00:00,1.1697274446487427,1.1700011491775513,1.1694538593292236,1.1700011491775513,636
2025-07-21 22:00:00+00:00,1.1697274446487427,1.169864296913147,1.1695905923843384,1.1697274446487427,898
2025-07-21 23:00:00+00:00,1.1697274446487427,1.169864296913147,1.1694538593292236,1.169864296913147,790
2025-07-22 00:00:00+00:00,1.1691803932189941,1.1697274446487427,1.168770432472229,1.1695905923843384,113
2025-07-22 01:00:00+00:00,1.1691803932189941,1.1693171262741089,1.1686338186264038,1.1693171262741089,890
2025-07-22 02:00:00+00:00,1.1694538593292236,1.169864296913147,1.1691803932189941,1.1693171262741089,532
2025-07-22 03:00:00+00:00,1.1690436601638794,1.1694538593292236,1.1689070463180542,1.1693171262741089,675
2025-07-22 04:00:00+00:00,1.1691803932189941,1.1697274446487427,1.1689070463180542,1.1691803932189941,340
2025-07-22 05:00:00+00:00,1.1691803932189941,1.1695905923843384,1.1686338186264038,1.1691803932189941,304
2025-07-22 06:00:00+00:00,1.1694538593292236,1.1694538593292236,1.1689070463180542,1.1689070463180542,852
2025-07-22 07:00:00+00:00,1.1689070463180542,1.1694538593292236,1.1686338186264038,1.1693171262741089,963
2025-07-22 08:00:00+00:00,1.1701380014419556,1.170548915863037,1.168770432472229,1.168770432472229,610
2025-07-22 09:00:00+00:00,1.170823097229004,1.170823097229004,1.1697274446487427,1.1702749729156494,599
2025-07-22 10:00:00+00:00,1.170548915863037,1.1712344884872437,1.1704120635986328,1.170823097229004,194
2025-07-22 11:00:00+00:00,1.170548915863037,1.1706860065460205,1.169864296913147,1.170548915863037,897
2025-07-22 12:00:00+00:00,1.1693171262741089,1.1706860065460205,1.168770432472229,1.1706860065460205,595
2025-07-22 13:00:00+00:00,1.1706860065460205,1.1706860065460205,1.1682243347167969,1.1695905923843384,275
2025-07-22 14:00:00+00:00,1.1726078987121582,1.1728830337524414,1.1694538593292236,1.1704120635986328,899
2025-07-22 15:00:00+00:00,1.1752262115478516,1.1752262115478516,1.1719207763671875,1.1724703311920166,506
2025-07-22 16:00:00+00:00,1.1759172677993774,1.1763322353363037,1.1748120784759521,1.1748120784759521,605
2025-07-22 17:00:00+00:00,1.1749500036239624,1.1759172677993774,1.1746740341186523,1.1759172677993774,475
2025-07-22 18:00:00+00:00,1.1750881671905518,1.1750881671905518,1.1745359897613525,1.1748120784759521,158
2025-07-22 19:00:00+00:00,1.1756407022476196,1.1756407022476196,1.1749500036239624,1.1750881671905518,114
2025-07-22 20:00:00+00:00,1.1757789850234985,1.1757789850234985,1.1749500036239624,1.175364375114441,591
2025-07-22 21:00:00+00:00,1.175364375114441,1.1763322353363037,1.175364375114441,1.1763322353363037,506
2025-07-22 22:00:00+00:00,1.1752262115478516,1.175364375114441,1.1750881671905518,1.175364375114441,933
2025-07-22 23:00:00+00:00,1.1741223335266113,1.1759172677993774,1.1739845275878906,1.1752262115478516,264
2025-07-23 00:00:00+00:00,1.1750881671905518,1.1750881671905518,1.1737089157104492,1.1742602586746216,475
2025-07-23 01:00:00+00:00,1.1739845275878906,1.1750881671905518,1.173433542251587,1.1750881671905518,444
2025-07-23 02:00:00+00:00,1.17384672164917,1.1743981838226318,1.1737089157104492,1.1742602586746216,422
2025-07-23 03:00:00+00:00,1.1742602586746216,1.1749500036239624,1.17384672164917,1.17384672164917,460
2025-07-23 04:00:00+00:00,1.17384672164917,1.1742602586746216,1.1737089157104492,1.1742602586746216,321
2025-07-23 05:00:00+00:00,1.1732958555221558,1.1741223335266113,1.1731581687927246,1.17384672164917,619
2025-07-23 06:00:00+00:00,1.1745359897613525,1.1745359897613525,1.173433542251587,1.1735711097717285,517
2025-07-23 07:00:00+00:00,1.1745359897613525,1.175364375114441,1.1737089157104492,1.1745359897613525,305
2025-07-23 08:00:00+00:00,1.1735711097717285,1.1750881671905518,1.1735711097717285,1.1743981838226318,347
2025-07-23 09:00:00+00:00,1.17384672164917,1.1742602586746216,1.173433542251587,1.17384672164917,627
2025-07-23 10:00:00+00:00,1.1728830337524414,1.17384672164917,1.1727453470230103,1.17384672164917,915
2025-07-23 11:00:00+00:00,1.1728830337524414,1.173433542251587,1.1727453470230103,1.1727453470230103,189
2025-07-23 12:00:00+00:00,1.1727453470230103,1.1735711097717285,1.1724703311920166,1.1727453470230103,225
2025-07-23 13:00:00+00:00,1.1731581687927246,1.1732958555221558,1.1715089082717896,1.1728830337524414,556
2025-07-23 14:00:00+00:00,1.1737089157104492,1.1741223335266113,1.1727453470230103,1.1730204820632935,724
2025-07-23 15:00:00+00:00,1.1755025386810303,1.1757789850234985,1.1726078987121582,1.1735711097717285,764
2025-07-23 16:00:00+00:00,1.175364375114441,1.1761938333511353,1.1748120784759521,1.1750881671905518,192
2025-07-23 17:00:00+00:00,1.1763322353363037,1.176885962486267,1.1750881671905518,1.1756407022476196,253
2025-07-23 18:00:00+00:00,1.1775789260864258,1.1777175664901733,1.1763322353363037,1.1763322353363037,623
2025-07-23 19:00:00+00:00,1.1775789260864258,1.1778563261032104,1.177163004875183,1.1777175664901733,376
2025-07-23 20:00:00+00:00,1.1775789260864258,1.1778563261032104,1.177024483680725,1.1777175664901733,514
2025-07-23 21:00:00+00:00,1.1773016452789307,1.177994966506958,1.177024483680725,1.177024483680725,966
2025-07-23 22:00:00+00:00,1.1777175664901733,1.1778563261032104,1.1774401664733887,1.1774401664733887,207
2025-07-23 23:00:00+00:00,1.1777175664901733,1.1782727241516113,1.1777175664901733,1.1777175664901733,947
2025-07-24 00:00:00+00:00,1.177163004875183,1.1777175664901733,1.1766090393066406,1.1777175664901733,659
2025-07-24 01:00:00+00:00,1.1778563261032104,1.1782727241516113,1.177163004875183,1.177163004875183,811
2025-07-24 02:00:00+00:00,1.177994966506958,1.1781338453292847,1.1774401664733887,1.1777175664901733,162
2025-07-24 03:00:00+00:00,1.1778563261032104,1.1782727241516113,1.1778563261032104,1.177994966506958,374
2025-07-24 04:00:00+00:00,1.1777175664901733,1.1781338453292847,1.1775789260864258,1.1777175664901733,412
2025-07-24 05:00:00+00:00,1.1774401664733887,1.1781338453292847,1.1774401664733887,1.1777175664901733,628
2025-07-24 06:00:00+00:00,1.1761938333511353,1.1775789260864258,1.1761938333511353,1.1774401664733887,319
2025-07-24 07:00:00+00:00,1.1764705181121826,1.177163004875183,1.1759172677993774,1.1759172677993774,785
2025-07-24 08:00:00+00:00,1.1760554313659668,1.177163004875183,1.1760554313659668,1.176747441291809,800
2025-07-24 09:00:00+00:00,1.1755025386810303,1.1761938333511353,1.1750881671905518,1.1760554313659668,591
2025-07-24 10:00:00+00:00,1.1752262115478516,1.1757789850234985,1.1748120784759521,1.1755025386810303,669
2025-07-24 11:00:00+00:00,1.1759172677993774,1.1759172677993774,1.1749500036239624,1.1752262115478516,247
2025-07-24 12:00:00+00:00,1.1739845275878906,1.1761938333511353,1.1737089157104492,1.1759172677993774,233
2025-07-24 13:00:00+00:00,1.1774401664733887,1.1778563261032104,1.1737089157104492,1.1737089157104492,127
2025-07-24 14:00:00+00:00,1.177024483680725,1.1791062355041504,1.176747441291809,1.1775789260864258,251
2025-07-24 15:00:00+00:00,1.176885962486267,1.1781338453292847,1.1760554313659668,1.177024483680725,252
2025-07-24 16:00:00+00:00,1.1766090393066406,1.1775789260864258,1.1761938333511353,1.176747441291809,541
2025-07-24 17:00:00+00:00,1.1773016452789307,1.1781338453292847,1.1764705181121826,1.1766090393066406,229
2025-07-24 18:00:00+00:00,1.177024483680725,1.1773016452789307,1.1766090393066406,1.1773016452789307,722
2025-07-24 19:00:00+00:00,1.1761938333511353,1.1773016452789307,1.1761938333511353,1.176885962486267,700
2025-07-24 20:00:00+00:00,1.1755025386810303,1.1763322353363037,1.1749500036239624,1.1761938333511353,272
2025-07-24 21:00:00+00:00,1.1750881671905518,1.1760554313659668,1.1743981838226318,1.1760554313659668,483
2025-07-24 22:00:00+00:00,1.1756407022476196,1.1756407022476196,1.1748120784759521,1.1748120784759521,821
2025-07-24 23:00:00+00:00,1.1757789850234985,1.1760554313659668,1.175364375114441,1.1755025386810303,609
2025-07-25 00:00:00+00:00,1.1757789850234985,1.1761938333511353,1.1752262115478516,1.1759172677993774,932
2025-07-25 01:00:00+00:00,1.1746740341186523,1.1761938333511353,1.1742602586746216,1.1759172677993774,574
2025-07-25 02:00:00+00:00,1.1741223335266113,1.1746740341186523,1.17384672164917,1.1746740341186523,380
2025-07-25 03:00:00+00:00,1.1746740341186523,1.1748120784759521,1.1741223335266113,1.1741223335266113,390
2025-07-25 04:00:00+00:00,1.1743981838226318,1.1749500036239624,1.1739845275878906,1.1745359897613525,625
2025-07-25 05:00:00+00:00,1.1750881671905518,1.1750881671905518,1.1741223335266113,1.1745359897613525,466
2025-07-25 06:00:00+00:00,1.1752262115478516,1.1763322353363037,1.1745359897613525,1.1752262115478516,633
2025-07-25 07:00:00+00:00,1.1756407022476196,1.1761938333511353,1.1752262115478516,1.1755025386810303,214
2025-07-25 08:00:00+00:00,1.1746740341186523,1.1759172677993774,1.1745359897613525,1.1759172677993774,132
2025-07-25 09:00:00+00:00,1.17384672164917,1.1746740341186523,1.1737089157104492,1.1746740341186523,945
2025-07-25 10:00:00+00:00,1.1730204820632935,1.1741223335266113,1.1728830337524414,1.1737089157104492,644
2025-07-25 11:00:00+00:00,1.1724703311920166,1.173433542251587,1.1716461181640625,1.1730204820632935,842
2025-07-25 12:00:00+00:00,1.172195553779602,1.1730204820632935,1.1716461181640625,1.1724703311920166,865
2025-07-25 13:00:00+00:00,1.1726078987121582,1.1730204820632935,1.1709601879119873,1.172333002090454,979
2025-07-25 14:00:00+00:00,1.173433542251587,1.17384672164917,1.1727453470230103,1.1727453470230103,989
2025-07-25 15:00:00+00:00,1.1732958555221558,1.1742602586746216,1.1727453470230103,1.173433542251587,159
2025-07-25 16:00:00+00:00,1.1732958555221558,1.173433542251587,1.1724703311920166,1.1732958555221558,642
2025-07-25 17:00:00+00:00,1.1741223335266113,1.1742602586746216,1.1732958555221558,1.1732958555221558,111
2025-07-25 18:00:00+00:00,1.1749500036239624,1.1749500036239624,1.1739845275878906,1.1739845275878906,719
2025-07-25 19:00:00+00:00,1.1748120784759521,1.1750881671905518,1.1745359897613525,1.1748120784759521,489
2025-07-25 20:00:00+00:00,1.1745359897613525,1.1746740341186523,1.1741223335266113,1.1746740341186523,776
2025-07-25 21:00:00+00:00,1.1743981838226318,1.1743981838226318,1.1743981838226318,1.1743981838226318,968
2025-07-27 23:00:00+00:00,1.1759172677993774,1.1763322353363037,1.1757789850234985,1.1757789850234985,247
2025-07-28 00:00:00+00:00,1.176747441291809,1.1774401664733887,1.1759172677993774,1.1760554313659668,208
2025-07-28 01:00:00+00:00,1.1756407022476196,1.177163004875183,1.1752262115478516,1.176885962486267,104
2025-07-28 02:00:00+00:00,1.1759172677993774,1.1760554313659668,1.1750881671905518,1.175364375114441,608
2025-07-28 03:00:00+00:00,1.1759172677993774,1.1760554313659668,1.1755025386810303,1.1757789850234985,787
2025-07-28 04:00:00+00:00,1.1750881671905518,1.1761938333511353,1.1749500036239624,1.1760554313659668,901
2025-07-28 05:00:00+00:00,1.1743981838226318,1.1750881671905518,1.1743981838226318,1.1749500036239624,909
2025-07-28 06:00:00+00:00,1.1726078987121582,1.1746740341186523,1.1716461181640625,1.1743981838226318,343
2025-07-28 07:00:00+00:00,1.1679514646530151,1.1726078987121582,1.1679514646530151,1.1724703311920166,453
2025-07-28 08:00:00+00:00,1.1682243347167969,1.1693171262741089,1.1675423383712769,1.1678149700164795,381
2025-07-28 09:00:00+00:00,1.1669973134994507,1.168770432472229,1.1667250394821167,1.1683608293533325,778
2025-07-28 10:00:00+00:00,1.1663167476654053,1.1674060821533203,1.1659088134765625,1.1671334505081177,210
2025-07-28 11:00:00+00:00,1.1653653383255005,1.1661807298660278,1.164958119392395,1.1661807298660278,846
2025-07-28 12:00:00+00:00,1.16604483127594,1.1667250394821167,1.1652295589447021,1.1657729148864746,426
2025-07-28 13:00:00+00:00,1.1637378931045532,1.1665889024734497,1.1631964445114136,1.1661807298660278,211
2025-07-28 14:00:00+00:00,1.1641442775726318,1.164958119392395,1.1634671688079834,1.1637378931045532,677
2025-07-28 15:00:00+00:00,1.16130530834198,1.1641442775726318,1.16130530834198,1.1640088558197021,487
2025-07-28 16:00:00+00:00,1.1602274179458618,1.16130530834198,1.1602274179458618,1.16130530834198,846
2025-07-28 17:00:00+00:00,1.1594202518463135,1.160496711730957,1.1592857837677002,1.1602274179458618,580
2025-07-28 18:00:00+00:00,1.1598236560821533,1.1598236560821533,1.1588828563690186,1.1595547199249268,595
2025-07-28 19:00:00+00:00,1.1594202518463135,1.1598236560821533,1.1592857837677002,1.1598236560821533,833
2025-07-28 20:00:00+00:00,1.159151554107666,1.15968918800354,1.1588828563690186,1.1594202518463135,200
2025-07-28 21:00:00+00:00,1.1594202518463135,1.15968918800354,1.1587486267089844,1.1592857837677002,481
2025-07-28 22:00:00+00:00,1.15968918800354,1.1598236560821533,1.159151554107666,1.1592857837677002,301
2025-07-28 23:00:00+00:00,1.1599582433700562,1.1599582433700562,1.1592857837677002,1.15968918800354,521
2025-07-29 00:00:00+00:00,1.1588828563690186,1.1599582433700562,1.1588828563690186,1.1599582433700562,968
2025-07-29 01:00:00+00:00,1.1592857837677002,1.160092830657959,1.1590172052383423,1.1590172052383423,970
2025-07-29 02:00:00+00:00,1.160092830657959,1.1602274179458618,1.1595547199249268,1.1595547199249268,394
2025-07-29 03:00:00+00:00,1.1587486267089844,1.160092830657959,1.1586142778396606,1.1599582433700562,987
2025-07-29 04:00:00+00:00,1.1590172052383423,1.159151554107666,1.1579434871673584,1.1586142778396606,329
2025-07-29 05:00:00+00:00,1.1582117080688477,1.1592857837677002,1.1582117080688477,1.159151554107666,710
2025-07-29 06:00:00+00:00,1.1539349555969238,1.1587486267089844,1.1539349555969238,1.1582117080688477,436
2025-07-29 07:00:00+00:00,1.1556684970855713,1.1556684970855713,1.1532695293426514,1.154068112373352,509
2025-07-29 08:00:00+00:00,1.157273530960083,1.157273530960083,1.1555349826812744,1.1556684970855713,807
2025-07-29 09:00:00+00:00,1.1579434871673584,1.1587486267089844,1.156738042831421,1.1576753854751587,357
2025-07-29 10:00:00+00:00,1.1576753854751587,1.1590172052383423,1.1576753854751587,1.1579434871673584,686
2025-07-29 11:00:00+00:00,1.1544678211212158,1.1578094959259033,1.1542012691497803,1.1576753854751587,688
2025-07-29 12:00:00+00:00,1.1531364917755127,1.1544678211212158,1.1531364917755127,1.1542012691497803,935
2025-07-29 13:00:00+00:00,1.155001163482666,1.155001163482666,1.152339220046997,1.1527377367019653,669
2025-07-29 14:00:00+00:00,1.1526048183441162,1.1551345586776733,1.1526048183441162,1.1551345586776733,543
2025-07-29 15:00:00+00:00,1.15340256690979,1.154334545135498,1.1526048183441162,1.1526048183441162,757
2025-07-29 16:00:00+00:00,1.1546010971069336,1.1551345586776733,1.1538017988204956,1.1538017988204956,924
2025-07-29 17:00:00+00:00,1.1544678211212158,1.156203031539917,1.1544678211212158,1.1544678211212158,390
2025-07-29 18:00:00+00:00,1.1552680730819702,1.1552680730819702,1.1542012691497803,1.1544678211212158,377
2025-07-29 19:00:00+00:00,1.155401587486267,1.1560693979263306,1.1552680730819702,1.155401587486267,498
2025-07-29 20:00:00+00:00,1.1548677682876587,1.1556684970855713,1.1548677682876587,1.155401587486267,858
2025-07-29 21:00:00+00:00,1.1552680730819702,1.1556684970855713,1.1546010971069336,1.1552680730819702,132
2025-07-29 22:00:00+00:00,1.155401587486267,1.155401587486267,1.155001163482666,1.1551345586776733,440
2025-07-29 23:00:00+00:00,1.155401587486267,1.155401587486267,1.155001163482666,1.1552680730819702,725
2025-07-30 00:00:00+00:00,1.157139539718628,1.157139539718628,1.155401587486267,1.155401587486267,188
2025-07-30 01:00:00+00:00,1.156738042831421,1.1575413942337036,1.1564704179763794,1.157273530960083,362
2025-07-30 02:00:00+00:00,1.1566041707992554,1.157139539718628,1.1564704179763794,1.156738042831421,836
2025-07-30 03:00:00+00:00,1.1564704179763794,1.1574074029922485,1.156203031539917,1.156738042831421,689
2025-07-30 04:00:00+00:00,1.1555349826812744,1.1564704179763794,1.155401587486267,1.1564704179763794,775
2025-07-30 05:00:00+00:00,1.1552680730819702,1.156336784362793,1.1552680730819702,1.155401587486267,312
2025-07-30 06:00:00+00:00,1.1560693979263306,1.156336784362793,1.154334545135498,1.155401587486267,349
2025-07-30 07:00:00+00:00,1.1556684970855713,1.1568717956542969,1.1555349826812744,1.1559356451034546,315
2025-07-30 08:00:00+00:00,1.1560693979263306,1.156203031539917,1.1552680730819702,1.1558021306991577,607
2025-07-30 09:00:00+00:00,1.155401587486267,1.156336784362793,1.1548677682876587,1.1560693979263306,392
2025-07-30 10:00:00+00:00,1.1544678211212158,1.1558021306991577,1.1535356044769287,1.1555349826812744,329
2025-07-30 11:00:00+00:00,1.15340256690979,1.154334545135498,1.1526048183441162,1.154334545135498,550
2025-07-30 12:00:00+00:00,1.147315263748169,1.1538017988204956,1.147315263748169,1.1535356044769287,251
2025-07-30 13:00:00+00:00,1.1469204425811768,1.1481056213378906,1.1461317539215088,1.1477103233337402,837
2025-07-30 14:00:00+00:00,1.1485011577606201,1.1485011577606201,1.1469204425811768,1.1475785970687866,173
2025-07-30 15:00:00+00:00,1.1471836566925049,1.1487650871276855,1.1469204425811768,1.1482374668121338,663
2025-07-30 16:00:00+00:00,1.1477103233337402,1.1477103233337402,1.1469204425811768,1.147315263748169,188
2025-07-30 17:00:00+00:00,1.1485011577606201,1.1485011577606201,1.1478420495986938,1.1478420495986938,729
2025-07-30 18:00:00+00:00,1.143379807472229,1.1502184867858887,1.1431183815002441,1.1491611003875732,951
2025-07-30 19:00:00+00:00,1.1424654722213745,1.1437721252441406,1.1419435739517212,1.142987847328186,802
2025-07-30 20:00:00+00:00,1.1406410932540894,1.1432491540908813,1.1405109167099,1.1427265405654907,251
2025-07-30 21:00:00+00:00,1.1410315036773682,1.1418131589889526,1.1406410932540894,1.1415525674819946,585
2025-07-30 22:00:00+00:00,1.1427265405654907,1.1427265405654907,1.1409013271331787,1.1409013271331787,934
2025-07-30 23:00:00+00:00,1.1431183815002441,1.143379807472229,1.1423349380493164,1.1424654722213745,912
2025-07-31 00:00:00+00:00,1.1437721252441406,1.1439030170440674,1.1431183815002441,1.1431183815002441,360
2025-07-31 01:00:00+00:00,1.1432491540908813,1.1440337896347046,1.1427265405654907,1.1437721252441406,106
2025-07-31 02:00:00+00:00,1.1432491540908813,1.1435105800628662,1.1424654722213745,1.143379807472229,765
2025-07-31 03:00:00+00:00,1.1427265405654907,1.1437721252441406,1.141291856765747,1.1432491540908813,620
2025-07-31 04:00:00+00:00,1.1436413526535034,1.1436413526535034,1.1424654722213745,1.1425960063934326,532
2025-07-31 05:00:00+00:00,1.1440337896347046,1.1445575952529907,1.1435105800628662,1.1437721252441406,185
2025-07-31 06:00:00+00:00,1.1462632417678833,1.1462632417678833,1.1440337896347046,1.1440337896347046,398
2025-07-31 07:00:00+00:00,1.1453442573547363,1.1461317539215088,1.1440337896347046,1.1458691358566284,182
2025-07-31 08:00:00+00:00,1.145213007926941,1.145737886428833,1.1442956924438477,1.145213007926941,793
2025-07-31 09:00:00+00:00,1.1439030170440674,1.1453442573547363,1.1437721252441406,1.1453442573547363,848
2025-07-31 10:00:00+00:00,1.1442956924438477,1.1442956924438477,1.1424654722213745,1.1436413526535034,595
2025-07-31 11:00:00+00:00,1.1453442573547363,1.1453442573547363,1.1440337896347046,1.1442956924438477,320
2025-07-31 12:00:00+00:00,1.1431183815002441,1.1453442573547363,1.1428571939468384,1.145213007926941,767
2025-07-31 13:00:00+00:00,1.141422152519226,1.1432491540908813,1.1410315036773682,1.1432491540908813,275
2025-07-31 14:00:00+00:00,1.1449507474899292,1.145213007926941,1.1411616802215576,1.141422152519226,192
2025-07-31 15:00:00+00:00,1.1436413526535034,1.145213007926941,1.1432491540908813,1.144819736480713,253
2025-07-31 16:00:00+00:00,1.1425960063934326,1.143379807472229,1.1424654722213745,1.1431183815002441,536
2025-07-31 17:00:00+00:00,1.1423349380493164,1.1427265405654907,1.1419435739517212,1.1425960063934326,723
2025-07-31 18:00:00+00:00,1.142987847328186,1.1436413526535034,1.1419435739517212,1.1420739889144897,140
2025-07-31 19:00:00+00:00,1.1415525674819946,1.143379807472229,1.1415525674819946,1.1431183815002441,280
2025-07-31 20:00:00+00:00,1.1418131589889526,1.1420739889144897,1.141291856765747,1.141422152519226,750
2025-07-31 21:00:00+00:00,1.1420739889144897,1.1424654722213745,1.1411616802215576,1.1418131589889526,925
2025-07-31 22:00:00+00:00,1.1419435739517212,1.1425960063934326,1.1419435739517212,1.1420739889144897,787
2025-07-31 23:00:00+00:00,1.1424654722213745,1.1428571939468384,1.1415525674819946,1.1419435739517212,656
2025-08-01 00:00:00+00:00,1.1428571939468384,1.1432491540908813,1.1420739889144897,1.1424654722213745,507
2025-08-01 01:00:00+00:00,1.1409013271331787,1.1431183815002441,1.1407711505889893,1.1427265405654907,526
2025-08-01 02:00:00+00:00,1.141422152519226,1.1418131589889526,1.1410315036773682,1.1410315036773682,331
2025-08-01 03:00:00+00:00,1.1420739889144897,1.1424654722213745,1.1415525674819946,1.1415525674819946,894
2025-08-01 04:00:00+00:00,1.1423349380493164,1.1424654722213745,1.1419435739517212,1.1420739889144897,398
2025-08-01 05:00:00+00:00,1.1436413526535034,1.1436413526535034,1.1419435739517212,1.1420739889144897,105
2025-08-01 06:00:00+00:00,1.1432491540908813,1.1440337896347046,1.142987847328186,1.1435105800628662,538
2025-08-01 07:00:00+00:00,1.1422044038772583,1.1436413526535034,1.1416828632354736,1.143379807472229,210
2025-08-01 08:00:00+00:00,1.1411616802215576,1.1423349380493164,1.1409013271331787,1.1422044038772583,461
2025-08-01 09:00:00+00:00,1.140380859375,1.1415525674819946,1.1397310495376587,1.1410315036773682,266
2025-08-01 10:00:00+00:00,1.1415525674819946,1.1420739889144897,1.1405109167099,1.1405109167099,605
2025-08-01 11:00:00+00:00,1.1409013271331787,1.1425960063934326,1.1409013271331787,1.1415525674819946,560
2025-08-01 12:00:00+00:00,1.1546010971069336,1.1556684970855713,1.1396011114120483,1.1407711505889893,611
2025-08-01 13:00:00+00:00,1.156336784362793,1.1586142778396606,1.1542012691497803,1.155401587486267,192
2025-08-01 14:00:00+00:00,1.1558021306991577,1.1583458185195923,1.1556684970855713,1.1578094959259033,358
2025-08-01 15:00:00+00:00,1.1559356451034546,1.1568717956542969,1.154068112373352,1.1556684970855713,141
2025-08-01 16:00:00+00:00,1.1544678211212158,1.1566041707992554,1.1542012691497803,1.1556684970855713,493
2025-08-01 17:00:00+00:00,1.1528706550598145,1.1542012691497803,1.1520737409591675,1.1542012691497803,991
2025-08-01 18:00:00+00:00,1.1531364917755127,1.155001163482666,1.1524720191955566,1.1531364917755127,845
2025-08-01 19:00:00+00:00,1.157273530960083,1.1584800481796265,1.1528706550598145,1.1530035734176636,451
2025-08-01 20:00:00+00:00,1.1590172052383423,1.1599582433700562,1.157273530960083,1.157273530960083,537
2025-08-01 21:00:00+00:00,1.1594202518463135,1.1594202518463135,1.1594202518463135,1.1594202518463135,950
2025-08-03 23:00:00+00:00,1.159151554107666,1.1592857837677002,1.1582117080688477,1.1587486267089844,139
2025-08-04 00:00:00+00:00,1.1560693979263306,1.159151554107666,1.1560693979263306,1.159151554107666,807
2025-08-04 01:00:00+00:00,1.1574074029922485,1.1575413942337036,1.155401587486267,1.1559356451034546,969
2025-08-04 02:00:00+00:00,1.1579434871673584,1.158077597618103,1.157273530960083,1.1578094959259033,914
2025-08-04 03:00:00+00:00,1.1582117080688477,1.1588828563690186,1.158077597618103,1.158077597618103,341
2025-08-04 04:00:00+00:00,1.1578094959259033,1.1588828563690186,1.1578094959259033,1.1582117080688477,733
2025-08-04 05:00:00+00:00,1.1574074029922485,1.1584800481796265,1.1570056676864624,1.1578094959259033,293
2025-08-04 06:00:00+00:00,1.1575413942337036,1.1586142778396606,1.156738042831421,1.157273530960083,432
2025-08-04 07:00:00+00:00,1.156738042831421,1.1582117080688477,1.1555349826812744,1.1574074029922485,413
2025-08-04 08:00:00+00:00,1.1560693979263306,1.156738042831421,1.155401587486267,1.1564704179763794,553
2025-08-04 09:00:00+00:00,1.156738042831421,1.1579434871673584,1.1559356451034546,1.156203031539917,832
2025-08-04 10:00:00+00:00,1.1576753854751587,1.1579434871673584,1.1558021306991577,1.1568717956542969,599
2025-08-04 11:00:00+00:00,1.1570056676864624,1.1588828563690186,1.1568717956542969,1.1576753854751587,663
2025-08-04 12:00:00+00:00,1.1579434871673584,1.159151554107666,1.1564704179763794,1.1570056676864624,809
2025-08-04 13:00:00+00:00,1.1578094959259033,1.159151554107666,1.1578094959259033,1.1579434871673584,590
2025-08-04 14:00:00+00:00,1.156738042831421,1.1590172052383423,1.1560693979263306,1.158077597618103,383
2025-08-04 15:00:00+00:00,1.157139539718628,1.1578094959259033,1.1564704179763794,1.1568717956542969,664
2025-08-04 16:00:00+00:00,1.1575413942337036,1.1578094959259033,1.156203031539917,1.157273530960083,370
2025-08-04 17:00:00+00:00,1.1576753854751587,1.1576753854751587,1.1566041707992554,1.1574074029922485,601
2025-08-04 18:00:00+00:00,1.1568717956542969,1.158077597618103,1.1568717956542969,1.1576753854751587,572
2025-08-04 19:00:00+00:00,1.1570056676864624,1.1575413942337036,1.156738042831421,1.157139539718628,842
2025-08-04 20:00:00+00:00,1.1576753854751587,1.1579434871673584,1.1570056676864624,1.1570056676864624,278
2025-08-04 21:00:00+00:00,1.1574074029922485,1.1578094959259033,1.1564704179763794,1.1576753854751587,197
2025-08-04 22:00:00+00:00,1.158077597618103,1.1584800481796265,1.1575413942337036,1.1575413942337036,499
2025-08-04 23:00:00+00:00,1.1587486267089844,1.1588828563690186,1.1582117080688477,1.1582117080688477,740
2025-08-05 00:00:00+00:00,1.1575413942337036,1.159151554107666,1.1575413942337036,1.1588828563690186,857
2025-08-05 01:00:00+00:00,1.156738042831421,1.1576753854751587,1.156336784362793,1.1575413942337036,607
2025-08-05 02:00:00+00:00,1.156336784362793,1.156738042831421,1.1560693979263306,1.1566041707992554,568
2025-08-05 03:00:00+00:00,1.1559356451034546,1.1564704179763794,1.1558021306991577,1.156336784362793,214
2025-08-05 04:00:00+00:00,1.1560693979263306,1.156336784362793,1.1558021306991577,1.1558021306991577,974
2025-08-05 05:00:00+00:00,1.1551345586776733,1.1560693979263306,1.1548677682876587,1.1560693979263306,848
2025-08-05 06:00:00+00:00,1.155401587486267,1.156203031539917,1.1547343730926514,1.1547343730926514,561
2025-08-05 07:00:00+00:00,1.155001163482666,1.1564704179763794,1.1542012691497803,1.1552680730819702,608
2025-08-05 08:00:00+00:00,1.1539349555969238,1.1551345586776733,1.1536686420440674,1.1546010971069336,362
2025-08-05 09:00:00+00:00,1.1546010971069336,1.155001163482666,1.15340256690979,1.1538017988204956,952
2025-08-05 10:00:00+00:00,1.1547343730926514,1.1548677682876587,1.1538017988204956,1.1544678211212158,882
2025-08-05 11:00:00+00:00,1.1542012691497803,1.155001163482666,1.1532695293426514,1.1546010971069336,781
2025-08-05 12:00:00+00:00,1.154068112373352,1.1551345586776733,1.15340256690979,1.154068112373352,205
2025-08-05 13:00:00+00:00,1.1538017988204956,1.1555349826812744,1.1536686420440674,1.154068112373352,878
2025-08-05 14:00:00+00:00,1.1568717956542969,1.1568717956542969,1.1539349555969238,1.1556684970855713,353
2025-08-05 15:00:00+00:00,1.1583458185195923,1.1586142778396606,1.156738042831421,1.1568717956542969,717
2025-08-05 16:00:00+00:00,1.1586142778396606,1.1588828563690186,1.1582117080688477,1.1583458185195923,113
2025-08-05 17:00:00+00:00,1.1582117080688477,1.1586142778396606,1.1579434871673584,1.1586142778396606,842
2025-08-05 18:00:00+00:00,1.1576753854751587,1.1582117080688477,1.1574074029922485,1.1582117080688477,546
2025-08-05 19:00:00+00:00,1.1576753854751587,1.1578094959259033,1.1570056676864624,1.1575413942337036,183
2025-08-05 20:00:00+00:00,1.158077597618103,1.158077597618103,1.1575413942337036,1.1576753854751587,565
2025-08-05 21:00:00+00:00,1.1578094959259033,1.1582117080688477,1.1574074029922485,1.1582117080688477,817
2025-08-05 22:00:00+00:00,1.1579434871673584,1.158077597618103,1.1575413942337036,1.1579434871673584,559
2025-08-05 23:00:00+00:00,1.1582117080688477,1.1583458185195923,1.1576753854751587,1.1579434871673584,242
2025-08-06 00:00:00+00:00,1.1576753854751587,1.1587486267089844,1.1576753854751587,1.1582117080688477,765
2025-08-06 01:00:00+00:00,1.157139539718628,1.1576753854751587,1.1568717956542969,1.1576753854751587,594
2025-08-06 02:00:00+00:00,1.157273530960083,1.1575413942337036,1.1568717956542969,1.1570056676864624,819
2025-08-06 03:00:00+00:00,1.1583458185195923,1.1584800481796265,1.157273530960083,1.1574074029922485,492
2025-08-06 04:00:00+00:00,1.1586142778396606,1.1588828563690186,1.1582117080688477,1.1584800481796265,192
2025-08-06 05:00:00+00:00,1.1582117080688477,1.1586142778396606,1.1578094959259033,1.1584800481796265,786
2025-08-06 06:00:00+00:00,1.1583458185195923,1.159151554107666,1.1582117080688477,1.1582117080688477,223
2025-08-06 07:00:00+00:00,1.1584800481796265,1.1584800481796265,1.1575413942337036,1.1582117080688477,945
2025-08-06 08:00:00+00:00,1.1578094959259033,1.1586142778396606,1.1575413942337036,1.1583458185195923,838
2025-08-06 09:00:00+00:00,1.1590172052383423,1.159151554107666,1.1578094959259033,1.1579434871673584,755
2025-08-06 10:00:00+00:00,1.1610356569290161,1.16130530834198,1.1587486267089844,1.1587486267089844,663
2025-08-06 11:00:00+00:00,1.1607661247253418,1.1617100238800049,1.1602274179458618,1.1609008312225342,200
2025-08-06 12:00:00+00:00,1.1626555919647217,1.163061261177063,1.160496711730957,1.1609008312225342,265
2025-08-06 13:00:00+00:00,1.1637378931045532,1.1637378931045532,1.16225004196167,1.1629259586334229,678
2025-08-06 14:00:00+00:00,1.1631964445114136,1.1640088558197021,1.162520408630371,1.1633317470550537,295
2025-08-06 15:00:00+00:00,1.164958119392395,1.164958119392395,1.1629259586334229,1.163061261177063,900
2025-08-06 16:00:00+00:00,1.1637378931045532,1.1652295589447021,1.1634671688079834,1.1648223400115967,699
2025-08-06 17:00:00+00:00,1.1652295589447021,1.1657729148864746,1.163873314857483,1.163873314857483,717
2025-08-06 18:00:00+00:00,1.1665889024734497,1.1671334505081177,1.1652295589447021,1.1652295589447021,847
2025-08-06 19:00:00+00:00,1.1659088134765625,1.1667250394821167,1.1657729148864746,1.1665889024734497,848
2025-08-06 20:00:00+00:00,1.1664528846740723,1.1664528846740723,1.1656370162963867,1.1661807298660278,128
2025-08-06 21:00:00+00:00,1.1664528846740723,1.1665889024734497,1.1656370162963867,1.1659088134765625,859
2025-08-06 22:00:00+00:00,1.1667250394821167,1.1669973134994507,1.1664528846740723,1.1664528846740723,443
2025-08-06 23:00:00+00:00,1.1665889024734497,1.1667250394821167,1.1663167476654053,1.1665889024734497,170
2025-08-07 00:00:00+00:00,1.1655012369155884,1.1664528846740723,1.1655012369155884,1.1664528846740723,724
2025-08-07 01:00:00+00:00,1.1661807298660278,1.1665889024734497,1.1653653383255005,1.1655012369155884,782
2025-08-07 02:00:00+00:00,1.16604483127594,1.1668611764907837,1.16604483127594,1.1661807298660278,107
2025-08-07 03:00:00+00:00,1.1668611764907837,1.1668611764907837,1.1656370162963867,1.16604483127594,467
2025-08-07 04:00:00+00:00,1.1675423383712769,1.1679514646530151,1.1667250394821167,1.1667250394821167,960
2025-08-07 05:00:00+00:00,1.1678149700164795,1.1679514646530151,1.1672697067260742,1.1676785945892334,814
2025-08-07 06:00:00+00:00,1.1678149700164795,1.1682243347167969,1.1671334505081177,1.1678149700164795,170
2025-08-07 07:00:00+00:00,1.1693171262741089,1.1694538593292236,1.1678149700164795,1.1678149700164795,587
2025-08-07 08:00:00+00:00,1.1686338186264038,1.1701380014419556,1.1679514646530151,1.1693171262741089,451
2025-08-07 09:00:00+00:00,1.1675423383712769,1.168770432472229,1.1674060821533203,1.168770432472229,740
2025-08-07 10:00:00+00:00,1.1672697067260742,1.1674060821533203,1.1665889024734497,1.1674060821533203,420
2025-08-07 11:00:00+00:00,1.1648223400115967,1.1674060821533203,1.1640088558197021,1.1674060821533203,648
2025-08-07 12:00:00+00:00,1.1653653383255005,1.1665889024734497,1.1642799377441406,1.1648223400115967,169
2025-08-07 13:00:00+00:00,1.164686679840088,1.16604483127594,1.1642799377441406,1.1656370162963867,743
2025-08-07 14:00:00+00:00,1.1626555919647217,1.164958119392395,1.1619800329208374,1.1648223400115967,707
2025-08-07 15:00:00+00:00,1.1644154787063599,1.1644154787063599,1.1617100238800049,1.162520408630371,859
2025-08-07 16:00:00+00:00,1.1641442775726318,1.1648223400115967,1.1640088558197021,1.1644154787063599,426
2025-08-07 17:00:00+00:00,1.163602590560913,1.1642799377441406,1.163602590560913,1.1641442775726318,284
2025-08-07 18:00:00+00:00,1.162520408630371,1.1640088558197021,1.162520408630371,1.163602590560913,661
2025-08-07 19:00:00+00:00,1.1657729148864746,1.1659088134765625,1.1623852252960205,1.1626555919647217,386
2025-08-07 20:00:00+00:00,1.1671334505081177,1.1674060821533203,1.1659088134765625,1.1659088134765625,596
2025-08-07 21:00:00+00:00,1.1668611764907837,1.1676785945892334,1.1665889024734497,1.1676785945892334,126
2025-08-07 22:00:00+00:00,1.1675423383712769,1.1678149700164795,1.1668611764907837,1.1669973134994507,783
2025-08-07 23:00:00+00:00,1.1680878400802612,1.1680878400802612,1.1674060821533203,1.1674060821533203,665
2025-08-08 00:00:00+00:00,1.1675423383712769,1.1680878400802612,1.1671334505081177,1.1680878400802612,680
2025-08-08 01:00:00+00:00,1.1661807298660278,1.1676785945892334,1.16604483127594,1.1676785945892334,279
2025-08-08 02:00:00+00:00,1.1664528846740723,1.1668611764907837,1.1661807298660278,1.1661807298660278,218
2025-08-08 03:00:00+00:00,1.1664528846740723,1.1664528846740723,1.1659088134765625,1.1664528846740723,590
2025-08-08 04:00:00+00:00,1.1661807298660278,1.1667250394821167,1.16604483127594,1.1663167476654053,714
2025-08-08 05:00:00+00:00,1.1644154787063599,1.1663167476654053,1.1644154787063599,1.1661807298660278,943
2025-08-08 06:00:00+00:00,1.1653653383255005,1.1656370162963867,1.164686679840088,1.164686679840088,439
2025-08-08 07:00:00+00:00,1.1661807298660278,1.1668611764907837,1.1653653383255005,1.1653653383255005,977
2025-08-08 08:00:00+00:00,1.1640088558197021,1.1665889024734497,1.1640088558197021,1.1661807298660278,763
2025-08-08 09:00:00+00:00,1.1644154787063599,1.164686679840088,1.1634671688079834,1.1642799377441406,658
2025-08-08 10:00:00+00:00,1.1640088558197021,1.164958119392395,1.1633317470550537,1.1644154787063599,918
2025-08-08 11:00:00+00:00,1.1645511388778687,1.1652295589447021,1.163873314857483,1.163873314857483,279
2025-08-08 12:00:00+00:00,1.1644154787063599,1.1656370162963867,1.1642799377441406,1.1648223400115967,494
2025-08-08 13:00:00+00:00,1.1653653383255005,1.1657729148864746,1.164686679840088,1.164686679840088,553
2025-08-08 14:00:00+00:00,1.1659088134765625,1.1665889024734497,1.1653653383255005,1.1653653383255005,238
2025-08-08 15:00:00+00:00,1.1664528846740723,1.1669973134994507,1.1657729148864746,1.1657729148864746,627
2025-08-08 16:00:00+00:00,1.1659088134765625,1.1665889024734497,1.1653653383255005,1.1663167476654053,358
2025-08-08 17:00:00+00:00,1.1664528846740723,1.1669973134994507,1.1657729148864746,1.1659088134765625,625
2025-08-08 18:00:00+00:00,1.1659088134765625,1.1665889024734497,1.1652295589447021,1.1659088134765625,410
2025-08-08 19:00:00+00:00,1.164686679840088,1.1659088134765625,1.1641442775726318,1.1659088134765625,297
2025-08-08 20:00:00+00:00,1.1645511388778687,1.164686679840088,1.1642799377441406,1.164686679840088,419
2025-08-08 21:00:00+00:00,1.1644154787063599,1.1644154787063599,1.1644154787063599,1.1644154787063599,991
2025-08-10 23:00:00+00:00,1.1650937795639038,1.1653653383255005,1.1648223400115967,1.1650937795639038,291
2025-08-11 00:00:00+00:00,1.1650937795639038,1.1652295589447021,1.1645511388778687,1.1650937795639038,705
2025-08-11 01:00:00+00:00,1.1661807298660278,1.1661807298660278,1.164958119392395,1.1650937795639038,922
2025-08-11 02:00:00+00:00,1.1669973134994507,1.1671334505081177,1.1665889024734497,1.1665889024734497,693
2025-08-11 03:00:00+00:00,1.1675423383712769,1.1678149700164795,1.1668611764907837,1.1668611764907837,660
2025-08-11 04:00:00+00:00,1.1675423383712769,1.1679514646530151,1.1674060821533203,1.1676785945892334,783
2025-08-11 05:00:00+00:00,1.1672697067260742,1.1675423383712769,1.1671334505081177,1.1674060821533203,430
2025-08-11 06:00:00+00:00,1.1667250394821167,1.1676785945892334,1.1667250394821167,1.1672697067260742,690
2025-08-11 07:00:00+00:00,1.1650937795639038,1.1667250394821167,1.1650937795639038,1.1667250394821167,425
2025-08-11 08:00:00+00:00,1.1659088134765625,1.1663167476654053,1.1648223400115967,1.1652295589447021,352
2025-08-11 09:00:00+00:00,1.1644154787063599,1.1661807298660278,1.1642799377441406,1.1657729148864746,183
2025-08-11 10:00:00+00:00,1.1650937795639038,1.1650937795639038,1.1644154787063599,1.1644154787063599,430
2025-08-11 11:00:00+00:00,1.1631964445114136,1.1648223400115967,1.1627906560897827,1.1648223400115967,183
2025-08-11 12:00:00+00:00,1.1623852252960205,1.1633317470550537,1.1618449687957764,1.1633317470550537,710
2025-08-11 13:00:00+00:00,1.16225004196167,1.163061261177063,1.1619800329208374,1.1623852252960205,311
2025-08-11 14:00:00+00:00,1.160092830657959,1.1621150970458984,1.1595547199249268,1.1621150970458984,182
2025-08-11 15:00:00+00:00,1.1610356569290161,1.1610356569290161,1.1594202518463135,1.160092830657959,226
2025-08-11 16:00:00+00:00,1.1610356569290161,1.161440134048462,1.1606314182281494,1.1610356569290161,788
2025-08-11 17:00:00+00:00,1.1615750789642334,1.1615750789642334,1.1602274179458618,1.1610356569290161,343
2025-08-11 18:00:00+00:00,1.1615750789642334,1.1617100238800049,1.161170482635498,1.161440134048462,442
2025-08-11 19:00:00+00:00,1.1607661247253418,1.1615750789642334,1.1606314182281494,1.161440134048462,218
2025-08-11 20:00:00+00:00,1.1619800329208374,1.16225004196167,1.1607661247253418,1.1607661247253418,988
2025-08-11 21:00:00+00:00,1.1618449687957764,1.16225004196167,1.161440134048462,1.16225004196167,974
2025-08-11 22:00:00+00:00,1.1617100238800049,1.16225004196167,1.161440134048462,1.1621150970458984,164
2025-08-11 23:00:00+00:00,1.1619800329208374,1.1621150970458984,1.1615750789642334,1.1617100238800049,300
2025-08-12 00:00:00+00:00,1.1618449687957764,1.1623852252960205,1.1615750789642334,1.1618449687957764,498
2025-08-12 01:00:00+00:00,1.16225004196167,1.1629259586334229,1.1618449687957764,1.1618449687957764,900
2025-08-12 02:00:00+00:00,1.162520408630371,1.1627906560897827,1.1621150970458984,1.16225004196167,745
2025-08-12 03:00:00+00:00,1.1623852252960205,1.1627906560897827,1.16225004196167,1.1627906560897827,476
2025-08-12 04:00:00+00:00,1.163061261177063,1.163061261177063,1.1621150970458984,1.16225004196167,156
2025-08-12 05:00:00+00:00,1.1618449687957764,1.1631964445114136,1.1617100238800049,1.1631964445114136,435
2025-08-12 06:00:00+00:00,1.16130530834198,1.16225004196167,1.16130530834198,1.1619800329208374,664
2025-08-12 07:00:00+00:00,1.1623852252960205,1.1626555919647217,1.161170482635498,1.161170482635498,179
2025-08-12 08:00:00+00:00,1.1618449687957764,1.1623852252960205,1.1615750789642334,1.16225004196167,366
2025-08-12 09:00:00+00:00,1.1610356569290161,1.1621150970458984,1.1603620052337646,1.1621150970458984,993
2025-08-12 10:00:00+00:00,1.16130530834198,1.1615750789642334,1.1609008312225342,1.1610356569290161,172
2025-08-12 11:00:00+00:00,1.1607661247253418,1.16130530834198,1.1602274179458618,1.16130530834198,344
2025-08-12 12:00:00+00:00,1.1644154787063599,1.1659088134765625,1.160496711730957,1.1610356569290161,304
2025-08-12 13:00:00+00:00,1.1657729148864746,1.1657729148864746,1.16225004196167,1.1642799377441406,540
2025-08-12 14:00:00+00:00,1.1661807298660278,1.1664528846740723,1.164686679840088,1.1659088134765625,744
2025-08-12 15:00:00+00:00,1.1676785945892334,1.1700011491775513,1.16604483127594,1.16604483127594,320
2025-08-12 16:00:00+00:00,1.1684973239898682,1.1689070463180542,1.1669973134994507,1.1676785945892334,384
2025-08-12 17:00:00+00:00,1.1676785945892334,1.1683608293533325,1.1676785945892334,1.1682243347167969,149
2025-08-12 18:00:00+00:00,1.1671334505081177,1.1682243347167969,1.1668611764907837,1.1675423383712769,222
2025-08-12 19:00:00+00:00,1.1679514646530151,1.1679514646530151,1.1668611764907837,1.1672697067260742,813
2025-08-12 20:00:00+00:00,1.1678149700164795,1.1679514646530151,1.1675423383712769,1.1678149700164795,463
2025-08-12 21:00:00+00:00,1.1676785945892334,1.1680878400802612,1.1672697067260742,1.1679514646530151,814
2025-08-12 22:00:00+00:00,1.1680878400802612,1.1680878400802612,1.1678149700164795,1.1679514646530151,935
2025-08-12 23:00:00+00:00,1.1680878400802612,1.1682243347167969,1.1678149700164795,1.1679514646530151,330
2025-08-13 00:00:00+00:00,1.1683608293533325,1.1683608293533325,1.1675423383712769,1.1680878400802612,461
2025-08-13 01:00:00+00:00,1.1680878400802612,1.1689070463180542,1.1680878400802612,1.1683608293533325,774
2025-08-13 02:00:00+00:00,1.1684973239898682,1.1689070463180542,1.1674060821533203,1.1680878400802612,996
2025-08-13 03:00:00+00:00,1.168770432472229,1.1690436601638794,1.1683608293533325,1.1684973239898682,891
2025-08-13 04:00:00+00:00,1.168770432472229,1.1689070463180542,1.1684973239898682,1.1686338186264038,311
2025-08-13 05:00:00+00:00,1.1680878400802612,1.1689070463180542,1.1680878400802612,1.168770432472229,406
2025-08-13 06:00:00+00:00,1.1697274446487427,1.1700011491775513,1.1683608293533325,1.1684973239898682,629
2025-08-13 07:00:00+00:00,1.1712344884872437,1.1715089082717896,1.1695905923843384,1.1695905923843384,509
2025-08-13 08:00:00+00:00,1.171783447265625,1.172333002090454,1.1712344884872437,1.1712344884872437,770
2025-08-13 09:00:00+00:00,1.1732958555221558,1.1732958555221558,1.171783447265625,1.171783447265625,865
2025-08-13 10:00:00+00:00,1.17205810546875,1.1732958555221558,1.1719207763671875,1.1731581687927246,146
2025-08-13 11:00:00+00:00,1.172195553779602,1.172195553779602,1.1712344884872437,1.171783447265625,345
2025-08-13 12:00:00+00:00,1.1702749729156494,1.1724703311920166,1.1701380014419556,1.172195553779602,471
2025-08-13 13:00:00+00:00,1.170823097229004,1.1709601879119873,1.1697274446487427,1.1702749729156494,189
2025-08-13 14:00:00+00:00,1.172333002090454,1.1726078987121582,1.170823097229004,1.1709601879119873,689
2025-08-13 15:00:00+00:00,1.171783447265625,1.1726078987121582,1.1712344884872437,1.172195553779602,398
2025-08-13 16:00:00+00:00,1.1710972785949707,1.171783447265625,1.1710972785949707,1.1716461181640625,651
2025-08-13 17:00:00+00:00,1.170823097229004,1.1713716983795166,1.170823097229004,1.1710972785949707,279
2025-08-13 18:00:00+00:00,1.1704120635986328,1.1706860065460205,1.1700011491775513,1.1706860065460205,769
2025-08-13 19:00:00+00:00,1.1704120635986328,1.1706860065460205,1.1701380014419556,1.1704120635986328,674
2025-08-13 20:00:00+00:00,1.170823097229004,1.1709601879119873,1.1702749729156494,1.1702749729156494,706
2025-08-13 21:00:00+00:00,1.1709601879119873,1.1715089082717896,1.1704120635986328,1.1715089082717896,163
2025-08-13 22:00:00+00:00,1.1710972785949707,1.1710972785949707,1.170823097229004,1.1709601879119873,616
2025-08-13 23:00:00+00:00,1.1716461181640625,1.1716461181640625,1.1710972785949707,1.1710972785949707,284
2025-08-14 00:00:00+00:00,1.1715089082717896,1.171783447265625,1.1713716983795166,1.1716461181640625,270
2025-08-14 01:00:00+00:00,1.1716461181640625,1.171783447265625,1.1713716983795166,1.1715089082717896,855
2025-08-14 02:00:00+00:00,1.170823097229004,1.1716461181640625,1.1702749729156494,1.1716461181640625,458
2025-08-14 03:00:00+00:00,1.1706860065460205,1.170823097229004,1.1704120635986328,1.170823097229004,588
2025-08-14 04:00:00+00:00,1.170823097229004,1.1709601879119873,1.170548915863037,1.1706860065460205,368
2025-08-14 05:00:00+00:00,1.1704120635986328,1.1706860065460205,1.1701380014419556,1.170548915863037,278
2025-08-14 06:00:00+00:00,1.1689070463180542,1.1709601879119873,1.1689070463180542,1.1706860065460205,392
2025-08-14 07:00:00+00:00,1.1683608293533325,1.1695905923843384,1.1680878400802612,1.1690436601638794,208
2025-08-14 08:00:00+00:00,1.1672697067260742,1.168770432472229,1.1671334505081177,1.1683608293533325,947
2025-08-14 09:00:00+00:00,1.1684973239898682,1.1690436601638794,1.1674060821533203,1.1674060821533203,826
2025-08-14 10:00:00+00:00,1.169864296913147,1.1700011491775513,1.1684973239898682,1.1684973239898682,548
2025-08-14 11:00:00+00:00,1.1690436601638794,1.169864296913147,1.168770432472229,1.169864296913147,839
2025-08-14 12:00:00+00:00,1.1665889024734497,1.1694538593292236,1.1653653383255005,1.1690436601638794,146
2025-08-14 13:00:00+00:00,1.1655012369155884,1.1672697067260742,1.1653653383255005,1.1664528846740723,906
2025-08-14 14:00:00+00:00,1.1664528846740723,1.1669973134994507,1.1642799377441406,1.1655012369155884,115
2025-08-14 15:00:00+00:00,1.164686679840088,1.1665889024734497,1.1642799377441406,1.1665889024734497,181
2025-08-14 16:00:00+00:00,1.1637378931045532,1.164686679840088,1.1634671688079834,1.164686679840088,325
2025-08-14 17:00:00+00:00,1.1640088558197021,1.164686679840088,1.163602590560913,1.1640088558197021,228
2025-08-14 18:00:00+00:00,1.1644154787063599,1.1645511388778687,1.163602590560913,1.1641442775726318,970
2025-08-14 19:00:00+00:00,1.1652295589447021,1.1653653383255005,1.1645511388778687,1.1645511388778687,179
2025-08-14 20:00:00+00:00,1.1650937795639038,1.1655012369155884,1.164958119392395,1.1652295589447021,264
2025-08-14 21:00:00+00:00,1.1655012369155884,1.1655012369155884,1.164958119392395,1.1652295589447021,831
2025-08-14 22:00:00+00:00,1.1653653383255005,1.1656370162963867,1.1652295589447021,1.1652295589447021,507
2025-08-14 23:00:00+00:00,1.1653653383255005,1.1656370162963867,1.164958119392395,1.1652295589447021,727
2025-08-15 00:00:00+00:00,1.1655012369155884,1.1656370162963867,1.1650937795639038,1.1653653383255005,712
2025-08-15 01:00:00+00:00,1.1656370162963867,1.16604483127594,1.1652295589447021,1.1653653383255005,795
2025-08-15 02:00:00+00:00,1.16604483127594,1.1661807298660278,1.1653653383255005,1.1656370162963867,642
2025-08-15 03:00:00+00:00,1.1663167476654053,1.1668611764907837,1.16604483127594,1.16604483127594,354
2025-08-15 04:00:00+00:00,1.1667250394821167,1.1667250394821167,1.1661807298660278,1.1663167476654053,688
2025-08-15 05:00:00+00:00,1.1674060821533203,1.1674060821533203,1.1664528846740723,1.1665889024734497,943
2025-08-15 06:00:00+00:00,1.1675423383712769,1.1678149700164795,1.1668611764907837,1.1671334505081177,823
2025-08-15 07:00:00+00:00,1.1686338186264038,1.1686338186264038,1.1675423383712769,1.1676785945892334,806
2025-08-15 08:00:00+00:00,1.1686338186264038,1.168770432472229,1.1680878400802612,1.1686338186264038,708
2025-08-15 09:00:00+00:00,1.1690436601638794,1.1691803932189941,1.1684973239898682,1.1684973239898682,557
2025-08-15 10:00:00+00:00,1.1690436601638794,1.1694538593292236,1.1683608293533325,1.1690436601638794,716
2025-08-15 11:00:00+00:00,1.1690436601638794,1.1694538593292236,1.1686338186264038,1.1690436601638794,880
2025-08-15 12:00:00+00:00,1.1697274446487427,1.1701380014419556,1.1678149700164795,1.1691803932189941,283
2025-08-15 13:00:00+00:00,1.1706860065460205,1.1709601879119873,1.1686338186264038,1.1701380014419556,543
2025-08-15 14:00:00+00:00,1.1715089082717896,1.171783447265625,1.1709601879119873,1.1709601879119873,876
2025-08-15 15:00:00+00:00,1.1709601879119873,1.171783447265625,1.170823097229004,1.1715089082717896,457
2025-08-15 16:00:00+00:00,1.1706860065460205,1.1710972785949707,1.1702749729156494,1.170823097229004,526
2025-08-15 17:00:00+00:00,1.170823097229004,1.1709601879119873,1.1702749729156494,1.1706860065460205,908
2025-08-15 18:00:00+00:00,1.170548915863037,1.1709601879119873,1.1702749729156494,1.170823097229004,497
2025-08-15 19:00:00+00:00,1.1704120635986328,1.1706860065460205,1.1704120635986328,1.170548915863037,576
2025-08-15 20:00:00+00:00,1.170823097229004,1.1710972785949707,1.1704120635986328,1.170548915863037,923
2025-08-15 21:00:00+00:00,1.170823097229004,1.170823097229004,1.170823097229004,1.170823097229004,768
2025-08-17 23:00:00+00:00,1.1710972785949707,1.171783447265625,1.170823097229004,1.171783447265625,857
2025-08-18 00:00:00+00:00,1.170548915863037,1.1713716983795166,1.1704120635986328,1.1709601879119873,294
2025-08-18 01:00:00+00:00,1.1706860065460205,1.170823097229004,1.1697274446487427,1.1704120635986328,950
2025-08-18 02:00:00+00:00,1.1704120635986328,1.170823097229004,1.1701380014419556,1.1706860065460205,213
2025-08-18 03:00:00+00:00,1.1706860065460205,1.170823097229004,1.1704120635986328,1.1704120635986328,124
2025-08-18 04:00:00+00:00,1.1712344884872437,1.1713716983795166,1.1706860065460205,1.170823097229004,804
2025-08-18 05:00:00+00:00,1.1709601879119873,1.1712344884872437,1.170548915863037,1.1710972785949707,780
2025-08-18 06:00:00+00:00,1.169864296913147,1.1710972785949707,1.1697274446487427,1.1710972785949707,551
2025-08-18 07:00:00+00:00,1.1686338186264038,1.170548915863037,1.1684973239898682,1.1700011491775513,728
2025-08-18 08:00:00+00:00,1.1684973239898682,1.1690436601638794,1.1675423383712769,1.1684973239898682,406
2025-08-18 09:00:00+00:00,1.1683608293533325,1.1689070463180542,1.1676785945892334,1.1684973239898682,909
2025-08-18 10:00:00+00:00,1.1684973239898682,1.1686338186264038,1.1680878400802612,1.1683608293533325,401
2025-08-18 11:00:00+00:00,1.1678149700164795,1.1691803932189941,1.1678149700164795,1.1684973239898682,882
2025-08-18 12:00:00+00:00,1.1678149700164795,1.1680878400802612,1.1672697067260742,1.1679514646530151,630
2025-08-18 13:00:00+00:00,1.1679514646530151,1.1680878400802612,1.1674060821533203,1.1679514646530151,860
2025-08-18 14:00:00+00:00,1.1667250394821167,1.168770432472229,1.1664528846740723,1.1680878400802612,105
2025-08-18 15:00:00+00:00,1.1671334505081177,1.1678149700164795,1.1664528846740723,1.1668611764907837,546
2025-08-18 16:00:00+00:00,1.16604483127594,1.1669973134994507,1.16604483127594,1.1668611764907837,304
2025-08-18 17:00:00+00:00,1.1665889024734497,1.1669973134994507,1.16604483127594,1.1661807298660278,922
2025-08-18 18:00:00+00:00,1.1663167476654053,1.1671334505081177,1.1661807298660278,1.1664528846740723,559
2025-08-18 19:00:00+00:00,1.1669973134994507,1.1672697067260742,1.1663167476654053,1.1663167476654053,989
2025-08-18 20:00:00+00:00,1.1665889024734497,1.1672697067260742,1.1664528846740723,1.1671334505081177,164
2025-08-18 21:00:00+00:00,1.1664528846740723,1.1668611764907837,1.1653653383255005,1.1653653383255005,578
2025-08-18 22:00:00+00:00,1.1671334505081177,1.1678149700164795,1.1664528846740723,1.1664528846740723,428
2025-08-18 23:00:00+00:00,1.1669973134994507,1.1672697067260742,1.1665889024734497,1.1671334505081177,944
2025-08-19 00:00:00+00:00,1.1661807298660278,1.1672697067260742,1.16604483127594,1.1671334505081177,333
2025-08-19 01:00:00+00:00,1.1653653383255005,1.1665889024734497,1.1644154787063599,1.1661807298660278,785
2025-08-19 02:00:00+00:00,1.1655012369155884,1.1659088134765625,1.1650937795639038,1.1650937795639038,417
2025-08-19 03:00:00+00:00,1.1657729148864746,1.1661807298660278,1.1653653383255005,1.1657729148864746,133
2025-08-19 04:00:00+00:00,1.1664528846740723,1.1664528846740723,1.1657729148864746,1.1657729148864746,664
2025-08-19 05:00:00+00:00,1.1659088134765625,1.1668611764907837,1.1657729148864746,1.1664528846740723,306
2025-08-19 06:00:00+00:00,1.1676785945892334,1.1676785945892334,1.1655012369155884,1.1657729148864746,578
2025-08-19 07:00:00+00:00,1.1686338186264038,1.168770432472229,1.1678149700164795,1.1678149700164795,152
2025-08-19 08:00:00+00:00,1.1678149700164795,1.168770432472229,1.1675423383712769,1.1686338186264038,938
2025-08-19 09:00:00+00:00,1.1682243347167969,1.1684973239898682,1.1676785945892334,1.1678149700164795,518
2025-08-19 10:00:00+00:00,1.1691803932189941,1.1695905923843384,1.1683608293533325,1.1683608293533325,162
2025-08-19 11:00:00+00:00,1.1689070463180542,1.1695905923843384,1.1683608293533325,1.1693171262741089,141
2025-08-19 12:00:00+00:00,1.1679514646530151,1.1690436601638794,1.1676785945892334,1.168770432472229,197
2025-08-19 13:00:00+00:00,1.1679514646530151,1.1680878400802612,1.1672697067260742,1.1679514646530151,972
2025-08-19 14:00:00+00:00,1.1676785945892334,1.1680878400802612,1.1667250394821167,1.1679514646530151,253
2025-08-19 15:00:00+00:00,1.1663167476654053,1.1678149700164795,1.1663167476654053,1.1675423383712769,301
2025-08-19 16:00:00+00:00,1.16604483127594,1.1665889024734497,1.1659088134765625,1.1665889024734497,741
2025-08-19 17:00:00+00:00,1.1657729148864746,1.1664528846740723,1.1656370162963867,1.16604483127594,735
2025-08-19 18:00:00+00:00,1.164958119392395,1.1657729148864746,1.164686679840088,1.1657729148864746,619
2025-08-19 19:00:00+00:00,1.164958119392395,1.1650937795639038,1.164686679840088,1.1650937795639038,863
2025-08-19 20:00:00+00:00,1.164958119392395,1.1650937795639038,1.1648223400115967,1.164958119392395,532
2025-08-19 21:00:00+00:00,1.1648223400115967,1.1657729148864746,1.164686679840088,1.164958119392395,345
2025-08-19 22:00:00+00:00,1.1652295589447021,1.1652295589447021,1.1648223400115967,1.1648223400115967,399
2025-08-19 23:00:00+00:00,1.1644154787063599,1.1650937795639038,1.1644154787063599,1.1650937795639038,625
2025-08-20 00:00:00+00:00,1.1644154787063599,1.1645511388778687,1.1634671688079834,1.1644154787063599,105
2025-08-20 01:00:00+00:00,1.163061261177063,1.1645511388778687,1.163061261177063,1.1644154787063599,489
2025-08-20 02:00:00+00:00,1.1629259586334229,1.1631964445114136,1.1626555919647217,1.163061261177063,187
2025-08-20 03:00:00+00:00,1.163602590560913,1.1640088558197021,1.163061261177063,1.163061261177063,197
2025-08-20 04:00:00+00:00,1.163873314857483,1.1641442775726318,1.163602590560913,1.163602590560913,747
2025-08-20 05:00:00+00:00,1.1642799377441406,1.1644154787063599,1.163602590560913,1.1637378931045532,797
2025-08-20 06:00:00+00:00,1.1637378931045532,1.1644154787063599,1.1626555919647217,1.1644154787063599,981
2025-08-20 07:00:00+00:00,1.164686679840088,1.1650937795639038,1.163873314857483,1.163873314857483,854
2025-08-20 08:00:00+00:00,1.1641442775726318,1.164958119392395,1.1637378931045532,1.1648223400115967,791
2025-08-20 09:00:00+00:00,1.1648223400115967,1.164958119392395,1.163873314857483,1.1642799377441406,666
2025-08-20 10:00:00+00:00,1.164958119392395,1.16604483127594,1.164686679840088,1.164686679840088,673
2025-08-20 11:00:00+00:00,1.1645511388778687,1.1652295589447021,1.1644154787063599,1.1652295589447021,831
2025-08-20 12:00:00+00:00,1.1674060821533203,1.1675423383712769,1.164686679840088,1.164686679840088,181
2025-08-20 13:00:00+00:00,1.1661807298660278,1.1675423383712769,1.16604483127594,1.1674060821533203,765
2025-08-20 14:00:00+00:00,1.1667250394821167,1.1671334505081177,1.1653653383255005,1.16604483127594,792
2025-08-20 15:00:00+00:00,1.1652295589447021,1.1665889024734497,1.164958119392395,1.1665889024734497,734
2025-08-20 16:00:00+00:00,1.1663167476654053,1.1664528846740723,1.1650937795639038,1.1650937795639038,388
2025-08-20 17:00:00+00:00,1.1675423383712769,1.1675423383712769,1.1663167476654053,1.1663167476654053,986
2025-08-20 18:00:00+00:00,1.1659088134765625,1.1669973134994507,1.1659088134765625,1.1669973134994507,479
2025-08-20 19:00:00+00:00,1.1656370162963867,1.1661807298660278,1.1656370162963867,1.1657729148864746,212
2025-08-20 20:00:00+00:00,1.1652295589447021,1.1656370162963867,1.1650937795639038,1.1656370162963867,592
2025-08-20 21:00:00+00:00,1.1655012369155884,1.1661807298660278,1.1650937795639038,1.1659088134765625,890
2025-08-20 22:00:00+00:00,1.1656370162963867,1.16604483127594,1.1656370162963867,1.1657729148864746,537
2025-08-20 23:00:00+00:00,1.1655012369155884,1.1657729148864746,1.1652295589447021,1.1656370162963867,147
2025-08-21 00:00:00+00:00,1.164958119392395,1.1656370162963867,1.1645511388778687,1.1656370162963867,877
2025-08-21 01:00:00+00:00,1.164958119392395,1.1653653383255005,1.1645511388778687,1.1652295589447021,357
2025-08-21 02:00:00+00:00,1.1650937795639038,1.1653653383255005,1.1648223400115967,1.164958119392395,751
2025-08-21 03:00:00+00:00,1.1650937795639038,1.1653653383255005,1.164686679840088,1.1650937795639038,764
2025-08-21 04:00:00+00:00,1.164958119392395,1.1652295589447021,1.164686679840088,1.164958119392395,635
2025-08-21 05:00:00+00:00,1.1652295589447021,1.1653653383255005,1.164686679840088,1.164958119392395,887
2025-08-21 06:00:00+00:00,1.1633317470550537,1.1653653383255005,1.163061261177063,1.1653653383255005,870
2025-08-21 07:00:00+00:00,1.1661807298660278,1.1664528846740723,1.1629259586334229,1.1633317470550537,564
2025-08-21 08:00:00+00:00,1.1659088134765625,1.1661807298660278,1.1655012369155884,1.1661807298660278,321
2025-08-21 09:00:00+00:00,1.1659088134765625,1.1665889024734497,1.1659088134765625,1.1659088134765625,600
2025-08-21 10:00:00+00:00,1.1653653383255005,1.16604483127594,1.1652295589447021,1.1659088134765625,590
2025-08-21 11:00:00+00:00,1.1645511388778687,1.1661807298660278,1.1645511388778687,1.1655012369155884,289
2025-08-21 12:00:00+00:00,1.1650937795639038,1.1659088134765625,1.1641442775726318,1.1644154787063599,352
2025-08-21 13:00:00+00:00,1.162520408630371,1.1652295589447021,1.1621150970458984,1.1650937795639038,418
2025-08-21 14:00:00+00:00,1.1619800329208374,1.1631964445114136,1.161170482635498,1.1623852252960205,222
2025-08-21 15:00:00+00:00,1.1610356569290161,1.1626555919647217,1.1606314182281494,1.1619800329208374,705
2025-08-21 16:00:00+00:00,1.1615750789642334,1.1615750789642334,1.1606314182281494,1.1607661247253418,442
2025-08-21 17:00:00+00:00,1.1621150970458984,1.16225004196167,1.1615750789642334,1.1615750789642334,157
2025-08-21 18:00:00+00:00,1.161440134048462,1.1621150970458984,1.161170482635498,1.1618449687957764,995
2025-08-21 19:00:00+00:00,1.1610356569290161,1.161440134048462,1.1607661247253418,1.161440134048462,591
2025-08-21 20:00:00+00:00,1.1610356569290161,1.16130530834198,1.1607661247253418,1.1609008312225342,728
2025-08-21 21:00:00+00:00,1.161170482635498,1.1617100238800049,1.1606314182281494,1.1610356569290161,715
2025-08-21 22:00:00+00:00,1.1617100238800049,1.1617100238800049,1.1609008312225342,1.1609008312225342,422
2025-08-21 23:00:00+00:00,1.1617100238800049,1.1618449687957764,1.16130530834198,1.1618449687957764,970
2025-08-22 00:00:00+00:00,1.1618449687957764,1.1621150970458984,1.161440134048462,1.161440134048462,650
2025-08-22 01:00:00+00:00,1.16130530834198,1.1619800329208374,1.1609008312225342,1.1619800329208374,920
2025-08-22 02:00:00+00:00,1.16130530834198,1.1618449687957764,1.1610356569290161,1.1610356569290161,862
2025-08-22 03:00:00+00:00,1.1594202518463135,1.16130530834198,1.1594202518463135,1.16130530834198,578
2025-08-22 04:00:00+00:00,1.1588828563690186,1.1598236560821533,1.1587486267089844,1.1594202518463135,313
2025-08-22 05:00:00+00:00,1.159151554107666,1.1592857837677002,1.1587486267089844,1.1587486267089844,879
2025-08-22 06:00:00+00:00,1.1592857837677002,1.1598236560821533,1.1587486267089844,1.159151554107666,124
2025-08-22 07:00:00+00:00,1.1599582433700562,1.1603620052337646,1.1595547199249268,1.1595547199249268,324
2025-08-22 08:00:00+00:00,1.1602274179458618,1.1602274179458618,1.1595547199249268,1.1599582433700562,156
2025-08-22 09:00:00+00:00,1.160092830657959,1.1606314182281494,1.1599582433700562,1.1602274179458618,140
2025-08-22 10:00:00+00:00,1.1599582433700562,1.1603620052337646,1.1598236560821533,1.1602274179458618,189
2025-08-22 11:00:00+00:00,1.1609008312225342,1.1610356569290161,1.1599582433700562,1.160092830657959,370
2025-08-22 12:00:00+00:00,1.16130530834198,1.1617100238800049,1.1610356569290161,1.161170482635498,350
2025-08-22 13:00:00+00:00,1.1602274179458618,1.16225004196167,1.1602274179458618,1.161170482635498,844
2025-08-22 14:00:00+00:00,1.172195553779602,1.172333002090454,1.1655012369155884,1.1655012369155884,781
2025-08-22 15:00:00+00:00,1.171783447265625,1.173433542251587,1.171783447265625,1.172195553779602,216
2025-08-22 16:00:00+00:00,1.1724703311920166,1.1728830337524414,1.171783447265625,1.171783447265625,632
2025-08-22 17:00:00+00:00,1.1741223335266113,1.1746740341186523,1.1727453470230103,1.1727453470230103,642
2025-08-22 18:00:00+00:00,1.1726078987121582,1.1742602586746216,1.1726078987121582,1.1739845275878906,315
2025-08-22 19:00:00+00:00,1.1724703311920166,1.1724703311920166,1.1719207763671875,1.1724703311920166,466
2025-08-22 20:00:00+00:00,1.1726078987121582,1.1731581687927246,1.172195553779602,1.1724703311920166,586
2025-08-22 21:00:00+00:00,1.1726078987121582,1.1726078987121582,1.1726078987121582,1.1726078987121582,290
2025-08-24 23:00:00+00:00,1.1712344884872437,1.1719207763671875,1.1710972785949707,1.1719207763671875,108
2025-08-25 00:00:00+00:00,1.1701380014419556,1.1709601879119873,1.169864296913147,1.1709601879119873,496
2025-08-25 01:00:00+00:00,1.1700011491775513,1.170823097229004,1.1697274446487427,1.1702749729156494,498
2025-08-25 02:00:00+00:00,1.1700011491775513,1.1704120635986328,1.1697274446487427,1.1697274446487427,869
2025-08-25 03:00:00+00:00,1.1710972785949707,1.1710972785949707,1.1702749729156494,1.1702749729156494,466
2025-08-25 04:00:00+00:00,1.1709601879119873,1.1712344884872437,1.1706860065460205,1.1710972785949707,493
2025-08-25 05:00:00+00:00,1.1704120635986328,1.170823097229004,1.1702749729156494,1.170823097229004,641
2025-08-25 06:00:00+00:00,1.171783447265625,1.172333002090454,1.170823097229004,1.1709601879119873,913
2025-08-25 07:00:00+00:00,1.1701380014419556,1.17205810546875,1.1700011491775513,1.171783447265625,935
2025-08-25 08:00:00+00:00,1.170823097229004,1.1713716983795166,1.1702749729156494,1.1704120635986328,522
2025-08-25 09:00:00+00:00,1.1695905923843384,1.170823097229004,1.1693171262741089,1.1706860065460205,213
2025-08-25 10:00:00+00:00,1.1691803932189941,1.1701380014419556,1.1689070463180542,1.169864296913147,778
2025-08-25 11:00:00+00:00,1.170548915863037,1.170548915863037,1.1691803932189941,1.1693171262741089,394
2025-08-25 12:00:00+00:00,1.1704120635986328,1.1706860065460205,1.1697274446487427,1.1706860065460205,255
2025-08-25 13:00:00+00:00,1.170548915863037,1.1712344884872437,1.169864296913147,1.1704120635986328,151
2025-08-25 14:00:00+00:00,1.1693171262741089,1.1709601879119873,1.1693171262741089,1.1704120635986328,142
2025-08-25 15:00:00+00:00,1.1672697067260742,1.1694538593292236,1.1669973134994507,1.1693171262741089,324
2025-08-25 16:00:00+00:00,1.1659088134765625,1.1672697067260742,1.1656370162963867,1.1671334505081177,411
2025-08-25 17:00:00+00:00,1.164958119392395,1.1659088134765625,1.1645511388778687,1.1659088134765625,630
2025-08-25 18:00:00+00:00,1.16225004196167,1.1650937795639038,1.16225004196167,1.164958119392395,675
2025-08-25 19:00:00+00:00,1.16130530834198,1.1623852252960205,1.1607661247253418,1.1623852252960205,600
2025-08-25 20:00:00+00:00,1.1621150970458984,1.1629259586334229,1.16130530834198,1.16130530834198,298
2025-08-25 21:00:00+00:00,1.16225004196167,1.1626555919647217,1.1606314182281494,1.1606314182281494,421
2025-08-25 22:00:00+00:00,1.1623852252960205,1.1626555919647217,1.1621150970458984,1.1623852252960205,848
2025-08-25 23:00:00+00:00,1.1617100238800049,1.1623852252960205,1.1617100238800049,1.1623852252960205,704
2025-08-26 00:00:00+00:00,1.1650937795639038,1.1663167476654053,1.161440134048462,1.1615750789642334,980
2025-08-26 01:00:00+00:00,1.1645511388778687,1.1653653383255005,1.163873314857483,1.1650937795639038,514
2025-08-26 02:00:00+00:00,1.1640088558197021,1.1650937795639038,1.163602590560913,1.1645511388778687,873
2025-08-26 03:00:00+00:00,1.1629259586334229,1.163873314857483,1.1627906560897827,1.163873314857483,269
2025-08-26 04:00:00+00:00,1.1633317470550537,1.1634671688079834,1.1627906560897827,1.163061261177063,915
2025-08-26 05:00:00+00:00,1.1645511388778687,1.1648223400115967,1.1633317470550537,1.1633317470550537,249
2025-08-26 06:00:00+00:00,1.162520408630371,1.1644154787063599,1.1617100238800049,1.1644154787063599,152
2025-08-26 07:00:00+00:00,1.162520408630371,1.163061261177063,1.1607661247253418,1.1626555919647217,125
2025-08-26 08:00:00+00:00,1.1621150970458984,1.1627906560897827,1.1610356569290161,1.1626555919647217,722
2025-08-26 09:00:00+00:00,1.1645511388778687,1.1645511388778687,1.16225004196167,1.16225004196167,605
2025-08-26 10:00:00+00:00,1.1648223400115967,1.164958119392395,1.1641442775726318,1.164686679840088,504
2025-08-26 11:00:00+00:00,1.1657729148864746,1.1661807298660278,1.1645511388778687,1.1648223400115967,211
2025-08-26 12:00:00+00:00,1.164958119392395,1.1663167476654053,1.164958119392395,1.1659088134765625,668
2025-08-26 13:00:00+00:00,1.1655012369155884,1.1657729148864746,1.1641442775726318,1.164958119392395,423
2025-08-26 14:00:00+00:00,1.1659088134765625,1.1668611764907837,1.1648223400115967,1.1650937795639038,869
2025-08-26 15:00:00+00:00,1.1659088134765625,1.1665889024734497,1.1653653383255005,1.1656370162963867,647
2025-08-26 16:00:00+00:00,1.1652295589447021,1.1664528846740723,1.1652295589447021,1.16604483127594,403
2025-08-26 17:00:00+00:00,1.1642799377441406,1.1656370162963867,1.1642799377441406,1.1652295589447021,833
2025-08-26 18:00:00+00:00,1.164686679840088,1.164958119392395,1.1637378931045532,1.1641442775726318,718
2025-08-26 19:00:00+00:00,1.1644154787063599,1.1652295589447021,1.1644154787063599,1.1648223400115967,523
2025-08-26 20:00:00+00:00,1.1644154787063599,1.164686679840088,1.1637378931045532,1.1644154787063599,769
2025-08-26 21:00:00+00:00,1.164958119392395,1.1652295589447021,1.1645511388778687,1.164686679840088,332
2025-08-26 22:00:00+00:00,1.164686679840088,1.1650937795639038,1.1644154787063599,1.1648223400115967,984
2025-08-26 23:00:00+00:00,1.1641442775726318,1.164686679840088,1.1641442775726318,1.1645511388778687,454
2025-08-27 00:00:00+00:00,1.1640088558197021,1.1645511388778687,1.1637378931045532,1.1641442775726318,861
2025-08-27 01:00:00+00:00,1.163602590560913,1.1644154787063599,1.1634671688079834,1.1641442775726318,134
2025-08-27 02:00:00+00:00,1.1634671688079834,1.1637378931045532,1.1629259586334229,1.1637378931045532,105
2025-08-27 03:00:00+00:00,1.1627906560897827,1.163602590560913,1.1626555919647217,1.1634671688079834,311
2025-08-27 04:00:00+00:00,1.1617100238800049,1.1627906560897827,1.1615750789642334,1.1627906560897827,961
2025-08-27 05:00:00+00:00,1.1623852252960205,1.1623852252960205,1.1617100238800049,1.1618449687957764,624
2025-08-27 06:00:00+00:00,1.1623852252960205,1.1626555919647217,1.1618449687957764,1.1623852252960205,741
2025-08-27 07:00:00+00:00,1.1607661247253418,1.162520408630371,1.160092830657959,1.162520408630371,830
2025-08-27 08:00:00+00:00,1.1592857837677002,1.1606314182281494,1.1582117080688477,1.1606314182281494,254
2025-08-27 09:00:00+00:00,1.1594202518463135,1.1598236560821533,1.1590172052383423,1.159151554107666,195
2025-08-27 10:00:00+00:00,1.1583458185195923,1.1595547199249268,1.1583458185195923,1.1592857837677002,267
2025-08-27 11:00:00+00:00,1.1588828563690186,1.1592857837677002,1.1579434871673584,1.1583458185195923,123
2025-08-27 12:00:00+00:00,1.1590172052383423,1.160092830657959,1.1588828563690186,1.159151554107666,681
2025-08-27 13:00:00+00:00,1.1602274179458618,1.1606314182281494,1.1588828563690186,1.1588828563690186,200
2025-08-27 14:00:00+00:00,1.1595547199249268,1.1606314182281494,1.1587486267089844,1.160092830657959,774
2025-08-27 15:00:00+00:00,1.161440134048462,1.161440134048462,1.1595547199249268,1.1595547199249268,160
2025-08-27 16:00:00+00:00,1.1641442775726318,1.1642799377441406,1.161440134048462,1.161440134048462,319
2025-08-27 17:00:00+00:00,1.1641442775726318,1.1645511388778687,1.163602590560913,1.1641442775726318,257
2025-08-27 18:00:00+00:00,1.1634671688079834,1.1641442775726318,1.1631964445114136,1.1641442775726318,786
2025-08-27 19:00:00+00:00,1.1637378931045532,1.163873314857483,1.1633317470550537,1.1633317470550537,142
2025-08-27 20:00:00+00:00,1.1641442775726318,1.1641442775726318,1.1634671688079834,1.163873314857483,220
2025-08-27 21:00:00+00:00,1.1640088558197021,1.1645511388778687,1.163873314857483,1.163873314857483,252
2025-08-27 22:00:00+00:00,1.1645511388778687,1.1648223400115967,1.1641442775726318,1.1642799377441406,237
2025-08-27 23:00:00+00:00,1.1650937795639038,1.1650937795639038,1.1645511388778687,1.164686679840088,758
2025-08-28 00:00:00+00:00,1.1648223400115967,1.1652295589447021,1.164686679840088,1.1650937795639038,923
2025-08-28 01:00:00+00:00,1.1648223400115967,1.1653653383255005,1.1645511388778687,1.164958119392395,347
2025-08-28 02:00:00+00:00,1.1656370162963867,1.1657729148864746,1.1648223400115967,1.1648223400115967,219
2025-08-28 03:00:00+00:00,1.164686679840088,1.1657729148864746,1.1645511388778687,1.1656370162963867,231
2025-08-28 04:00:00+00:00,1.1642799377441406,1.164686679840088,1.1642799377441406,1.164686679840088,319
2025-08-28 05:00:00+00:00,1.1642799377441406,1.1644154787063599,1.163873314857483,1.1642799377441406,238
2025-08-28 06:00:00+00:00,1.164686679840088,1.1648223400115967,1.1637378931045532,1.1641442775726318,386
2025-08-28 07:00:00+00:00,1.1648223400115967,1.1652295589447021,1.163873314857483,1.164686679840088,585
2025-08-28 08:00:00+00:00,1.1645511388778687,1.1648223400115967,1.1634671688079834,1.1648223400115967,791
2025-08-28 09:00:00+00:00,1.1652295589447021,1.1656370162963867,1.164686679840088,1.164686679840088,321
2025-08-28 10:00:00+00:00,1.1674060821533203,1.1678149700164795,1.1652295589447021,1.1653653383255005,653
2025-08-28 11:00:00+00:00,1.1668611764907837,1.1675423383712769,1.1663167476654053,1.1675423383712769,327
2025-08-28 12:00:00+00:00,1.1672697067260742,1.1690436601638794,1.1667250394821167,1.1672697067260742,904
2025-08-28 13:00:00+00:00,1.1678149700164795,1.1679514646530151,1.1663167476654053,1.1672697067260742,741
2025-08-28 14:00:00+00:00,1.1675423383712769,1.1689070463180542,1.1672697067260742,1.1674060821533203,246
2025-08-28 15:00:00+00:00,1.1675423383712769,1.1678149700164795,1.1665889024734497,1.1672697067260742,881
2025-08-28 16:00:00+00:00,1.1693171262741089,1.1693171262741089,1.1675423383712769,1.1675423383712769,450
2025-08-28 17:00:00+00:00,1.1691803932189941,1.1701380014419556,1.1690436601638794,1.1693171262741089,185
2025-08-28 18:00:00+00:00,1.1693171262741089,1.1693171262741089,1.1689070463180542,1.1691803932189941,718
2025-08-28 19:00:00+00:00,1.1686338186264038,1.1693171262741089,1.1686338186264038,1.1693171262741089,141
2025-08-28 20:00:00+00:00,1.1686338186264038,1.1686338186264038,1.1682243347167969,1.1686338186264038,520
2025-08-28 21:00:00+00:00,1.1682243347167969,1.168770432472229,1.1679514646530151,1.1683608293533325,678
2025-08-28 22:00:00+00:00,1.1678149700164795,1.1684973239898682,1.1676785945892334,1.1680878400802612,812
2025-08-28 23:00:00+00:00,1.1682243347167969,1.1684973239898682,1.1678149700164795,1.1678149700164795,921
2025-08-29 00:00:00+00:00,1.1678149700164795,1.1684973239898682,1.1676785945892334,1.1682243347167969,422
2025-08-29 01:00:00+00:00,1.16604483127594,1.1679514646530151,1.16604483127594,1.1678149700164795,410
2025-08-29 02:00:00+00:00,1.1664528846740723,1.1668611764907837,1.1663167476654053,1.1663167476654053,816
2025-08-29 03:00:00+00:00,1.1665889024734497,1.1668611764907837,1.1663167476654053,1.1664528846740723,265
2025-08-29 04:00:00+00:00,1.1668611764907837,1.1668611764907837,1.1663167476654053,1.1665889024734497,191
2025-08-29 05:00:00+00:00,1.1674060821533203,1.1674060821533203,1.1664528846740723,1.1668611764907837,558
2025-08-29 06:00:00+00:00,1.1671334505081177,1.1672697067260742,1.1665889024734497,1.1672697067260742,473
2025-08-29 07:00:00+00:00,1.1679514646530151,1.1679514646530151,1.1665889024734497,1.1669973134994507,237
2025-08-29 08:00:00+00:00,1.1678149700164795,1.1691803932189941,1.1672697067260742,1.1679514646530151,209
2025-08-29 09:00:00+00:00,1.1676785945892334,1.1684973239898682,1.1672697067260742,1.1680878400802612,113
2025-08-29 10:00:00+00:00,1.1671334505081177,1.1678149700164795,1.1668611764907837,1.1675423383712769,375
2025-08-29 11:00:00+00:00,1.1665889024734497,1.1671334505081177,1.1664528846740723,1.1669973134994507,799
2025-08-29 12:00:00+00:00,1.1661807298660278,1.1667250394821167,1.1657729148864746,1.1665889024734497,582
2025-08-29 13:00:00+00:00,1.1672697067260742,1.1674060821533203,1.1657729148864746,1.1664528846740723,507
2025-08-29 14:00:00+00:00,1.170823097229004,1.170823097229004,1.1674060821533203,1.1674060821533203,898
2025-08-29 15:00:00+00:00,1.169864296913147,1.1709601879119873,1.169864296913147,1.170823097229004,242
2025-08-29 16:00:00+00:00,1.170548915863037,1.1709601879119873,1.1697274446487427,1.169864296913147,487
2025-08-29 17:00:00+00:00,1.1700011491775513,1.170548915863037,1.1700011491775513,1.1702749729156494,749
2025-08-29 18:00:00+00:00,1.1702749729156494,1.1702749729156494,1.1697274446487427,1.1700011491775513,151
2025-08-29 19:00:00+00:00,1.1702749729156494,1.1702749729156494,1.1697274446487427,1.1701380014419556,977
2025-08-29 20:00:00+00:00,1.1690436601638794,1.1704120635986328,1.1686338186264038,1.1702749729156494,760
2025-08-29 21:00:00+00:00,1.1691803932189941,1.1691803932189941,1.1691803932189941,1.1691803932189941,853
2025-08-31 23:00:00+00:00,1.1694538593292236,1.1694538593292236,1.1690436601638794,1.1691803932189941,151
2025-09-01 00:00:00+00:00,1.1701380014419556,1.1701380014419556,1.1693171262741089,1.1693171262741089,188
2025-09-01 01:00:00+00:00,1.169864296913147,1.1700011491775513,1.1691803932189941,1.1700011491775513,467
2025-09-01 02:00:00+00:00,1.1715089082717896,1.1716461181640625,1.1700011491775513,1.1700011491775513,483
2025-09-01 03:00:00+00:00,1.1712344884872437,1.171783447265625,1.170823097229004,1.1716461181640625,580
2025-09-01 04:00:00+00:00,1.1712344884872437,1.1713716983795166,1.170823097229004,1.1710972785949707,234
2025-09-01 05:00:00+00:00,1.171783447265625,1.1719207763671875,1.1712344884872437,1.1712344884872437,777
2025-09-01 06:00:00+00:00,1.1728830337524414,1.1735711097717285,1.171783447265625,1.171783447265625,423
2025-09-01 07:00:00+00:00,1.1728830337524414,1.1730204820632935,1.1719207763671875,1.1730204820632935,167
2025-09-01 08:00:00+00:00,1.17384672164917,1.17384672164917,1.1719207763671875,1.1728830337524414,113
2025-09-01 09:00:00+00:00,1.172333002090454,1.1739845275878906,1.172333002090454,1.1739845275878906,438
2025-09-01 10:00:00+00:00,1.172333002090454,1.1728830337524414,1.172195553779602,1.172195553779602,957
2025-09-01 11:00:00+00:00,1.171783447265625,1.1732958555221558,1.171783447265625,1.172333002090454,762
2025-09-01 12:00:00+00:00,1.1710972785949707,1.17205810546875,1.1710972785949707,1.17205810546875,530
2025-09-01 13:00:00+00:00,1.1710972785949707,1.1719207763671875,1.1709601879119873,1.1710972785949707,822
2025-09-01 14:00:00+00:00,1.1713716983795166,1.171783447265625,1.1709601879119873,1.1709601879119873,866
2025-09-01 15:00:00+00:00,1.1704120635986328,1.1715089082717896,1.1704120635986328,1.1715089082717896,899
2025-09-01 16:00:00+00:00,1.170823097229004,1.170823097229004,1.1701380014419556,1.1701380014419556,690
2025-09-01 17:00:00+00:00,1.170823097229004,1.1709601879119873,1.170548915863037,1.170823097229004,484
2025-09-01 18:00:00+00:00,1.1710972785949707,1.1712344884872437,1.170823097229004,1.170823097229004,734
2025-09-01 19:00:00+00:00,1.1716461181640625,1.171783447265625,1.1710972785949707,1.1710972785949707,550
2025-09-01 20:00:00+00:00,1.1713716983795166,1.171783447265625,1.1713716983795166,1.1715089082717896,310
2025-09-01 21:00:00+00:00,1.1713716983795166,1.1716461181640625,1.1709601879119873,1.1709601879119873,621
2025-09-01 22:00:00+00:00,1.1715089082717896,1.1716461181640625,1.1712344884872437,1.1713716983795166,469
2025-09-01 23:00:00+00:00,1.171783447265625,1.17205810546875,1.1715089082717896,1.1715089082717896,725
2025-09-02 00:00:00+00:00,1.170823097229004,1.1719207763671875,1.1706860065460205,1.171783447265625,618
2025-09-02 01:00:00+00:00,1.1706860065460205,1.1709601879119873,1.1704120635986328,1.170548915863037,355
2025-09-02 02:00:00+00:00,1.1702749729156494,1.1706860065460205,1.1695905923843384,1.1706860065460205,156
2025-09-02 03:00:00+00:00,1.169864296913147,1.1702749729156494,1.1697274446487427,1.1702749729156494,914
2025-09-02 04:00:00+00:00,1.1695905923843384,1.169864296913147,1.1694538593292236,1.169864296913147,737
2025-09-02 05:00:00+00:00,1.1697274446487427,1.1701380014419556,1.1691803932189941,1.1697274446487427,742
2025-09-02 06:00:00+00:00,1.1706860065460205,1.1709601879119873,1.1700011491775513,1.1701380014419556,949
2025-09-02 07:00:00+00:00,1.164958119392395,1.1709601879119873,1.1648223400115967,1.170823097229004,187
2025-09-02 08:00:00+00:00,1.164958119392395,1.1659088134765625,1.163873314857483,1.1648223400115967,506
2025-09-02 09:00:00+00:00,1.1641442775726318,1.1650937795639038,1.163061261177063,1.164958119392395,459
2025-09-02 10:00:00+00:00,1.163602590560913,1.1644154787063599,1.163061261177063,1.163873314857483,660
2025-09-02 11:00:00+00:00,1.164958119392395,1.1653653383255005,1.1631964445114136,1.163602590560913,886
2025-09-02 12:00:00+00:00,1.1621150970458984,1.1656370162963867,1.1617100238800049,1.164958119392395,183
2025-09-02 13:00:00+00:00,1.1653653383255005,1.1653653383255005,1.1621150970458984,1.1621150970458984,748
2025-09-02 14:00:00+00:00,1.1665889024734497,1.1684973239898682,1.1664528846740723,1.1664528846740723,737
2025-09-02 15:00:00+00:00,1.1656370162963867,1.1671334505081177,1.1655012369155884,1.1664528846740723,772
2025-09-02 16:00:00+00:00,1.164686679840088,1.1657729148864746,1.164686679840088,1.1657729148864746,640
2025-09-02 17:00:00+00:00,1.164686679840088,1.1650937795639038,1.1645511388778687,1.1648223400115967,273
2025-09-02 18:00:00+00:00,1.163602590560913,1.164686679840088,1.1633317470550537,1.1645511388778687,180
2025-09-02 19:00:00+00:00,1.1644154787063599,1.1644154787063599,1.163602590560913,1.1637378931045532,457
2025-09-02 20:00:00+00:00,1.1644154787063599,1.1648223400115967,1.1642799377441406,1.1644154787063599,610
2025-09-02 21:00:00+00:00,1.1645511388778687,1.164686679840088,1.1640088558197021,1.1642799377441406,484
2025-09-02 22:00:00+00:00,1.1641442775726318,1.164686679840088,1.1640088558197021,1.1644154787063599,658
2025-09-02 23:00:00+00:00,1.1637378931045532,1.1641442775726318,1.163602590560913,1.1641442775726318,991
2025-09-03 00:00:00+00:00,1.163602590560913,1.163873314857483,1.1631964445114136,1.163602590560913,206
2025-09-03 01:00:00+00:00,1.1633317470550537,1.163873314857483,1.163061261177063,1.1637378931045532,202
2025-09-03 02:00:00+00:00,1.163061261177063,1.163873314857483,1.1629259586334229,1.1633317470550537,597
2025-09-03 03:00:00+00:00,1.1627906560897827,1.1633317470550537,1.1626555919647217,1.1631964445114136,342
2025-09-03 04:00:00+00:00,1.1634671688079834,1.1634671688079834,1.1626555919647217,1.1627906560897827,222
2025-09-03 05:00:00+00:00,1.1633317470550537,1.1637378931045532,1.163061261177063,1.1634671688079834,735
2025-09-03 06:00:00+00:00,1.163602590560913,1.1645511388778687,1.1631964445114136,1.1631964445114136,145
2025-09-03 07:00:00+00:00,1.163873314857483,1.1640088558197021,1.16130530834198,1.1637378931045532,604
2025-09-03 08:00:00+00:00,1.1659088134765625,1.16604483127594,1.1641442775726318,1.1641442775726318,671
2025-09-03 09:00:00+00:00,1.1659088134765625,1.1667250394821167,1.1656370162963867,1.1661807298660278,193
2025-09-03 10:00:00+00:00,1.164686679840088,1.16604483127594,1.1644154787063599,1.1657729148864746,659
2025-09-03 11:00:00+00:00,1.1656370162963867,1.1657729148864746,1.1644154787063599,1.1648223400115967,279
2025-09-03 12:00:00+00:00,1.1650937795639038,1.1661807298660278,1.1648223400115967,1.1656370162963867,285
2025-09-03 13:00:00+00:00,1.1652295589447021,1.1656370162963867,1.1642799377441406,1.1650937795639038,991
2025-09-03 14:00:00+00:00,1.1667250394821167,1.1683608293533325,1.1663167476654053,1.1663167476654053,406
2025-09-03 15:00:00+00:00,1.1678149700164795,1.1684973239898682,1.1667250394821167,1.1667250394821167,406
2025-09-03 16:00:00+00:00,1.1678149700164795,1.1680878400802612,1.1671334505081177,1.1678149700164795,350
2025-09-03 17:00:00+00:00,1.1664528846740723,1.1680878400802612,1.1663167476654053,1.1680878400802612,889
2025-09-03 18:00:00+00:00,1.1665889024734497,1.1671334505081177,1.1661807298660278,1.1661807298660278,765
2025-09-03 19:00:00+00:00,1.1661807298660278,1.1665889024734497,1.1659088134765625,1.1663167476654053,758
2025-09-03 20:00:00+00:00,1.1664528846740723,1.1668611764907837,1.1659088134765625,1.1661807298660278,298
2025-09-03 21:00:00+00:00,1.1664528846740723,1.1667250394821167,1.16604483127594,1.1667250394821167,148
2025-09-03 22:00:00+00:00,1.1663167476654053,1.1667250394821167,1.1663167476654053,1.1664528846740723,748
2025-09-03 23:00:00+00:00,1.1664528846740723,1.1665889024734497,1.16604483127594,1.1663167476654053,781
2025-09-04 00:00:00+00:00,1.1661807298660278,1.1664528846740723,1.1659088134765625,1.1663167476654053,252
2025-09-04 01:00:00+00:00,1.1663167476654053,1.1672697067260742,1.1657729148864746,1.1663167476654053,284
2025-09-04 02:00:00+00:00,1.1656370162963867,1.1661807298660278,1.1655012369155884,1.1661807298660278,165
2025-09-04 03:00:00+00:00,1.1656370162963867,1.1659088134765625,1.1655012369155884,1.1656370162963867,972
2025-09-04 04:00:00+00:00,1.1655012369155884,1.1659088134765625,1.1653653383255005,1.1656370162963867,528
2025-09-04 05:00:00+00:00,1.1659088134765625,1.1659088134765625,1.1652295589447021,1.1655012369155884,699
2025-09-04 06:00:00+00:00,1.1655012369155884,1.1663167476654053,1.1655012369155884,1.1659088134765625,132
2025-09-04 07:00:00+00:00,1.1655012369155884,1.16604483127594,1.1648223400115967,1.1657729148864746,365
2025-09-04 08:00:00+00:00,1.16604483127594,1.1661807298660278,1.1653653383255005,1.1655012369155884,939
2025-09-04 09:00:00+00:00,1.1645511388778687,1.1661807298660278,1.1642799377441406,1.1661807298660278,126
2025-09-04 10:00:00+00:00,1.1656370162963867,1.1661807298660278,1.164686679840088,1.164686679840088,290
2025-09-04 11:00:00+00:00,1.164686679840088,1.1656370162963867,1.1644154787063599,1.1655012369155884,680
2025-09-04 12:00:00+00:00,1.164958119392395,1.1657729148864746,1.163602590560913,1.164958119392395,526
2025-09-04 13:00:00+00:00,1.1653653383255005,1.1657729148864746,1.1641442775726318,1.1650937795639038,232
2025-09-04 14:00:00+00:00,1.163873314857483,1.1652295589447021,1.163602590560913,1.1641442775726318,316
2025-09-04 15:00:00+00:00,1.1650937795639038,1.1653653383255005,1.1634671688079834,1.1640088558197021,864
2025-09-04 16:00:00+00:00,1.1644154787063599,1.1652295589447021,1.1637378931045532,1.164958119392395,476
2025-09-04 17:00:00+00:00,1.1640088558197021,1.1644154787063599,1.163873314857483,1.1642799377441406,769
2025-09-04 18:00:00+00:00,1.164686679840088,1.1650937795639038,1.1641442775726318,1.1641442775726318,904
2025-09-04 19:00:00+00:00,1.1653653383255005,1.1655012369155884,1.1648223400115967,1.1648223400115967,732
2025-09-04 20:00:00+00:00,1.1652295589447021,1.1656370162963867,1.1652295589447021,1.1655012369155884,833
2025-09-04 21:00:00+00:00,1.1652295589447021,1.1659088134765625,1.1648223400115967,1.1656370162963867,131
2025-09-04 22:00:00+00:00,1.1652295589447021,1.1656370162963867,1.1652295589447021,1.1652295589447021,156
2025-09-04 23:00:00+00:00,1.16604483127594,1.16604483127594,1.1652295589447021,1.1653653383255005,631
2025-09-05 00:00:00+00:00,1.1663167476654053,1.1664528846740723,1.1656370162963867,1.16604483127594,280
2025-09-05 01:00:00+00:00,1.1674060821533203,1.1674060821533203,1.1664528846740723,1.1664528846740723,266
2025-09-05 02:00:00+00:00,1.1671334505081177,1.1678149700164795,1.1671334505081177,1.1674060821533203,523
2025-09-05 03:00:00+00:00,1.1675423383712769,1.1676785945892334,1.1669973134994507,1.1671334505081177,918
2025-09-05 04:00:00+00:00,1.1669973134994507,1.1675423383712769,1.1668611764907837,1.1674060821533203,851
2025-09-05 05:00:00+00:00,1.1680878400802612,1.1680878400802612,1.1669973134994507,1.1669973134994507,123
2025-09-05 06:00:00+00:00,1.1672697067260742,1.1680878400802612,1.1668611764907837,1.1678149700164795,586
2025-09-05 07:00:00+00:00,1.1680878400802612,1.1682243347167969,1.1669973134994507,1.1672697067260742,368
2025-09-05 08:00:00+00:00,1.1686338186264038,1.168770432472229,1.1679514646530151,1.1679514646530151,374
2025-09-05 09:00:00+00:00,1.1691803932189941,1.1695905923843384,1.1684973239898682,1.1686338186264038,683
2025-09-05 10:00:00+00:00,1.1695905923843384,1.1700011491775513,1.1690436601638794,1.1690436601638794,455
2025-09-05 11:00:00+00:00,1.1690436601638794,1.1694538593292236,1.1682243347167969,1.1693171262741089,432
2025-09-05 12:00:00+00:00,1.1737089157104492,1.1745359897613525,1.1690436601638794,1.1690436601638794,874
2025-09-05 13:00:00+00:00,1.175364375114441,1.175364375114441,1.1719207763671875,1.17384672164917,771
2025-09-05 14:00:00+00:00,1.1739845275878906,1.1761938333511353,1.1727453470230103,1.1750881671905518,559
2025-09-05 15:00:00+00:00,1.1761938333511353,1.1761938333511353,1.1739845275878906,1.1741223335266113,169
2025-09-05 16:00:00+00:00,1.1741223335266113,1.1763322353363037,1.1741223335266113,1.1763322353363037,519
2025-09-05 17:00:00+00:00,1.1728830337524414,1.1742602586746216,1.1728830337524414,1.1742602586746216,570
2025-09-05 18:00:00+00:00,1.17205810546875,1.1727453470230103,1.171783447265625,1.1727453470230103,525
2025-09-05 19:00:00+00:00,1.17205810546875,1.1726078987121582,1.1716461181640625,1.172195553779602,921
2025-09-05 20:00:00+00:00,1.172333002090454,1.1726078987121582,1.1719207763671875,1.17205810546875,677
2025-09-05 21:00:00+00:00,1.172333002090454,1.172333002090454,1.172333002090454,1.172333002090454,995
2025-09-07 23:00:00+00:00,1.1716461181640625,1.1719207763671875,1.1710972785949707,1.1710972785949707,903
2025-09-08 00:00:00+00:00,1.1716461181640625,1.1716461181640625,1.1709601879119873,1.1710972785949707,625
2025-09-08 01:00:00+00:00,1.1715089082717896,1.17205810546875,1.1710972785949707,1.1719207763671875,314
2025-09-08 02:00:00+00:00,1.171783447265625,1.17205810546875,1.1713716983795166,1.171783447265625,941
2025-09-08 03:00:00+00:00,1.1712344884872437,1.1719207763671875,1.1710972785949707,1.1719207763671875,410
2025-09-08 04:00:00+00:00,1.1716461181640625,1.171783447265625,1.1709601879119873,1.1713716983795166,244
2025-09-08 05:00:00+00:00,1.171783447265625,1.172333002090454,1.1716461181640625,1.1716461181640625,648
2025-09-08 06:00:00+00:00,1.1730204820632935,1.1731581687927246,1.1716461181640625,1.1719207763671875,592
2025-09-08 07:00:00+00:00,1.1735711097717285,1.1737089157104492,1.1724703311920166,1.1728830337524414,675
2025-09-08 08:00:00+00:00,1.173433542251587,1.1745359897613525,1.1730204820632935,1.1737089157104492,677
2025-09-08 09:00:00+00:00,1.1727453470230103,1.173433542251587,1.1724703311920166,1.1732958555221558,963
2025-09-08 10:00:00+00:00,1.1730204820632935,1.1732958555221558,1.1724703311920166,1.1726078987121582,692
2025-09-08 11:00:00+00:00,1.1732958555221558,1.1737089157104492,1.1727453470230103,1.1730204820632935,182
2025-09-08 12:00:00+00:00,1.1741223335266113,1.1745359897613525,1.1727453470230103,1.173433542251587,351
2025-09-08 13:00:00+00:00,1.175364375114441,1.1759172677993774,1.1741223335266113,1.1742602586746216,281
2025-09-08 14:00:00+00:00,1.1749500036239624,1.1756407022476196,1.1743981838226318,1.1755025386810303,803
2025-09-08 15:00:00+00:00,1.175364375114441,1.1755025386810303,1.1748120784759521,1.1748120784759521,172
2025-09-08 16:00:00+00:00,1.1743981838226318,1.1755025386810303,1.1739845275878906,1.1755025386810303,184
2025-09-08 17:00:00+00:00,1.1742602586746216,1.1749500036239624,1.1739845275878906,1.1743981838226318,267
2025-09-08 18:00:00+00:00,1.1764705181121826,1.1766090393066406,1.1743981838226318,1.1743981838226318,512
2025-09-08 19:00:00+00:00,1.1766090393066406,1.176885962486267,1.1763322353363037,1.1764705181121826,596
2025-09-08 20:00:00+00:00,1.1766090393066406,1.176747441291809,1.1763322353363037,1.1766090393066406,234
2025-09-08 21:00:00+00:00,1.1764705181121826,1.176747441291809,1.1761938333511353,1.1766090393066406,237
2025-09-08 22:00:00+00:00,1.176747441291809,1.176885962486267,1.1766090393066406,1.1766090393066406,110
2025-09-08 23:00:00+00:00,1.177163004875183,1.1777175664901733,1.176747441291809,1.176747441291809,232
2025-09-09 00:00:00+00:00,1.1775789260864258,1.1777175664901733,1.177024483680725,1.177163004875183,553
2025-09-09 01:00:00+00:00,1.1778563261032104,1.1781338453292847,1.177024483680725,1.1774401664733887,518
2025-09-09 02:00:00+00:00,1.177163004875183,1.177994966506958,1.177163004875183,1.1778563261032104,545
2025-09-09 03:00:00+00:00,1.176747441291809,1.1773016452789307,1.176747441291809,1.1773016452789307,131
2025-09-09 04:00:00+00:00,1.1777175664901733,1.177994966506958,1.176747441291809,1.176747441291809,623
2025-09-09 05:00:00+00:00,1.1782727241516113,1.1782727241516113,1.1775789260864258,1.1777175664901733,482
2025-09-09 06:00:00+00:00,1.176885962486267,1.1781338453292847,1.1760554313659668,1.1781338453292847,823
2025-09-09 07:00:00+00:00,1.1756407022476196,1.177163004875183,1.1752262115478516,1.1766090393066406,385
2025-09-09 08:00:00+00:00,1.1763322353363037,1.1764705181121826,1.1748120784759521,1.1755025386810303,503
2025-09-09 09:00:00+00:00,1.177163004875183,1.1774401664733887,1.1763322353363037,1.1763322353363037,476
2025-09-09 10:00:00+00:00,1.1756407022476196,1.1773016452789307,1.1756407022476196,1.177024483680725,832
2025-09-09 11:00:00+00:00,1.1745359897613525,1.1757789850234985,1.1745359897613525,1.1757789850234985,280
2025-09-09 12:00:00+00:00,1.1741223335266113,1.1748120784759521,1.1731581687927246,1.1745359897613525,996
2025-09-09 13:00:00+00:00,1.1745359897613525,1.1750881671905518,1.17384672164917,1.1739845275878906,901
2025-09-09 14:00:00+00:00,1.1735711097717285,1.1761938333511353,1.1728830337524414,1.1761938333511353,956
2025-09-09 15:00:00+00:00,1.1726078987121582,1.173433542251587,1.1719207763671875,1.173433542251587,799
2025-09-09 16:00:00+00:00,1.172195553779602,1.1732958555221558,1.172195553779602,1.1726078987121582,142
2025-09-09 17:00:00+00:00,1.1712344884872437,1.1726078987121582,1.1712344884872437,1.172195553779602,897
2025-09-09 18:00:00+00:00,1.1709601879119873,1.171783447265625,1.170823097229004,1.1710972785949707,888
2025-09-09 19:00:00+00:00,1.1710972785949707,1.1712344884872437,1.170823097229004,1.1709601879119873,310
2025-09-09 20:00:00+00:00,1.1712344884872437,1.1715089082717896,1.170823097229004,1.1709601879119873,963
2025-09-09 21:00:00+00:00,1.1719207763671875,1.1719207763671875,1.170823097229004,1.1710972785949707,761
2025-09-09 22:00:00+00:00,1.1716461181640625,1.1716461181640625,1.1712344884872437,1.1713716983795166,941
2025-09-09 23:00:00+00:00,1.170548915863037,1.1715089082717896,1.1701380014419556,1.1713716983795166,523
2025-09-10 00:00:00+00:00,1.1701380014419556,1.170548915863037,1.1700011491775513,1.1704120635986328,900
2025-09-10 01:00:00+00:00,1.1702749729156494,1.170548915863037,1.1694538593292236,1.1702749729156494,917
2025-09-10 02:00:00+00:00,1.1710972785949707,1.1710972785949707,1.1702749729156494,1.1702749729156494,904
2025-09-10 03:00:00+00:00,1.1712344884872437,1.1713716983795166,1.1710972785949707,1.1710972785949707,163
2025-09-10 04:00:00+00:00,1.1719207763671875,1.1719207763671875,1.1710972785949707,1.1712344884872437,128
2025-09-10 05:00:00+00:00,1.1712344884872437,1.1719207763671875,1.170823097229004,1.171783447265625,753
2025-09-10 06:00:00+00:00,1.1695905923843384,1.172195553779602,1.1695905923843384,1.1712344884872437,620
2025-09-10 07:00:00+00:00,1.1706860065460205,1.1710972785949707,1.1691803932189941,1.1700011491775513,732
2025-09-10 08:00:00+00:00,1.1704120635986328,1.1706860065460205,1.1694538593292236,1.1706860065460205,509
2025-09-10 09:00:00+00:00,1.1716461181640625,1.1719207763671875,1.1702749729156494,1.1702749729156494,330
2025-09-10 10:00:00+00:00,1.1704120635986328,1.171783447265625,1.1700011491775513,1.171783447265625,776
2025-09-10 11:00:00+00:00,1.170823097229004,1.1709601879119873,1.1700011491775513,1.1704120635986328,239
2025-09-10 12:00:00+00:00,1.170548915863037,1.172195553779602,1.1695905923843384,1.1709601879119873,527
2025-09-10 13:00:00+00:00,1.172333002090454,1.1727453470230103,1.1700011491775513,1.1704120635986328,467
2025-09-10 14:00:00+00:00,1.1730204820632935,1.173433542251587,1.1719207763671875,1.1724703311920166,932
2025-09-10 15:00:00+00:00,1.171783447265625,1.1732958555221558,1.171783447265625,1.1731581687927246,875
2025-09-10 16:00:00+00:00,1.1709601879119873,1.1719207763671875,1.1706860065460205,1.171783447265625,687
2025-09-10 17:00:00+00:00,1.1709601879119873,1.1713716983795166,1.170548915863037,1.170823097229004,622
2025-09-10 18:00:00+00:00,1.170823097229004,1.1715089082717896,1.1706860065460205,1.170823097229004,320
2025-09-10 19:00:00+00:00,1.1704120635986328,1.170823097229004,1.1697274446487427,1.170823097229004,842
2025-09-10 20:00:00+00:00,1.1695905923843384,1.1704120635986328,1.1695905923843384,1.1704120635986328,577
2025-09-10 21:00:00+00:00,1.1704120635986328,1.1706860065460205,1.1694538593292236,1.1700011491775513,813
2025-09-10 22:00:00+00:00,1.1706860065460205,1.1706860065460205,1.1702749729156494,1.1702749729156494,356
2025-09-10 23:00:00+00:00,1.1706860065460205,1.1709601879119873,1.170548915863037,1.170548915863037,207
2025-09-11 00:00:00+00:00,1.1697274446487427,1.170548915863037,1.1697274446487427,1.1704120635986328,116
2025-09-11 01:00:00+00:00,1.1700011491775513,1.170548915863037,1.1697274446487427,1.1697274446487427,751
2025-09-11 02:00:00+00:00,1.1700011491775513,1.1701380014419556,1.1697274446487427,1.1701380014419556,616
2025-09-11 03:00:00+00:00,1.1700011491775513,1.1702749729156494,1.169864296913147,1.1700011491775513,191
2025-09-11 04:00:00+00:00,1.1702749729156494,1.1702749729156494,1.1697274446487427,1.1700011491775513,207
2025-09-11 05:00:00+00:00,1.1693171262741089,1.1701380014419556,1.1693171262741089,1.1701380014419556,776
2025-09-11 06:00:00+00:00,1.1693171262741089,1.169864296913147,1.168770432472229,1.1693171262741089,181
2025-09-11 07:00:00+00:00,1.1695905923843384,1.169864296913147,1.1691803932189941,1.1697274446487427,391
2025-09-11 08:00:00+00:00,1.1695905923843384,1.169864296913147,1.1693171262741089,1.1694538593292236,635
2025-09-11 09:00:00+00:00,1.1689070463180542,1.1695905923843384,1.1684973239898682,1.1695905923843384,800
2025-09-11 10:00:00+00:00,1.168770432472229,1.1690436601638794,1.1683608293533325,1.1689070463180542,257
2025-09-11 11:00:00+00:00,1.1686338186264038,1.1693171262741089,1.1682243347167969,1.168770432472229,387
2025-09-11 12:00:00+00:00,1.1716461181640625,1.172195553779602,1.1669973134994507,1.1689070463180542,645
2025-09-11 13:00:00+00:00,1.1742602586746216,1.1743981838226318,1.17205810546875,1.172195553779602,198
2025-09-11 14:00:00+00:00,1.1731581687927246,1.1746740341186523,1.1728830337524414,1.1741223335266113,909
2025-09-11 15:00:00+00:00,1.1735711097717285,1.1748120784759521,1.1730204820632935,1.1730204820632935,991
2025-09-11 16:00:00+00:00,1.1739845275878906,1.1742602586746216,1.173433542251587,1.173433542251587,799
2025-09-11 17:00:00+00:00,1.1735711097717285,1.1742602586746216,1.1732958555221558,1.1739845275878906,637
2025-09-11 18:00:00+00:00,1.1739845275878906,1.1741223335266113,1.173433542251587,1.173433542251587,355
2025-09-11 19:00:00+00:00,1.1739845275878906,1.1742602586746216,1.1737089157104492,1.17384672164917,145
2025-09-11 20:00:00+00:00,1.17384672164917,1.1742602586746216,1.17384672164917,1.1739845275878906,726
2025-09-11 21:00:00+00:00,1.1741223335266113,1.1743981838226318,1.1731581687927246,1.1731581687927246,748
2025-09-11 22:00:00+00:00,1.1742602586746216,1.1743981838226318,1.17384672164917,1.17384672164917,999
2025-09-11 23:00:00+00:00,1.1737089157104492,1.1743981838226318,1.1737089157104492,1.1742602586746216,566
2025-09-12 00:00:00+00:00,1.1737089157104492,1.1737089157104492,1.1731581687927246,1.1735711097717285,515
2025-09-12 01:00:00+00:00,1.1730204820632935,1.17384672164917,1.1728830337524414,1.1737089157104492,533
2025-09-12 02:00:00+00:00,1.1730204820632935,1.1732958555221558,1.1727453470230103,1.1728830337524414,850
2025-09-12 03:00:00+00:00,1.1728830337524414,1.1730204820632935,1.1726078987121582,1.1728830337524414,861
2025-09-12 04:00:00+00:00,1.1728830337524414,1.1730204820632935,1.1724703311920166,1.1727453470230103,667
2025-09-12 05:00:00+00:00,1.173433542251587,1.1737089157104492,1.1727453470230103,1.1730204820632935,559
2025-09-12 06:00:00+00:00,1.1742602586746216,1.1742602586746216,1.1726078987121582,1.173433542251587,251
2025-09-12 07:00:00+00:00,1.1743981838226318,1.1750881671905518,1.1741223335266113,1.1745359897613525,493
2025-09-12 08:00:00+00:00,1.172195553779602,1.1743981838226318,1.1719207763671875,1.1743981838226318,437
2025-09-12 09:00:00+00:00,1.1726078987121582,1.1728830337524414,1.171783447265625,1.172195553779602,789
2025-09-12 10:00:00+00:00,1.17384672164917,1.17384672164917,1.1726078987121582,1.1726078987121582,378
2025-09-12 11:00:00+00:00,1.1724703311920166,1.17384672164917,1.1724703311920166,1.1737089157104492,324
2025-09-12 12:00:00+00:00,1.1716461181640625,1.1726078987121582,1.1706860065460205,1.1724703311920166,211
2025-09-12 13:00:00+00:00,1.171783447265625,1.1719207763671875,1.1706860065460205,1.171783447265625,834
2025-09-12 14:00:00+00:00,1.1728830337524414,1.1730204820632935,1.171783447265625,1.171783447265625,953
2025-09-12 15:00:00+00:00,1.171783447265625,1.1730204820632935,1.171783447265625,1.1728830337524414,292
2025-09-12 16:00:00+00:00,1.1730204820632935,1.173433542251587,1.1715089082717896,1.171783447265625,720
2025-09-12 17:00:00+00:00,1.1735711097717285,1.1741223335266113,1.1731581687927246,1.1731581687927246,601
2025-09-12 18:00:00+00:00,1.1745359897613525,1.1745359897613525,1.1735711097717285,1.1737089157104492,320
2025-09-12 19:00:00+00:00,1.1739845275878906,1.1745359897613525,1.17384672164917,1.1743981838226318,228
2025-09-12 20:00:00+00:00,1.1735711097717285,1.1739845275878906,1.1732958555221558,1.1739845275878906,963
2025-09-12 21:00:00+00:00,1.1731581687927246,1.1731581687927246,1.1731581687927246,1.1731581687927246,773
2025-09-14 23:00:00+00:00,1.1728830337524414,1.173433542251587,1.1728830337524414,1.1731581687927246,618
2025-09-15 00:00:00+00:00,1.1730204820632935,1.1730204820632935,1.1726078987121582,1.1730204820632935,991
2025-09-15 01:00:00+00:00,1.1731581687927246,1.1732958555221558,1.1727453470230103,1.1728830337524414,925
2025-09-15 02:00:00+00:00,1.1731581687927246,1.1732958555221558,1.1728830337524414,1.1731581687927246,166
2025-09-15 03:00:00+00:00,1.173433542251587,1.1737089157104492,1.1730204820632935,1.1731581687927246,787
2025-09-15 04:00:00+00:00,1.1737089157104492,1.17384672164917,1.173433542251587,1.1735711097717285,592
2025-09-15 05:00:00+00:00,1.1731581687927246,1.1737089157104492,1.1731581687927246,1.1737089157104492,235
2025-09-15 06:00:00+00:00,1.1728830337524414,1.1732958555221558,1.17205810546875,1.1731581687927246,147
2025-09-15 07:00:00+00:00,1.1737089157104492,1.1746740341186523,1.1728830337524414,1.1730204820632935,758
2025-09-15 08:00:00+00:00,1.1739845275878906,1.1746740341186523,1.173433542251587,1.17384672164917,411
2025-09-15 09:00:00+00:00,1.1750881671905518,1.175364375114441,1.1741223335266113,1.1741223335266113,254
2025-09-15 10:00:00+00:00,1.1756407022476196,1.1766090393066406,1.175364375114441,1.175364375114441,976
2025-09-15 11:00:00+00:00,1.1764705181121826,1.1766090393066406,1.1757789850234985,1.1757789850234985,192
2025-09-15 12:00:00+00:00,1.1773016452789307,1.1774401664733887,1.176747441291809,1.176747441291809,413
2025-09-15 13:00:00+00:00,1.1763322353363037,1.1775789260864258,1.1761938333511353,1.1773016452789307,180
2025-09-15 14:00:00+00:00,1.1761938333511353,1.1763322353363037,1.1755025386810303,1.1761938333511353,408
2025-09-15 15:00:00+00:00,1.1774401664733887,1.1775789260864258,1.1760554313659668,1.1760554313659668,859
2025-09-15 16:00:00+00:00,1.1761938333511353,1.1777175664901733,1.1760554313659668,1.1775789260864258,722
2025-09-15 17:00:00+00:00,1.1774401664733887,1.1775789260864258,1.1761938333511353,1.1761938333511353,844
2025-09-15 18:00:00+00:00,1.1773016452789307,1.1775789260864258,1.177024483680725,1.1774401664733887,180
2025-09-15 19:00:00+00:00,1.176885962486267,1.1775789260864258,1.176747441291809,1.1774401664733887,731
2025-09-15 20:00:00+00:00,1.1764705181121826,1.177163004875183,1.1763322353363037,1.176747441291809,267
2025-09-15 21:00:00+00:00,1.176885962486267,1.177024483680725,1.1764705181121826,1.176747441291809,309
2025-09-15 22:00:00+00:00,1.1766090393066406,1.176885962486267,1.1766090393066406,1.176885962486267,907
2025-09-15 23:00:00+00:00,1.1766090393066406,1.176885962486267,1.1766090393066406,1.176747441291809,967
2025-09-16 00:00:00+00:00,1.1764705181121826,1.176885962486267,1.1760554313659668,1.176747441291809,420
2025-09-16 01:00:00+00:00,1.177024483680725,1.1773016452789307,1.1761938333511353,1.1766090393066406,829
2025-09-16 02:00:00+00:00,1.177994966506958,1.177994966506958,1.177163004875183,1.177163004875183,434
2025-09-16 03:00:00+00:00,1.1784114837646484,1.1789672374725342,1.1778563261032104,1.1781338453292847,309
2025-09-16 04:00:00+00:00,1.1781338453292847,1.1782727241516113,1.1777175664901733,1.1782727241516113,477
2025-09-16 05:00:00+00:00,1.1782727241516113,1.1784114837646484,1.1777175664901733,1.1781338453292847,949
2025-09-16 06:00:00+00:00,1.1791062355041504,1.1793843507766724,1.1782727241516113,1.1784114837646484,946
2025-09-16 07:00:00+00:00,1.1798018217086792,1.1804981231689453,1.1791062355041504,1.1791062355041504,328
2025-09-16 08:00:00+00:00,1.1798018217086792,1.1806375980377197,1.1793843507766724,1.1798018217086792,820
2025-09-16 09:00:00+00:00,1.1817537546157837,1.1821727752685547,1.1800801753997803,1.1800801753997803,340
2025-09-16 10:00:00+00:00,1.1811953783035278,1.1818934679031372,1.1809163093566895,1.1816140413284302,884
2025-09-16 11:00:00+00:00,1.1817537546157837,1.1821727752685547,1.1804981231689453,1.1810559034347534,220
2025-09-16 12:00:00+00:00,1.1807769536972046,1.1818934679031372,1.1798018217086792,1.1818934679031372,426
2025-09-16 13:00:00+00:00,1.182732105255127,1.1830118894577026,1.1809163093566895,1.1809163093566895,889
2025-09-16 14:00:00+00:00,1.1855363845825195,1.1856770515441895,1.1825922727584839,1.1825922727584839,568
2025-09-16 15:00:00+00:00,1.1851149797439575,1.1853959560394287,1.1839923858642578,1.1853959560394287,224
2025-09-16 16:00:00+00:00,1.1868027448654175,1.1873664855957031,1.1851149797439575,1.1851149797439575,412
2025-09-16 17:00:00+00:00,1.1869436502456665,1.1882128715515137,1.1868027448654175,1.1869436502456665,315
2025-09-16 18:00:00+00:00,1.1870845556259155,1.1873664855957031,1.186521053314209,1.1869436502456665,202
2025-09-16 19:00:00+00:00,1.1862396001815796,1.1872254610061646,1.1862396001815796,1.1868027448654175,712
2025-09-16 20:00:00+00:00,1.1870845556259155,1.1870845556259155,1.1862396001815796,1.186380386352539,738
2025-09-16 21:00:00+00:00,1.186521053314209,1.1873664855957031,1.1846938133239746,1.1846938133239746,281
2025-09-16 22:00:00+00:00,1.1868027448654175,1.1872254610061646,1.1868027448654175,1.1870845556259155,954
2025-09-16 23:00:00+00:00,1.1873664855957031,1.1876484155654907,1.1869436502456665,1.1869436502456665,299
2025-09-17 00:00:00+00:00,1.1862396001815796,1.1875073909759521,1.1862396001815796,1.1875073909759521,684
2025-09-17 01:00:00+00:00,1.1859582662582397,1.1862396001815796,1.1855363845825195,1.1860989332199097,584
2025-09-17 02:00:00+00:00,1.1859582662582397,1.1860989332199097,1.1855363845825195,1.1859582662582397,324
2025-09-17 03:00:00+00:00,1.1855363845825195,1.1860989332199097,1.1855363845825195,1.1858175992965698,451
2025-09-17 04:00:00+00:00,1.1858175992965698,1.1858175992965698,1.1855363845825195,1.1855363845825195,394
2025-09-17 05:00:00+00:00,1.1860989332199097,1.186380386352539,1.1858175992965698,1.1858175992965698,454
2025-09-17 06:00:00+00:00,1.1859582662582397,1.1860989332199097,1.1855363845825195,1.1859582662582397,333
2025-09-17 07:00:00+00:00,1.184413194656372,1.1858175992965698,1.1842728853225708,1.1858175992965698,822
2025-09-17 08:00:00+00:00,1.1852554082870483,1.1853959560394287,1.184413194656372,1.184413194656372,950
2025-09-17 09:00:00+00:00,1.1848341226577759,1.1852554082870483,1.1845533847808838,1.1851149797439575,241
2025-09-17 10:00:00+00:00,1.1839923858642578,1.1849744319915771,1.1838523149490356,1.1848341226577759,283
2025-09-17 11:00:00+00:00,1.1842728853225708,1.1849744319915771,1.1838523149490356,1.1839923858642578,637
2025-09-17 12:00:00+00:00,1.1846938133239746,1.1846938133239746,1.1838523149490356,1.1842728853225708,608
2025-09-17 13:00:00+00:00,1.1853959560394287,1.1855363845825195,1.1846938133239746,1.1846938133239746,742
2025-09-17 14:00:00+00:00,1.1853959560394287,1.1860989332199097,1.1849744319915771,1.1851149797439575,518
2025-09-17 15:00:00+00:00,1.1848341226577759,1.1856770515441895,1.1848341226577759,1.1852554082870483,890
2025-09-17 16:00:00+00:00,1.1856770515441895,1.1859582662582397,1.1846938133239746,1.1848341226577759,492
2025-09-17 17:00:00+00:00,1.1855363845825195,1.1858175992965698,1.1851149797439575,1.1855363845825195,875
2025-09-17 18:00:00+00:00,1.1838523149490356,1.1918951272964478,1.1825922727584839,1.1883541345596313,402
2025-09-17 19:00:00+00:00,1.182732105255127,1.1859582662582397,1.1825922727584839,1.183712124824524,923
2025-09-17 20:00:00+00:00,1.1816140413284302,1.1830118894577026,1.1811953783035278,1.1830118894577026,676
2025-09-17 21:00:00+00:00,1.1821727752685547,1.1824523210525513,1.18035888671875,1.18035888671875,142
2025-09-17 22:00:00+00:00,1.1823126077651978,1.1825922727584839,1.1816140413284302,1.1821727752685547,571
2025-09-17 23:00:00+00:00,1.1828720569610596,1.1831519603729248,1.1821727752685547,1.1823126077651978,703
2025-09-18 00:00:00+00:00,1.1828720569610596,1.1831519603729248,1.1818934679031372,1.182732105255127,181
2025-09-18 01:00:00+00:00,1.1817537546157837,1.1831519603729248,1.1810559034347534,1.1831519603729248,192
2025-09-18 02:00:00+00:00,1.1823126077651978,1.1825922727584839,1.1817537546157837,1.1818934679031372,267
2025-09-18 03:00:00+00:00,1.1816140413284302,1.1825922727584839,1.1816140413284302,1.1824523210525513,680
2025-09-18 04:00:00+00:00,1.179940938949585,1.1817537546157837,1.1798018217086792,1.1814744472503662,651
2025-09-18 05:00:00+00:00,1.1793843507766724,1.18035888671875,1.1791062355041504,1.179940938949585,620
2025-09-18 06:00:00+00:00,1.1798018217086792,1.18035888671875,1.178550362586975,1.1796625852584839,686
2025-09-18 07:00:00+00:00,1.1835720539093018,1.1841325759887695,1.1798018217086792,1.1798018217086792,278
2025-09-18 08:00:00+00:00,1.1831519603729248,1.183712124824524,1.1824523210525513,1.18343186378479,366
2025-09-18 09:00:00+00:00,1.1842728853225708,1.1851149797439575,1.1831519603729248,1.18343186378479,173
2025-09-18 10:00:00+00:00,1.1839923858642578,1.1842728853225708,1.1835720539093018,1.1841325759887695,634
2025-09-18 11:00:00+00:00,1.1830118894577026,1.1839923858642578,1.1824523210525513,1.1838523149490356,662
2025-09-18 12:00:00+00:00,1.179940938949585,1.182732105255127,1.179940938949585,1.1825922727584839,219
2025-09-18 13:00:00+00:00,1.177024483680725,1.179940938949585,1.1755025386810303,1.1798018217086792,911
2025-09-18 14:00:00+00:00,1.1778563261032104,1.1782727241516113,1.176747441291809,1.176885962486267,523
2025-09-18 15:00:00+00:00,1.1782727241516113,1.1791062355041504,1.1774401664733887,1.177994966506958,375
2025-09-18 16:00:00+00:00,1.1791062355041504,1.1791062355041504,1.1775789260864258,1.1784114837646484,105
2025-09-18 17:00:00+00:00,1.1791062355041504,1.1796625852584839,1.1789672374725342,1.1791062355041504,836
2025-09-18 18:00:00+00:00,1.1791062355041504,1.1792453527450562,1.178550362586975,1.1791062355041504,356
2025-09-18 19:00:00+00:00,1.1786893606185913,1.1795234680175781,1.1786893606185913,1.1792453527450562,679
2025-09-18 20:00:00+00:00,1.1789672374725342,1.1789672374725342,1.178550362586975,1.178550362586975,859
2025-09-18 21:00:00+00:00,1.1791062355041504,1.1792453527450562,1.1784114837646484,1.178550362586975,780
2025-09-18 22:00:00+00:00,1.1789672374725342,1.1792453527450562,1.178828239440918,1.1791062355041504,902
2025-09-18 23:00:00+00:00,1.1792453527450562,1.1793843507766724,1.1789672374725342,1.1789672374725342,164
2025-09-19 00:00:00+00:00,1.1789672374725342,1.1793843507766724,1.1778563261032104,1.1792453527450562,870
2025-09-19 01:00:00+00:00,1.177994966506958,1.1789672374725342,1.177994966506958,1.1789672374725342,751
2025-09-19 02:00:00+00:00,1.1782727241516113,1.1784114837646484,1.1775789260864258,1.177994966506958,217
2025-09-19 03:00:00+00:00,1.178550362586975,1.1795234680175781,1.178550362586975,1.178550362586975,705
2025-09-19 04:00:00+00:00,1.1777175664901733,1.1792453527450562,1.1774401664733887,1.1786893606185913,994
2025-09-19 05:00:00+00:00,1.1775789260864258,1.1781338453292847,1.1774401664733887,1.1777175664901733,979
2025-09-19 06:00:00+00:00,1.177024483680725,1.177994966506958,1.176747441291809,1.1774401664733887,769
2025-09-19 07:00:00+00:00,1.1773016452789307,1.1781338453292847,1.1761938333511353,1.177163004875183,347
2025-09-19 08:00:00+00:00,1.1764705181121826,1.177163004875183,1.1756407022476196,1.177163004875183,377
2025-09-19 09:00:00+00:00,1.1763322353363037,1.177163004875183,1.1760554313659668,1.1763322353363037,882
2025-09-19 10:00:00+00:00,1.1764705181121826,1.176885962486267,1.1761938333511353,1.1764705181121826,858
2025-09-19 11:00:00+00:00,1.1739845275878906,1.1764705181121826,1.17384672164917,1.1763322353363037,118
2025-09-19 12:00:00+00:00,1.1739845275878906,1.1745359897613525,1.1731581687927246,1.1739845275878906,982
2025-09-19 13:00:00+00:00,1.1760554313659668,1.1766090393066406,1.1741223335266113,1.1741223335266113,653
2025-09-19 14:00:00+00:00,1.1760554313659668,1.177024483680725,1.1760554313659668,1.1764705181121826,806
2025-09-19 15:00:00+00:00,1.1756407022476196,1.1761938333511353,1.1742602586746216,1.1760554313659668,763
2025-09-19 16:00:00+00:00,1.1756407022476196,1.1757789850234985,1.1743981838226318,1.1757789850234985,375
2025-09-19 17:00:00+00:00,1.175364375114441,1.1757789850234985,1.1752262115478516,1.1756407022476196,438
2025-09-19 18:00:00+00:00,1.1752262115478516,1.1755025386810303,1.1750881671905518,1.1755025386810303,614
2025-09-19 19:00:00+00:00,1.1750881671905518,1.175364375114441,1.1749500036239624,1.1750881671905518,734
2025-09-19 20:00:00+00:00,1.1746740341186523,1.1750881671905518,1.1743981838226318,1.1750881671905518,858
2025-09-19 21:00:00+00:00,1.1745359897613525,1.1745359897613525,1.1745359897613525,1.1745359897613525,412
2025-09-21 23:00:00+00:00,1.1739845275878906,1.1745359897613525,1.1739845275878906,1.1743981838226318,107
2025-09-22 00:00:00+00:00,1.17384672164917,1.1741223335266113,1.1730204820632935,1.17384672164917,132
2025-09-22 01:00:00+00:00,1.1735711097717285,1.1743981838226318,1.1735711097717285,1.1742602586746216,410
2025-09-22 02:00:00+00:00,1.1731581687927246,1.1737089157104492,1.1731581687927246,1.1737089157104492,103
2025-09-22 03:00:00+00:00,1.1735711097717285,1.17384672164917,1.1732958555221558,1.1732958555221558,998
2025-09-22 04:00:00+00:00,1.173433542251587,1.1735711097717285,1.1730204820632935,1.173433542251587,148
2025-09-22 05:00:00+00:00,1.1741223335266113,1.1741223335266113,1.1732958555221558,1.173433542251587,974
2025-09-22 06:00:00+00:00,1.1746740341186523,1.1750881671905518,1.1739845275878906,1.1742602586746216,115
2025-09-22 07:00:00+00:00,1.1752262115478516,1.1757789850234985,1.1742602586746216,1.1748120784759521,542
2025-09-22 08:00:00+00:00,1.1766090393066406,1.177163004875183,1.175364375114441,1.175364375114441,190
2025-09-22 09:00:00+00:00,1.177994966506958,1.177994966506958,1.1766090393066406,1.1766090393066406,108
2025-09-22 10:00:00+00:00,1.1777175664901733,1.1786893606185913,1.1777175664901733,1.1778563261032104,862
2025-09-22 11:00:00+00:00,1.1781338453292847,1.1784114837646484,1.1773016452789307,1.1777175664901733,536
2025-09-22 12:00:00+00:00,1.1786893606185913,1.1791062355041504,1.1777175664901733,1.1782727241516113,385
2025-09-22 13:00:00+00:00,1.177994966506958,1.1789672374725342,1.1773016452789307,1.1784114837646484,700
2025-09-22 14:00:00+00:00,1.1773016452789307,1.1777175664901733,1.176747441291809,1.1775789260864258,933
2025-09-22 15:00:00+00:00,1.1775789260864258,1.1778563261032104,1.176885962486267,1.1774401664733887,818
2025-09-22 16:00:00+00:00,1.1791062355041504,1.1793843507766724,1.1775789260864258,1.1777175664901733,456
2025-09-22 17:00:00+00:00,1.179940938949585,1.179940938949585,1.1789672374725342,1.1791062355041504,283
2025-09-22 18:00:00+00:00,1.1800801753997803,1.1800801753997803,1.1796625852584839,1.1800801753997803,546
2025-09-22 19:00:00+00:00,1.18035888671875,1.1804981231689453,1.179940938949585,1.1800801753997803,122
2025-09-22 20:00:00+00:00,1.18035888671875,1.1804981231689453,1.1802195310592651,1.18035888671875,985
2025-09-22 21:00:00+00:00,1.1802195310592651,1.1811953783035278,1.1795234680175781,1.1807769536972046,655
2025-09-22 22:00:00+00:00,1.1804981231689453,1.1807769536972046,1.18035888671875,1.1804981231689453,168
2025-09-22 23:00:00+00:00,1.18035888671875,1.1806375980377197,1.18035888671875,1.1804981231689453,117
2025-09-23 00:00:00+00:00,1.1810559034347534,1.1810559034347534,1.1800801753997803,1.18035888671875,227
2025-09-23 01:00:00+00:00,1.1818934679031372,1.1821727752685547,1.1807769536972046,1.1810559034347534,795
2025-09-23 02:00:00+00:00,1.1807769536972046,1.1818934679031372,1.1806375980377197,1.1818934679031372,650
2025-09-23 03:00:00+00:00,1.1809163093566895,1.1809163093566895,1.1800801753997803,1.1807769536972046,840
2025-09-23 04:00:00+00:00,1.1802195310592651,1.1810559034347534,1.1800801753997803,1.1809163093566895,282
2025-09-23 05:00:00+00:00,1.1802195310592651,1.1807769536972046,1.179940938949585,1.179940938949585,563
2025-09-23 06:00:00+00:00,1.179940938949585,1.1807769536972046,1.1793843507766724,1.1800801753997803,493
2025-09-23 07:00:00+00:00,1.1795234680175781,1.1802195310592651,1.178550362586975,1.1798018217086792,907
2025-09-23 08:00:00+00:00,1.1804981231689453,1.1807769536972046,1.1789672374725342,1.1791062355041504,905
2025-09-23 09:00:00+00:00,1.1804981231689453,1.1814744472503662,1.18035888671875,1.1806375980377197,297
2025-09-23 10:00:00+00:00,1.179940938949585,1.1809163093566895,1.1795234680175781,1.1804981231689453,504
2025-09-23 11:00:00+00:00,1.1795234680175781,1.18035888671875,1.1795234680175781,1.179940938949585,355
2025-09-23 12:00:00+00:00,1.1800801753997803,1.1800801753997803,1.1789672374725342,1.1796625852584839,608
2025-09-23 13:00:00+00:00,1.1802195310592651,1.1807769536972046,1.1789672374725342,1.1804981231689453,613
2025-09-23 14:00:00+00:00,1.179940938949585,1.1806375980377197,1.1796625852584839,1.1806375980377197,249
2025-09-23 15:00:00+00:00,1.1800801753997803,1.1802195310592651,1.1792453527450562,1.1800801753997803,130
2025-09-23 16:00:00+00:00,1.1807769536972046,1.1811953783035278,1.1796625852584839,1.1802195310592651,336
2025-09-23 17:00:00+00:00,1.1816140413284302,1.1820330619812012,1.1807769536972046,1.1809163093566895,865
2025-09-23 18:00:00+00:00,1.1814744472503662,1.1820330619812012,1.1813349723815918,1.1813349723815918,654
2025-09-23 19:00:00+00:00,1.1820330619812012,1.1820330619812012,1.1811953783035278,1.1816140413284302,757
2025-09-23 20:00:00+00:00,1.1816140413284302,1.1821727752685547,1.1814744472503662,1.1820330619812012,325
2025-09-23 21:00:00+00:00,1.1817537546157837,1.1820330619812012,1.1814744472503662,1.1820330619812012,636
2025-09-23 22:00:00+00:00,1.1817537546157837,1.1823126077651978,1.1817537546157837,1.1820330619812012,650
2025-09-23 23:00:00+00:00,1.1818934679031372,1.1820330619812012,1.1816140413284302,1.1817537546157837,508
2025-09-24 00:00:00+00:00,1.1807769536972046,1.1817537546157837,1.1807769536972046,1.1817537546157837,592
2025-09-24 01:00:00+00:00,1.18035888671875,1.1807769536972046,1.1802195310592651,1.1807769536972046,857
2025-09-24 02:00:00+00:00,1.1800801753997803,1.1807769536972046,1.179940938949585,1.1802195310592651,226
2025-09-24 03:00:00+00:00,1.1800801753997803,1.18035888671875,1.179940938949585,1.179940938949585,134
2025-09-24 04:00:00+00:00,1.1806375980377197,1.1807769536972046,1.179940938949585,1.179940938949585,724
2025-09-24 05:00:00+00:00,1.1800801753997803,1.1807769536972046,1.1796625852584839,1.1806375980377197,206
2025-09-24 06:00:00+00:00,1.1792453527450562,1.1806375980377197,1.1791062355041504,1.18035888671875,430
2025-09-24 07:00:00+00:00,1.1792453527450562,1.1796625852584839,1.178828239440918,1.1795234680175781,151
2025-09-24 08:00:00+00:00,1.1775789260864258,1.178828239440918,1.177024483680725,1.1786893606185913,185
2025-09-24 09:00:00+00:00,1.177163004875183,1.1778563261032104,1.1766090393066406,1.1777175664901733,247
2025-09-24 10:00:00+00:00,1.1755025386810303,1.1773016452789307,1.1755025386810303,1.177163004875183,134
2025-09-24 11:00:00+00:00,1.175364375114441,1.1757789850234985,1.1750881671905518,1.1755025386810303,841
2025-09-24 12:00:00+00:00,1.1746740341186523,1.1760554313659668,1.1743981838226318,1.175364375114441,258
2025-09-24 13:00:00+00:00,1.1742602586746216,1.1746740341186523,1.173433542251587,1.1746740341186523,916
2025-09-24 14:00:00+00:00,1.1746740341186523,1.1749500036239624,1.1731581687927246,1.1737089157104492,978
2025-09-24 15:00:00+00:00,1.1743981838226318,1.1748120784759521,1.1741223335266113,1.1746740341186523,621
2025-09-24 16:00:00+00:00,1.1737089157104492,1.1746740341186523,1.173433542251587,1.1743981838226318,723
2025-09-24 17:00:00+00:00,1.1741223335266113,1.1743981838226318,1.1735711097717285,1.1735711097717285,656
2025-09-24 18:00:00+00:00,1.1739845275878906,1.1742602586746216,1.1737089157104492,1.1742602586746216,804
2025-09-24 19:00:00+00:00,1.1741223335266113,1.1742602586746216,1.1735711097717285,1.17384672164917,390
2025-09-24 20:00:00+00:00,1.1741223335266113,1.1742602586746216,1.17384672164917,1.1742602586746216,243
2025-09-24 21:00:00+00:00,1.1743981838226318,1.1748120784759521,1.1737089157104492,1.1737089157104492,310
2025-09-24 22:00:00+00:00,1.1748120784759521,1.1748120784759521,1.1742602586746216,1.1742602586746216,568
2025-09-24 23:00:00+00:00,1.1745359897613525,1.1749500036239624,1.1745359897613525,1.1748120784759521,287
2025-09-25 00:00:00+00:00,1.1750881671905518,1.1750881671905518,1.1743981838226318,1.1745359897613525,154
2025-09-25 01:00:00+00:00,1.1748120784759521,1.1752262115478516,1.1743981838226318,1.1752262115478516,364
2025-09-25 02:00:00+00:00,1.175364375114441,1.1755025386810303,1.1746740341186523,1.1749500036239624,118
2025-09-25 03:00:00+00:00,1.1756407022476196,1.1757789850234985,1.1750881671905518,1.1752262115478516,770
2025-09-25 04:00:00+00:00,1.1755025386810303,1.1756407022476196,1.1752262115478516,1.1756407022476196,242
2025-09-25 05:00:00+00:00,1.1745359897613525,1.1755025386810303,1.1743981838226318,1.1755025386810303,352
2025-09-25 06:00:00+00:00,1.1750881671905518,1.1755025386810303,1.1742602586746216,1.1743981838226318,762
2025-09-25 07:00:00+00:00,1.1737089157104492,1.1750881671905518,1.1735711097717285,1.1748120784759521,711
2025-09-25 08:00:00+00:00,1.1745359897613525,1.1748120784759521,1.173433542251587,1.1737089157104492,865
2025-09-25 09:00:00+00:00,1.1749500036239624,1.1755025386810303,1.1743981838226318,1.1746740341186523,136
2025-09-25 10:00:00+00:00,1.1750881671905518,1.1756407022476196,1.1749500036239624,1.1749500036239624,314
2025-09-25 11:00:00+00:00,1.1743981838226318,1.1749500036239624,1.17384672164917,1.1749500036239624,431
2025-09-25 12:00:00+00:00,1.1702749729156494,1.1746740341186523,1.1693171262741089,1.1743981838226318,892
2025-09-25 13:00:00+00:00,1.1690436601638794,1.1713716983795166,1.168770432472229,1.1701380014419556,341
2025-09-25 14:00:00+00:00,1.1679514646530151,1.1697274446487427,1.1678149700164795,1.1686338186264038,536
2025-09-25 15:00:00+00:00,1.1676785945892334,1.1683608293533325,1.1671334505081177,1.1678149700164795,632
2025-09-25 16:00:00+00:00,1.1674060821533203,1.1686338186264038,1.1672697067260742,1.1676785945892334,825
2025-09-25 17:00:00+00:00,1.1661807298660278,1.1675423383712769,1.1656370162963867,1.1675423383712769,632
2025-09-25 18:00:00+00:00,1.1655012369155884,1.1661807298660278,1.1650937795639038,1.1661807298660278,545
2025-09-25 19:00:00+00:00,1.1664528846740723,1.1665889024734497,1.1656370162963867,1.1656370162963867,779
2025-09-25 20:00:00+00:00,1.1669973134994507,1.1672697067260742,1.1663167476654053,1.1664528846740723,816
2025-09-25 21:00:00+00:00,1.1664528846740723,1.1671334505081177,1.1664528846740723,1.1669973134994507,422
2025-09-25 22:00:00+00:00,1.1671334505081177,1.1671334505081177,1.1667250394821167,1.1668611764907837,334
2025-09-25 23:00:00+00:00,1.1665889024734497,1.1671334505081177,1.1663167476654053,1.1671334505081177,316
2025-09-26 00:00:00+00:00,1.1674060821533203,1.1674060821533203,1.1661807298660278,1.1664528846740723,617
2025-09-26 01:00:00+00:00,1.1671334505081177,1.1676785945892334,1.1669973134994507,1.1675423383712769,534
2025-09-26 02:00:00+00:00,1.1680878400802612,1.1682243347167969,1.1671334505081177,1.1671334505081177,490
2025-09-26 03:00:00+00:00,1.1680878400802612,1.1682243347167969,1.1678149700164795,1.1679514646530151,922
2025-09-26 04:00:00+00:00,1.1682243347167969,1.1684973239898682,1.1678149700164795,1.1680878400802612,290
2025-09-26 05:00:00+00:00,1.1680878400802612,1.1684973239898682,1.1679514646530151,1.1683608293533325,347
2025-09-26 06:00:00+00:00,1.1683608293533325,1.1686338186264038,1.1675423383712769,1.1679514646530151,320
2025-09-26 07:00:00+00:00,1.1676785945892334,1.1686338186264038,1.1672697067260742,1.1680878400802612,124
2025-09-26 08:00:00+00:00,1.1683608293533325,1.1690436601638794,1.1675423383712769,1.1675423383712769,325
2025-09-26 09:00:00+00:00,1.1682243347167969,1.168770432472229,1.1679514646530151,1.1682243347167969,398
2025-09-26 10:00:00+00:00,1.1665889024734497,1.1683608293533325,1.1665889024734497,1.1680878400802612,348
2025-09-26 11:00:00+00:00,1.1671334505081177,1.1678149700164795,1.1665889024734497,1.1668611764907837,496
2025-09-26 12:00:00+00:00,1.1684973239898682,1.168770432472229,1.1672697067260742,1.1672697067260742,459
2025-09-26 13:00:00+00:00,1.168770432472229,1.1695905923843384,1.1682243347167969,1.1690436601638794,982
2025-09-26 14:00:00+00:00,1.1695905923843384,1.1706860065460205,1.1690436601638794,1.1690436601638794,340
2025-09-26 15:00:00+00:00,1.1694538593292236,1.1702749729156494,1.1691803932189941,1.1694538593292236,290
2025-09-26 16:00:00+00:00,1.1697274446487427,1.1700011491775513,1.1691803932189941,1.1694538593292236,425
2025-09-26 17:00:00+00:00,1.1702749729156494,1.1704120635986328,1.1695905923843384,1.1697274446487427,187
2025-09-26 18:00:00+00:00,1.1706860065460205,1.1709601879119873,1.1700011491775513,1.1702749729156494,823
2025-09-26 19:00:00+00:00,1.1709601879119873,1.1709601879119873,1.1701380014419556,1.170823097229004,725
2025-09-26 20:00:00+00:00,1.1706860065460205,1.1709601879119873,1.1702749729156494,1.1709601879119873,386
2025-09-26 21:00:00+00:00,1.170823097229004,1.170823097229004,1.1706860065460205,1.170823097229004,102
2025-09-28 23:00:00+00:00,1.170823097229004,1.1713716983795166,1.1706860065460205,1.170823097229004,683
2025-09-29 00:00:00+00:00,1.1724703311920166,1.1726078987121582,1.1710972785949707,1.1710972785949707,912
2025-09-29 01:00:00+00:00,1.1726078987121582,1.1728830337524414,1.171783447265625,1.1724703311920166,403
2025-09-29 02:00:00+00:00,1.1728830337524414,1.1731581687927246,1.1726078987121582,1.1726078987121582,509
2025-09-29 03:00:00+00:00,1.1728830337524414,1.1732958555221558,1.1728830337524414,1.1728830337524414,345
2025-09-29 04:00:00+00:00,1.1730204820632935,1.1735711097717285,1.1726078987121582,1.1727453470230103,583
2025-09-29 05:00:00+00:00,1.1731581687927246,1.1735711097717285,1.1727453470230103,1.1731581687927246,914
2025-09-29 06:00:00+00:00,1.172333002090454,1.1728830337524414,1.172195553779602,1.1728830337524414,867
2025-09-29 07:00:00+00:00,1.1730204820632935,1.1735711097717285,1.172195553779602,1.172333002090454,119
2025-09-29 08:00:00+00:00,1.1727453470230103,1.1730204820632935,1.1712344884872437,1.1728830337524414,968
2025-09-29 09:00:00+00:00,1.172195553779602,1.1728830337524414,1.17205810546875,1.1728830337524414,353
2025-09-29 10:00:00+00:00,1.172333002090454,1.1724703311920166,1.1719207763671875,1.17205810546875,671
2025-09-29 11:00:00+00:00,1.1732958555221558,1.1732958555221558,1.1713716983795166,1.172333002090454,951
2025-09-29 12:00:00+00:00,1.175364375114441,1.1755025386810303,1.172195553779602,1.1735711097717285,707
2025-09-29 13:00:00+00:00,1.1743981838226318,1.1756407022476196,1.1741223335266113,1.175364375114441,405
2025-09-29 14:00:00+00:00,1.173433542251587,1.1746740341186523,1.173433542251587,1.1746740341186523,318
2025-09-29 15:00:00+00:00,1.1732958555221558,1.1737089157104492,1.1727453470230103,1.1732958555221558,931
2025-09-29 16:00:00+00:00,1.1732958555221558,1.1735711097717285,1.1728830337524414,1.1732958555221558,233
2025-09-29 17:00:00+00:00,1.1724703311920166,1.173433542251587,1.1724703311920166,1.173433542251587,331
2025-09-29 18:00:00+00:00,1.1735711097717285,1.1735711097717285,1.1724703311920166,1.1726078987121582,324
2025-09-29 19:00:00+00:00,1.1730204820632935,1.1735711097717285,1.1730204820632935,1.173433542251587,296
2025-09-29 20:00:00+00:00,1.1730204820632935,1.1730204820632935,1.1727453470230103,1.1730204820632935,510
2025-09-29 21:00:00+00:00,1.1731581687927246,1.1732958555221558,1.1727453470230103,1.1731581687927246,612
2025-09-29 22:00:00+00:00,1.1730204820632935,1.1731581687927246,1.1728830337524414,1.1730204820632935,504
2025-09-29 23:00:00+00:00,1.173433542251587,1.1735711097717285,1.1731581687927246,1.1731581687927246,707
2025-09-30 00:00:00+00:00,1.172333002090454,1.1735711097717285,1.1716461181640625,1.1730204820632935,513
2025-09-30 01:00:00+00:00,1.171783447265625,1.1728830337524414,1.171783447265625,1.1726078987121582,110
2025-09-30 02:00:00+00:00,1.1726078987121582,1.1727453470230103,1.1716461181640625,1.1716461181640625,732
2025-09-30 03:00:00+00:00,1.1727453470230103,1.1730204820632935,1.172333002090454,1.1724703311920166,291
2025-09-30 04:00:00+00:00,1.1731581687927246,1.1731581687927246,1.172195553779602,1.1727453470230103,721
2025-09-30 05:00:00+00:00,1.1737089157104492,1.1739845275878906,1.1731581687927246,1.173433542251587,291
2025-09-30 06:00:00+00:00,1.1742602586746216,1.1746740341186523,1.1735711097717285,1.1737089157104492,663
2025-09-30 07:00:00+00:00,1.1745359897613525,1.1750881671905518,1.1739845275878906,1.1741223335266113,488
2025-09-30 08:00:00+00:00,1.1759172677993774,1.1761938333511353,1.1746740341186523,1.1746740341186523,113
2025-09-30 09:00:00+00:00,1.1750881671905518,1.1760554313659668,1.1749500036239624,1.1759172677993774,493
2025-09-30 10:00:00+00:00,1.1748120784759521,1.175364375114441,1.1743981838226318,1.1752262115478516,697
2025-09-30 11:00:00+00:00,1.1745359897613525,1.1752262115478516,1.1739845275878906,1.1752262115478516,459
2025-09-30 12:00:00+00:00,1.1741223335266113,1.1750881671905518,1.1737089157104492,1.1746740341186523,161
2025-09-30 13:00:00+00:00,1.173433542251587,1.1741223335266113,1.17205810546875,1.1741223335266113,628
2025-09-30 14:00:00+00:00,1.175364375114441,1.175364375114441,1.1731581687927246,1.1731581687927246,224
2025-09-30 15:00:00+00:00,1.17384672164917,1.1752262115478516,1.1728830337524414,1.1752262115478516,754
2025-09-30 16:00:00+00:00,1.1760554313659668,1.1761938333511353,1.17384672164917,1.17384672164917,966
2025-09-30 17:00:00+00:00,1.1752262115478516,1.1764705181121826,1.1750881671905518,1.1760554313659668,771
2025-09-30 18:00:00+00:00,1.1745359897613525,1.1752262115478516,1.1739845275878906,1.1752262115478516,477
2025-09-30 19:00:00+00:00,1.1742602586746216,1.1743981838226318,1.1739845275878906,1.1741223335266113,249
2025-09-30 20:00:00+00:00,1.1737089157104492,1.1742602586746216,1.1737089157104492,1.1742602586746216,422
2025-09-30 21:00:00+00:00,1.17384672164917,1.1741223335266113,1.173433542251587,1.173433542251587,839
2025-09-30 22:00:00+00:00,1.1737089157104492,1.1745359897613525,1.1737089157104492,1.1739845275878906,509
2025-09-30 23:00:00+00:00,1.17384672164917,1.1745359897613525,1.1737089157104492,1.1737089157104492,151
2025-10-01 00:00:00+00:00,1.1739845275878906,1.1741223335266113,1.1732958555221558,1.1737089157104492,185
2025-10-01 01:00:00+00:00,1.1742602586746216,1.1743981838226318,1.173433542251587,1.1739845275878906,501
2025-10-01 02:00:00+00:00,1.1741223335266113,1.1742602586746216,1.1737089157104492,1.1742602586746216,994
2025-10-01 03:00:00+00:00,1.1741223335266113,1.1742602586746216,1.1737089157104492,1.1741223335266113,280
2025-10-01 04:00:00+00:00,1.1761938333511353,1.1761938333511353,1.1741223335266113,1.1741223335266113,558
2025-10-01 05:00:00+00:00,1.1756407022476196,1.177024483680725,1.1756407022476196,1.177024483680725,300
2025-10-01 06:00:00+00:00,1.177163004875183,1.1775789260864258,1.1755025386810303,1.1759172677993774,265
2025-10-01 07:00:00+00:00,1.175364375114441,1.1781338453292847,1.1745359897613525,1.1775789260864258,407
2025-10-01 08:00:00+00:00,1.175364375114441,1.176885962486267,1.175364375114441,1.1755025386810303,891
2025-10-01 09:00:00+00:00,1.1737089157104492,1.1757789850234985,1.1735711097717285,1.175364375114441,326
2025-10-01 10:00:00+00:00,1.1728830337524414,1.1735711097717285,1.17205810546875,1.1735711097717285,434
2025-10-01 11:00:00+00:00,1.1737089157104492,1.1743981838226318,1.1728830337524414,1.1728830337524414,203
2025-10-01 12:00:00+00:00,1.1752262115478516,1.176885962486267,1.1727453470230103,1.1737089157104492,364
2025-10-01 13:00:00+00:00,1.1757789850234985,1.1763322353363037,1.1752262115478516,1.1752262115478516,117
2025-10-01 14:00:00+00:00,1.1749500036239624,1.1763322353363037,1.1739845275878906,1.1761938333511353,304
2025-10-01 15:00:00+00:00,1.1726078987121582,1.1750881671905518,1.1726078987121582,1.1750881671905518,607
2025-10-01 16:00:00+00:00,1.1726078987121582,1.1728830337524414,1.1719207763671875,1.172195553779602,135
2025-10-01 17:00:00+00:00,1.1727453470230103,1.1735711097717285,1.1727453470230103,1.1727453470230103,885
2025-10-01 18:00:00+00:00,1.17384672164917,1.1745359897613525,1.1726078987121582,1.1726078987121582,152
2025-10-01 19:00:00+00:00,1.173433542251587,1.1739845275878906,1.1732958555221558,1.1739845275878906,787
2025-10-01 20:00:00+00:00,1.173433542251587,1.173433542251587,1.1730204820632935,1.173433542251587,449
2025-10-01 21:00:00+00:00,1.1735711097717285,1.17384672164917,1.172195553779602,1.172333002090454,106
2025-10-01 22:00:00+00:00,1.1737089157104492,1.1741223335266113,1.1735711097717285,1.1737089157104492,294
2025-10-01 23:00:00+00:00,1.1735711097717285,1.1739845275878906,1.1735711097717285,1.17384672164917,986
2025-10-02 00:00:00+00:00,1.1732958555221558,1.1737089157104492,1.1728830337524414,1.1735711097717285,851
2025-10-02 01:00:00+00:00,1.1742602586746216,1.1742602586746216,1.1727453470230103,1.1732958555221558,354
2025-10-02 02:00:00+00:00,1.1741223335266113,1.1745359897613525,1.1741223335266113,1.1742602586746216,309
2025-10-02 03:00:00+00:00,1.17384672164917,1.1741223335266113,1.1735711097717285,1.1741223335266113,904
2025-10-02 04:00:00+00:00,1.1737089157104492,1.1739845275878906,1.173433542251587,1.17384672164917,777
2025-10-02 05:00:00+00:00,1.1739845275878906,1.1739845275878906,1.1732958555221558,1.1739845275878906,202
2025-10-02 06:00:00+00:00,1.1746740341186523,1.1746740341186523,1.17384672164917,1.1742602586746216,882
2025-10-02 07:00:00+00:00,1.175364375114441,1.1760554313659668,1.1746740341186523,1.1746740341186523,679
2025-10-02 08:00:00+00:00,1.1757789850234985,1.1760554313659668,1.1749500036239624,1.175364375114441,915
2025-10-02 09:00:00+00:00,1.1757789850234985,1.1761938333511353,1.1755025386810303,1.1756407022476196,122
2025-10-02 10:00:00+00:00,1.1756407022476196,1.1756407022476196,1.1750881671905518,1.1756407022476196,273
2025-10-02 11:00:00+00:00,1.1755025386810303,1.1759172677993774,1.1750881671905518,1.1756407022476196,865
2025-10-02 12:00:00+00:00,1.1741223335266113,1.1761938333511353,1.1739845275878906,1.175364375114441,158
2025-10-02 13:00:00+00:00,1.1726078987121582,1.1746740341186523,1.1719207763671875,1.1741223335266113,804
2025-10-02 14:00:00+00:00,1.1716461181640625,1.172333002090454,1.1709601879119873,1.172333002090454,782
2025-10-02 15:00:00+00:00,1.1700011491775513,1.1715089082717896,1.168770432472229,1.1715089082717896,569
2025-10-02 16:00:00+00:00,1.171783447265625,1.171783447265625,1.1700011491775513,1.1700011491775513,200
2025-10-02 17:00:00+00:00,1.171783447265625,1.172333002090454,1.1716461181640625,1.1719207763671875,206
2025-10-02 18:00:00+00:00,1.1724703311920166,1.1724703311920166,1.171783447265625,1.171783447265625,464
2025-10-02 19:00:00+00:00,1.172195553779602,1.1728830337524414,1.17205810546875,1.1726078987121582,114
2025-10-02 20:00:00+00:00,1.1719207763671875,1.1727453470230103,1.171783447265625,1.17205810546875,621
2025-10-02 21:00:00+00:00,1.172333002090454,1.1728830337524414,1.1716461181640625,1.1727453470230103,425
2025-10-02 22:00:00+00:00,1.172195553779602,1.172333002090454,1.17205810546875,1.172195553779602,362
2025-10-02 23:00:00+00:00,1.1727453470230103,1.1728830337524414,1.172333002090454,1.172333002090454,406
2025-10-03 00:00:00+00:00,1.1727453470230103,1.1727453470230103,1.172333002090454,1.1727453470230103,509
2025-10-03 01:00:00+00:00,1.1730204820632935,1.1732958555221558,1.17205810546875,1.1728830337524414,648
2025-10-03 02:00:00+00:00,1.1728830337524414,1.1731581687927246,1.1724703311920166,1.1730204820632935,746
2025-10-03 03:00:00+00:00,1.1730204820632935,1.1730204820632935,1.172333002090454,1.1727453470230103,124
2025-10-03 04:00:00+00:00,1.172195553779602,1.1731581687927246,1.172195553779602,1.1730204820632935,482
2025-10-03 05:00:00+00:00,1.17205810546875,1.1724703311920166,1.1719207763671875,1.17205810546875,778
2025-10-03 06:00:00+00:00,1.172333002090454,1.1731581687927246,1.17205810546875,1.17205810546875,883
2025-10-03 07:00:00+00:00,1.173433542251587,1.1737089157104492,1.1724703311920166,1.1726078987121582,789
2025-10-03 08:00:00+00:00,1.1743981838226318,1.1748120784759521,1.1737089157104492,1.1737089157104492,374
2025-10-03 09:00:00+00:00,1.1741223335266113,1.1742602586746216,1.1735711097717285,1.1742602586746216,218
2025-10-03 10:00:00+00:00,1.1739845275878906,1.1743981838226318,1.1737089157104492,1.1741223335266113,927
2025-10-03 11:00:00+00:00,1.1737089157104492,1.1745359897613525,1.1735711097717285,1.1739845275878906,552
2025-10-03 12:00:00+00:00,1.1743981838226318,1.1743981838226318,1.1732958555221558,1.1739845275878906,831
2025-10-03 13:00:00+00:00,1.1741223335266113,1.1746740341186523,1.1737089157104492,1.1742602586746216,153
2025-10-03 14:00:00+00:00,1.1745359897613525,1.1761938333511353,1.17384672164917,1.1746740341186523,531
2025-10-03 15:00:00+00:00,1.1749500036239624,1.1752262115478516,1.1739845275878906,1.1743981838226318,155
2025-10-03 16:00:00+00:00,1.1742602586746216,1.1750881671905518,1.1741223335266113,1.1749500036239624,883
2025-10-03 17:00:00+00:00,1.1737089157104492,1.1745359897613525,1.1735711097717285,1.1741223335266113,665
2025-10-03 18:00:00+00:00,1.1742602586746216,1.1743981838226318,1.1731581687927246,1.1735711097717285,792
2025-10-03 19:00:00+00:00,1.1743981838226318,1.1745359897613525,1.1741223335266113,1.1743981838226318,981
2025-10-03 20:00:00+00:00,1.1745359897613525,1.1748120784759521,1.1742602586746216,1.1745359897613525,174
2025-10-03 21:00:00+00:00,1.1743981838226318,1.1743981838226318,1.1743981838226318,1.1743981838226318,584
2025-10-05 23:00:00+00:00,1.1715089082717896,1.1719207763671875,1.1710972785949707,1.1719207763671875,403
2025-10-06 00:00:00+00:00,1.1719207763671875,1.17205810546875,1.1713716983795166,1.1715089082717896,959
2025-10-06 01:00:00+00:00,1.1727453470230103,1.1727453470230103,1.1713716983795166,1.1719207763671875,225
2025-10-06 02:00:00+00:00,1.1730204820632935,1.173433542251587,1.1727453470230103,1.1727453470230103,532
2025-10-06 03:00:00+00:00,1.1727453470230103,1.1732958555221558,1.1727453470230103,1.1730204820632935,533
2025-10-06 04:00:00+00:00,1.172333002090454,1.1730204820632935,1.172333002090454,1.1728830337524414,886
2025-10-06 05:00:00+00:00,1.17205810546875,1.1728830337524414,1.171783447265625,1.1724703311920166,522
2025-10-06 06:00:00+00:00,1.1697274446487427,1.172195553779602,1.1694538593292236,1.172195553779602,477
2025-10-06 07:00:00+00:00,1.1667250394821167,1.1713716983795166,1.1667250394821167,1.1695905923843384,977
2025-10-06 08:00:00+00:00,1.1671334505081177,1.1682243347167969,1.1656370162963867,1.1665889024734497,947
2025-10-06 09:00:00+00:00,1.1668611764907837,1.1672697067260742,1.16604483127594,1.1669973134994507,554
2025-10-06 10:00:00+00:00,1.1667250394821167,1.1669973134994507,1.1656370162963867,1.1669973134994507,654
2025-10-06 11:00:00+00:00,1.1678149700164795,1.1682243347167969,1.16604483127594,1.1665889024734497,278
2025-10-06 12:00:00+00:00,1.1691803932189941,1.1691803932189941,1.1678149700164795,1.1678149700164795,592
2025-10-06 13:00:00+00:00,1.1704120635986328,1.1706860065460205,1.168770432472229,1.1693171262741089,987
2025-10-06 14:00:00+00:00,1.17205810546875,1.17205810546875,1.169864296913147,1.1702749729156494,763
2025-10-06 15:00:00+00:00,1.1709601879119873,1.172195553779602,1.1706860065460205,1.17205810546875,536
2025-10-06 16:00:00+00:00,1.1713716983795166,1.1715089082717896,1.1706860065460205,1.1712344884872437,243
2025-10-06 17:00:00+00:00,1.1713716983795166,1.1719207763671875,1.1713716983795166,1.1716461181640625,934
2025-10-06 18:00:00+00:00,1.1716461181640625,1.1719207763671875,1.1713716983795166,1.1713716983795166,598
2025-10-06 19:00:00+00:00,1.1715089082717896,1.17205810546875,1.1715089082717896,1.1716461181640625,124
2025-10-06 20:00:00+00:00,1.1716461181640625,1.171783447265625,1.1712344884872437,1.1713716983795166,163
2025-10-06 21:00:00+00:00,1.1715089082717896,1.17205810546875,1.1712344884872437,1.1716461181640625,461
2025-10-06 22:00:00+00:00,1.1713716983795166,1.171783447265625,1.1712344884872437,1.1715089082717896,452
2025-10-06 23:00:00+00:00,1.1713716983795166,1.171783447265625,1.1712344884872437,1.1713716983795166,989
2025-10-07 00:00:00+00:00,1.1710972785949707,1.1713716983795166,1.170823097229004,1.1712344884872437,468
2025-10-07 01:00:00+00:00,1.1700011491775513,1.1712344884872437,1.1700011491775513,1.1712344884872437,582
2025-10-07 02:00:00+00:00,1.170548915863037,1.1709601879119873,1.1701380014419556,1.1701380014419556,767
2025-10-07 03:00:00+00:00,1.1706860065460205,1.1710972785949707,1.1704120635986328,1.170548915863037,590
2025-10-07 04:00:00+00:00,1.1701380014419556,1.1710972785949707,1.169864296913147,1.1706860065460205,272
2025-10-07 05:00:00+00:00,1.1695905923843384,1.1702749729156494,1.1691803932189941,1.1700011491775513,705
2025-10-07 06:00:00+00:00,1.1689070463180542,1.1693171262741089,1.1686338186264038,1.1693171262741089,112
2025-10-07 07:00:00+00:00,1.1679514646530151,1.1691803932189941,1.1674060821533203,1.1691803932189941,266
2025-10-07 08:00:00+00:00,1.1669973134994507,1.1684973239898682,1.1668611764907837,1.1679514646530151,298
2025-10-07 09:00:00+00:00,1.1667250394821167,1.1674060821533203,1.1664528846740723,1.1669973134994507,365
2025-10-07 10:00:00+00:00,1.1676785945892334,1.1678149700164795,1.1667250394821167,1.1669973134994507,810
2025-10-07 11:00:00+00:00,1.1665889024734497,1.1678149700164795,1.1659088134765625,1.1678149700164795,670
2025-10-07 12:00:00+00:00,1.1668611764907837,1.1669973134994507,1.1659088134765625,1.1665889024734497,189
2025-10-07 13:00:00+00:00,1.1664528846740723,1.1674060821533203,1.1663167476654053,1.1668611764907837,588
2025-10-07 14:00:00+00:00,1.1667250394821167,1.1669973134994507,1.1657729148864746,1.1661807298660278,914
2025-10-07 15:00:00+00:00,1.1676785945892334,1.1682243347167969,1.1665889024734497,1.1665889024734497,551
2025-10-07 16:00:00+00:00,1.1675423383712769,1.1683608293533325,1.1675423383712769,1.1676785945892334,207
2025-10-07 17:00:00+00:00,1.1672697067260742,1.1682243347167969,1.1672697067260742,1.1675423383712769,414
2025-10-07 18:00:00+00:00,1.1661807298660278,1.1669973134994507,1.16604483127594,1.1669973134994507,137
2025-10-07 19:00:00+00:00,1.1653653383255005,1.16604483127594,1.1652295589447021,1.16604483127594,708
2025-10-07 20:00:00+00:00,1.1663167476654053,1.1663167476654053,1.1652295589447021,1.1653653383255005,909
2025-10-07 21:00:00+00:00,1.16604483127594,1.1664528846740723,1.1655012369155884,1.1656370162963867,939
2025-10-07 22:00:00+00:00,1.1663167476654053,1.1664528846740723,1.1661807298660278,1.1663167476654053,226
2025-10-07 23:00:00+00:00,1.1656370162963867,1.1663167476654053,1.1656370162963867,1.1663167476654053,126
2025-10-08 00:00:00+00:00,1.1650937795639038,1.1655012369155884,1.164958119392395,1.1655012369155884,811
2025-10-08 01:00:00+00:00,1.1629259586334229,1.164686679840088,1.1629259586334229,1.1641442775726318,959
2025-10-08 02:00:00+00:00,1.1626555919647217,1.163061261177063,1.1621150970458984,1.1629259586334229,803
2025-10-08 03:00:00+00:00,1.1627906560897827,1.1627906560897827,1.1621150970458984,1.1626555919647217,638
2025-10-08 04:00:00+00:00,1.16225004196167,1.1627906560897827,1.1619800329208374,1.1627906560897827,352
2025-10-08 05:00:00+00:00,1.1619800329208374,1.16225004196167,1.1615750789642334,1.16225004196167,726
2025-10-08 06:00:00+00:00,1.1619800329208374,1.16225004196167,1.161170482635498,1.1621150970458984,628
2025-10-08 07:00:00+00:00,1.1634671688079834,1.1637378931045532,1.1615750789642334,1.1621150970458984,446
2025-10-08 08:00:00+00:00,1.1617100238800049,1.163873314857483,1.1615750789642334,1.1633317470550537,717
2025-10-08 09:00:00+00:00,1.16130530834198,1.16225004196167,1.1610356569290161,1.1618449687957764,997
2025-10-08 10:00:00+00:00,1.163602590560913,1.163873314857483,1.161440134048462,1.161440134048462,348
2025-10-08 11:00:00+00:00,1.1629259586334229,1.1637378931045532,1.1629259586334229,1.1634671688079834,567
2025-10-08 12:00:00+00:00,1.1637378931045532,1.1641442775726318,1.1627906560897827,1.1629259586334229,768
2025-10-08 13:00:00+00:00,1.1637378931045532,1.164686679840088,1.1631964445114136,1.1634671688079834,595
2025-10-08 14:00:00+00:00,1.1626555919647217,1.1640088558197021,1.162520408630371,1.1631964445114136,972
2025-10-08 15:00:00+00:00,1.1609008312225342,1.162520408630371,1.1606314182281494,1.162520408630371,975
2025-10-08 16:00:00+00:00,1.1609008312225342,1.1609008312225342,1.1602274179458618,1.1609008312225342,330
2025-10-08 17:00:00+00:00,1.1610356569290161,1.16130530834198,1.1606314182281494,1.1609008312225342,907
2025-10-08 18:00:00+00:00,1.16225004196167,1.162520408630371,1.1603620052337646,1.1609008312225342,162
2025-10-08 19:00:00+00:00,1.163061261177063,1.163061261177063,1.1623852252960205,1.1623852252960205,963
2025-10-08 20:00:00+00:00,1.1633317470550537,1.163602590560913,1.163061261177063,1.1631964445114136,723
2025-10-08 21:00:00+00:00,1.1633317470550537,1.163873314857483,1.1629259586334229,1.1631964445114136,268
2025-10-08 22:00:00+00:00,1.1637378931045532,1.1637378931045532,1.1633317470550537,1.1637378931045532,714
2025-10-08 23:00:00+00:00,1.1633317470550537,1.1637378931045532,1.1631964445114136,1.163602590560913,458
2025-10-09 00:00:00+00:00,1.1641442775726318,1.1644154787063599,1.1633317470550537,1.1633317470550537,746
2025-10-09 01:00:00+00:00,1.1642799377441406,1.1648223400115967,1.1641442775726318,1.1641442775726318,709
2025-10-09 02:00:00+00:00,1.1648223400115967,1.1650937795639038,1.1642799377441406,1.1642799377441406,771
2025-10-09 03:00:00+00:00,1.1648223400115967,1.164958119392395,1.1644154787063599,1.164686679840088,110
2025-10-09 04:00:00+00:00,1.164958119392395,1.1650937795639038,1.1645511388778687,1.1648223400115967,687
2025-10-09 05:00:00+00:00,1.1642799377441406,1.1650937795639038,1.1642799377441406,1.1648223400115967,872
2025-10-09 06:00:00+00:00,1.1618449687957764,1.1641442775726318,1.1615750789642334,1.1641442775726318,719
2025-10-09 07:00:00+00:00,1.161440134048462,1.1626555919647217,1.1610356569290161,1.1619800329208374,805
2025-10-09 08:00:00+00:00,1.1615750789642334,1.1617100238800049,1.1607661247253418,1.161440134048462,368
2025-10-09 09:00:00+00:00,1.1627906560897827,1.163061261177063,1.161440134048462,1.1617100238800049,300
2025-10-09 10:00:00+00:00,1.1621150970458984,1.1629259586334229,1.1617100238800049,1.1629259586334229,778
2025-10-09 11:00:00+00:00,1.1615750789642334,1.162520408630371,1.16130530834198,1.1621150970458984,128
2025-10-09 12:00:00+00:00,1.1618449687957764,1.1619800329208374,1.1609008312225342,1.1617100238800049,598
2025-10-09 13:00:00+00:00,1.160496711730957,1.16225004196167,1.15968918800354,1.1618449687957764,392
2025-10-09 14:00:00+00:00,1.1583458185195923,1.1603620052337646,1.158077597618103,1.1603620052337646,585
2025-10-09 15:00:00+00:00,1.1560693979263306,1.1584800481796265,1.1551345586776733,1.1584800481796265,841
2025-10-09 16:00:00+00:00,1.1560693979263306,1.1566041707992554,1.1556684970855713,1.156336784362793,989
2025-10-09 17:00:00+00:00,1.156336784362793,1.1568717956542969,1.1558021306991577,1.1560693979263306,503
2025-10-09 18:00:00+00:00,1.155001163482666,1.156336784362793,1.1548677682876587,1.156336784362793,242
2025-10-09 19:00:00+00:00,1.156336784362793,1.1564704179763794,1.1551345586776733,1.1551345586776733,215
2025-10-09 20:00:00+00:00,1.1568717956542969,1.1570056676864624,1.156336784362793,1.156336784362793,781
2025-10-09 21:00:00+00:00,1.1570056676864624,1.1574074029922485,1.1559356451034546,1.156203031539917,428
2025-10-09 22:00:00+00:00,1.1568717956542969,1.157139539718628,1.1566041707992554,1.1568717956542969,805
2025-10-09 23:00:00+00:00,1.1568717956542969,1.1568717956542969,1.1560693979263306,1.156738042831421,168
2025-10-10 00:00:00+00:00,1.157139539718628,1.157273530960083,1.1564704179763794,1.1570056676864624,709
2025-10-10 01:00:00+00:00,1.156738042831421,1.1574074029922485,1.156738042831421,1.157139539718628,497
2025-10-10 02:00:00+00:00,1.157273530960083,1.1575413942337036,1.1566041707992554,1.1566041707992554,848
2025-10-10 03:00:00+00:00,1.1576753854751587,1.1576753854751587,1.157139539718628,1.1574074029922485,436
2025-10-10 04:00:00+00:00,1.1576753854751587,1.1576753854751587,1.157139539718628,1.1576753854751587,206
2025-10-10 05:00:00+00:00,1.157273530960083,1.158077597618103,1.157273530960083,1.1576753854751587,440
2025-10-10 06:00:00+00:00,1.1576753854751587,1.1576753854751587,1.1564704179763794,1.157273530960083,960
2025-10-10 07:00:00+00:00,1.1582117080688477,1.1582117080688477,1.1568717956542969,1.157273530960083,611
2025-10-10 08:00:00+00:00,1.1582117080688477,1.159151554107666,1.158077597618103,1.158077597618103,980
2025-10-10 09:00:00+00:00,1.1578094959259033,1.1583458185195923,1.157273530960083,1.1582117080688477,183
2025-10-10 10:00:00+00:00,1.1575413942337036,1.1586142778396606,1.1575413942337036,1.1576753854751587,157
2025-10-10 11:00:00+00:00,1.1566041707992554,1.1578094959259033,1.1566041707992554,1.1575413942337036,956
2025-10-10 12:00:00+00:00,1.1576753854751587,1.1578094959259033,1.156336784362793,1.156738042831421,295
2025-10-10 13:00:00+00:00,1.157273530960083,1.1576753854751587,1.1566041707992554,1.1575413942337036,368
2025-10-10 14:00:00+00:00,1.158077597618103,1.1582117080688477,1.1568717956542969,1.157139539718628,972
2025-10-10 15:00:00+00:00,1.161440134048462,1.1633317470550537,1.1583458185195923,1.1583458185195923,945
2025-10-10 16:00:00+00:00,1.1607661247253418,1.1627906560897827,1.1607661247253418,1.1619800329208374,109
2025-10-10 17:00:00+00:00,1.1606314182281494,1.161170482635498,1.160092830657959,1.1609008312225342,791
2025-10-10 18:00:00+00:00,1.161440134048462,1.1615750789642334,1.1603620052337646,1.160496711730957,383
2025-10-10 19:00:00+00:00,1.1615750789642334,1.1618449687957764,1.1609008312225342,1.1609008312225342,399
2025-10-10 20:00:00+00:00,1.1631964445114136,1.1631964445114136,1.1609008312225342,1.1615750789642334,791
2025-10-10 21:00:00+00:00,1.163061261177063,1.163061261177063,1.163061261177063,1.163061261177063,855
2025-10-12 23:00:00+00:00,1.160496711730957,1.16130530834198,1.160496711730957,1.1606314182281494,364
2025-10-13 00:00:00+00:00,1.1618449687957764,1.1618449687957764,1.1603620052337646,1.160496711730957,960
2025-10-13 01:00:00+00:00,1.1621150970458984,1.1623852252960205,1.161440134048462,1.16225004196167,496
2025-10-13 02:00:00+00:00,1.16225004196167,1.163061261177063,1.1621150970458984,1.1623852252960205,186
2025-10-13 03:00:00+00:00,1.1623852252960205,1.162520408630371,1.1619800329208374,1.16225004196167,811
2025-10-13 04:00:00+00:00,1.16225004196167,1.1627906560897827,1.16225004196167,1.1623852252960205,868
2025-10-13 05:00:00+00:00,1.1617100238800049,1.1626555919647217,1.1617100238800049,1.1623852252960205,405
2025-10-13 06:00:00+00:00,1.1617100238800049,1.1633317470550537,1.1615750789642334,1.1618449687957764,289
2025-10-13 07:00:00+00:00,1.1603620052337646,1.1618449687957764,1.1603620052337646,1.1618449687957764,490
2025-10-13 08:00:00+00:00,1.1588828563690186,1.1606314182281494,1.1584800481796265,1.1603620052337646,615
2025-10-13 09:00:00+00:00,1.1598236560821533,1.160092830657959,1.1588828563690186,1.1588828563690186,105
2025-10-13 10:00:00+00:00,1.1586142778396606,1.1598236560821533,1.1584800481796265,1.15968918800354,630
2025-10-13 11:00:00+00:00,1.1570056676864624,1.1595547199249268,1.1568717956542969,1.1587486267089844,303
2025-10-13 12:00:00+00:00,1.157139539718628,1.1579434871673584,1.1566041707992554,1.157273530960083,959
2025-10-13 13:00:00+00:00,1.1578094959259033,1.1579434871673584,1.1570056676864624,1.157139539718628,688
2025-10-13 14:00:00+00:00,1.156336784362793,1.1578094959259033,1.156203031539917,1.1578094959259033,633
2025-10-13 15:00:00+00:00,1.1578094959259033,1.1578094959259033,1.1564704179763794,1.1564704179763794,668
2025-10-13 16:00:00+00:00,1.1578094959259033,1.1579434871673584,1.157273530960083,1.1578094959259033,366
2025-10-13 17:00:00+00:00,1.1576753854751587,1.158077597618103,1.1574074029922485,1.1578094959259033,550
2025-10-13 18:00:00+00:00,1.157139539718628,1.158077597618103,1.1570056676864624,1.1576753854751587,838
2025-10-13 19:00:00+00:00,1.1570056676864624,1.1576753854751587,1.1570056676864624,1.157273530960083,191
2025-10-13 20:00:00+00:00,1.1574074029922485,1.1574074029922485,1.1568717956542969,1.1570056676864624,324
2025-10-13 21:00:00+00:00,1.1575413942337036,1.1582117080688477,1.1568717956542969,1.157273530960083,917
2025-10-13 22:00:00+00:00,1.157139539718628,1.1576753854751587,1.157139539718628,1.1575413942337036,185
2025-10-13 23:00:00+00:00,1.1568717956542969,1.157273530960083,1.156738042831421,1.157139539718628,931
2025-10-14 00:00:00+00:00,1.1564704179763794,1.1570056676864624,1.1559356451034546,1.1570056676864624,693
2025-10-14 01:00:00+00:00,1.1574074029922485,1.1576753854751587,1.1564704179763794,1.1566041707992554,905
2025-10-14 02:00:00+00:00,1.1578094959259033,1.1579434871673584,1.1574074029922485,1.1574074029922485,554
2025-10-14 03:00:00+00:00,1.1582117080688477,1.1584800481796265,1.1575413942337036,1.1576753854751587,879
2025-10-14 04:00:00+00:00,1.1595547199249268,1.1595547199249268,1.1582117080688477,1.1582117080688477,980
2025-10-14 05:00:00+00:00,1.1587486267089844,1.1594202518463135,1.1587486267089844,1.1594202518463135,961
2025-10-14 06:00:00+00:00,1.1574074029922485,1.1586142778396606,1.1568717956542969,1.1584800481796265,864
2025-10-14 07:00:00+00:00,1.1552680730819702,1.1576753854751587,1.1547343730926514,1.1575413942337036,540
2025-10-14 08:00:00+00:00,1.1560693979263306,1.156336784362793,1.155001163482666,1.155001163482666,179
2025-10-14 09:00:00+00:00,1.1559356451034546,1.1566041707992554,1.1556684970855713,1.1556684970855713,881
2025-10-14 10:00:00+00:00,1.1555349826812744,1.156203031539917,1.1555349826812744,1.1559356451034546,343
2025-10-14 11:00:00+00:00,1.1555349826812744,1.1560693979263306,1.155001163482666,1.155401587486267,556
2025-10-14 12:00:00+00:00,1.1560693979263306,1.156738042831421,1.1552680730819702,1.1559356451034546,610
2025-10-14 13:00:00+00:00,1.1578094959259033,1.1584800481796265,1.1558021306991577,1.1558021306991577,363
2025-10-14 14:00:00+00:00,1.15968918800354,1.1598236560821533,1.157273530960083,1.1575413942337036,103
2025-10-14 15:00:00+00:00,1.161170482635498,1.161170482635498,1.1590172052383423,1.1598236560821533,785
2025-10-14 16:00:00+00:00,1.16130530834198,1.1618449687957764,1.160496711730957,1.161170482635498,770
2025-10-14 17:00:00+00:00,1.16130530834198,1.161440134048462,1.1606314182281494,1.16130530834198,148
2025-10-14 18:00:00+00:00,1.1607661247253418,1.161440134048462,1.1607661247253418,1.16130530834198,507
2025-10-14 19:00:00+00:00,1.1609008312225342,1.16130530834198,1.1609008312225342,1.1609008312225342,928
2025-10-14 20:00:00+00:00,1.161170482635498,1.161170482635498,1.1603620052337646,1.1609008312225342,536
2025-10-14 21:00:00+00:00,1.161170482635498,1.1615750789642334,1.1607661247253418,1.1607661247253418,355
2025-10-14 22:00:00+00:00,1.1607661247253418,1.16130530834198,1.1607661247253418,1.161170482635498,450
2025-10-14 23:00:00+00:00,1.1606314182281494,1.1609008312225342,1.160496711730957,1.1606314182281494,840
2025-10-15 00:00:00+00:00,1.16130530834198,1.1617100238800049,1.1606314182281494,1.1606314182281494,732
2025-10-15 01:00:00+00:00,1.1623852252960205,1.162520408630371,1.161170482635498,1.161440134048462,427
2025-10-15 02:00:00+00:00,1.1626555919647217,1.1629259586334229,1.16225004196167,1.16225004196167,123
2025-10-15 03:00:00+00:00,1.162520408630371,1.1627906560897827,1.16225004196167,1.162520408630371,738
2025-10-15 04:00:00+00:00,1.16225004196167,1.1627906560897827,1.1621150970458984,1.1626555919647217,613
2025-10-15 05:00:00+00:00,1.1623852252960205,1.1629259586334229,1.16225004196167,1.16225004196167,190
2025-10-15 06:00:00+00:00,1.1637378931045532,1.1640088558197021,1.16225004196167,1.16225004196167,808
2025-10-15 07:00:00+00:00,1.163873314857483,1.164686679840088,1.1634671688079834,1.1640088558197021,703
2025-10-15 08:00:00+00:00,1.163602590560913,1.1648223400115967,1.163602590560913,1.1640088558197021,333
2025-10-15 09:00:00+00:00,1.163873314857483,1.1642799377441406,1.1631964445114136,1.163602590560913,735
2025-10-15 10:00:00+00:00,1.1629259586334229,1.163602590560913,1.1623852252960205,1.163602590560913,931
2025-10-15 11:00:00+00:00,1.1623852252960205,1.1634671688079834,1.1623852252960205,1.1629259586334229,440
2025-10-15 12:00:00+00:00,1.1621150970458984,1.1629259586334229,1.1618449687957764,1.16225004196167,552
2025-10-15 13:00:00+00:00,1.163061261177063,1.1634671688079834,1.161440134048462,1.1621150970458984,168
2025-10-15 14:00:00+00:00,1.1627906560897827,1.163061261177063,1.16225004196167,1.163061261177063,933
2025-10-15 15:00:00+00:00,1.1640088558197021,1.1648223400115967,1.1623852252960205,1.1627906560897827,154
2025-10-15 16:00:00+00:00,1.1642799377441406,1.1644154787063599,1.1631964445114136,1.163873314857483,221
2025-10-15 17:00:00+00:00,1.1633317470550537,1.1642799377441406,1.163061261177063,1.1641442775726318,915
2025-10-15 18:00:00+00:00,1.163602590560913,1.1640088558197021,1.1631964445114136,1.1633317470550537,710
2025-10-15 19:00:00+00:00,1.1648223400115967,1.1648223400115967,1.1637378931045532,1.1637378931045532,769
2025-10-15 20:00:00+00:00,1.1652295589447021,1.1652295589447021,1.164686679840088,1.1648223400115967,384
2025-10-15 21:00:00+00:00,1.1648223400115967,1.1659088134765625,1.164686679840088,1.1657729148864746,200
2025-10-15 22:00:00+00:00,1.1650937795639038,1.1655012369155884,1.164686679840088,1.164958119392395,209
2025-10-15 23:00:00+00:00,1.164958119392395,1.1652295589447021,1.164686679840088,1.1650937795639038,973
2025-10-16 00:00:00+00:00,1.1667250394821167,1.1669973134994507,1.164686679840088,1.1648223400115967,712
2025-10-16 01:00:00+00:00,1.1672697067260742,1.1678149700164795,1.1664528846740723,1.1667250394821167,873
2025-10-16 02:00:00+00:00,1.1669973134994507,1.1678149700164795,1.1668611764907837,1.1672697067260742,547
2025-10-16 03:00:00+00:00,1.1665889024734497,1.1669973134994507,1.1665889024734497,1.1668611764907837,383
2025-10-16 04:00:00+00:00,1.1659088134765625,1.1665889024734497,1.1659088134765625,1.1664528846740723,481
2025-10-16 05:00:00+00:00,1.1663167476654053,1.1664528846740723,1.1657729148864746,1.16604483127594,566
2025-10-16 06:00:00+00:00,1.1657729148864746,1.1669973134994507,1.1657729148864746,1.1664528846740723,716
2025-10-16 07:00:00+00:00,1.1655012369155884,1.1659088134765625,1.1648223400115967,1.1657729148864746,750
2025-10-16 08:00:00+00:00,1.1661807298660278,1.1663167476654053,1.1653653383255005,1.1653653383255005,385
2025-10-16 09:00:00+00:00,1.1661807298660278,1.1664528846740723,1.1656370162963867,1.1661807298660278,954
2025-10-16 10:00:00+00:00,1.1659088134765625,1.1665889024734497,1.1656370162963867,1.1661807298660278,238
2025-10-16 11:00:00+00:00,1.1656370162963867,1.1659088134765625,1.1650937795639038,1.1657729148864746,919
2025-10-16 12:00:00+00:00,1.1664528846740723,1.1665889024734497,1.1653653383255005,1.1656370162963867,846
2025-10-16 13:00:00+00:00,1.1661807298660278,1.1667250394821167,1.1655012369155884,1.1663167476654053,434
2025-10-16 14:00:00+00:00,1.1680878400802612,1.1680878400802612,1.1657729148864746,1.16604483127594,925
2025-10-16 15:00:00+00:00,1.1668611764907837,1.1682243347167969,1.1665889024734497,1.1679514646530151,255
2025-10-16 16:00:00+00:00,1.1680878400802612,1.1682243347167969,1.1669973134994507,1.1671334505081177,973
2025-10-16 17:00:00+00:00,1.1691803932189941,1.1695905923843384,1.1680878400802612,1.1680878400802612,152
2025-10-16 18:00:00+00:00,1.1694538593292236,1.1695905923843384,1.1683608293533325,1.1693171262741089,159
2025-10-16 19:00:00+00:00,1.1693171262741089,1.1697274446487427,1.1690436601638794,1.1691803932189941,213
2025-10-16 20:00:00+00:00,1.1691803932189941,1.1694538593292236,1.1689070463180542,1.1691803932189941,494
2025-10-16 21:00:00+00:00,1.1691803932189941,1.1694538593292236,1.1680878400802612,1.1682243347167969,160
2025-10-16 22:00:00+00:00,1.1697274446487427,1.169864296913147,1.1693171262741089,1.1693171262741089,124
2025-10-16 23:00:00+00:00,1.1702749729156494,1.1702749729156494,1.1697274446487427,1.1697274446487427,943
2025-10-17 00:00:00+00:00,1.1710972785949707,1.1715089082717896,1.169864296913147,1.1702749729156494,884
2025-10-17 01:00:00+00:00,1.1704120635986328,1.1712344884872437,1.1704120635986328,1.1710972785949707,224
2025-10-17 02:00:00+00:00,1.1709601879119873,1.1713716983795166,1.169864296913147,1.170548915863037,695
2025-10-17 03:00:00+00:00,1.1712344884872437,1.1715089082717896,1.170823097229004,1.170823097229004,884
2025-10-17 04:00:00+00:00,1.1713716983795166,1.1715089082717896,1.1709601879119873,1.1713716983795166,757
2025-10-17 05:00:00+00:00,1.1726078987121582,1.1730204820632935,1.1715089082717896,1.1715089082717896,127
2025-10-17 06:00:00+00:00,1.1713716983795166,1.1728830337524414,1.1712344884872437,1.1726078987121582,404
2025-10-17 07:00:00+00:00,1.1715089082717896,1.1716461181640625,1.1700011491775513,1.1712344884872437,287
2025-10-17 08:00:00+00:00,1.1701380014419556,1.1719207763671875,1.1695905923843384,1.171783447265625,303
2025-10-17 09:00:00+00:00,1.1704120635986328,1.1710972785949707,1.1700011491775513,1.1700011491775513,354
2025-10-17 10:00:00+00:00,1.1693171262741089,1.170548915863037,1.1691803932189941,1.1704120635986328,253
2025-10-17 11:00:00+00:00,1.168770432472229,1.1700011491775513,1.1684973239898682,1.1693171262741089,171
2025-10-17 12:00:00+00:00,1.1679514646530151,1.168770432472229,1.1669973134994507,1.168770432472229,369
2025-10-17 13:00:00+00:00,1.1672697067260742,1.1684973239898682,1.1672697067260742,1.1678149700164795,981
2025-10-17 14:00:00+00:00,1.1671334505081177,1.1675423383712769,1.16604483127594,1.1674060821533203,967
2025-10-17 15:00:00+00:00,1.1675423383712769,1.1676785945892334,1.1664528846740723,1.1669973134994507,587
2025-10-17 16:00:00+00:00,1.1675423383712769,1.1682243347167969,1.1674060821533203,1.1674060821533203,822
2025-10-17 17:00:00+00:00,1.1671334505081177,1.1678149700164795,1.1671334505081177,1.1675423383712769,669
2025-10-17 18:00:00+00:00,1.1671334505081177,1.1676785945892334,1.1668611764907837,1.1668611764907837,282
2025-10-17 19:00:00+00:00,1.1674060821533203,1.1674060821533203,1.1669973134994507,1.1672697067260742,482
2025-10-17 20:00:00+00:00,1.1657729148864746,1.1674060821533203,1.1653653383255005,1.1672697067260742,798
2025-10-17 21:00:00+00:00,1.1655012369155884,1.1655012369155884,1.1655012369155884,1.1655012369155884,112
2025-10-19 23:00:00+00:00,1.1661807298660278,1.1664528846740723,1.1657729148864746,1.1659088134765625,456
2025-10-20 00:00:00+00:00,1.1669973134994507,1.1669973134994507,1.1661807298660278,1.1663167476654053,885
2025-10-20 01:00:00+00:00,1.1664528846740723,1.1671334505081177,1.16604483127594,1.1669973134994507,388
2025-10-20 02:00:00+00:00,1.1669973134994507,1.1674060821533203,1.1664528846740723,1.1664528846740723,212
2025-10-20 03:00:00+00:00,1.1671334505081177,1.1671334505081177,1.1668611764907837,1.1668611764907837,866
2025-10-20 04:00:00+00:00,1.1675423383712769,1.1676785945892334,1.1668611764907837,1.1671334505081177,233
2025-10-20 05:00:00+00:00,1.1676785945892334,1.1679514646530151,1.1674060821533203,1.1674060821533203,311
2025-10-20 06:00:00+00:00,1.1661807298660278,1.1674060821533203,1.16604483127594,1.1674060821533203,846
2025-10-20 07:00:00+00:00,1.1665889024734497,1.1671334505081177,1.1657729148864746,1.1661807298660278,487
2025-10-20 08:00:00+00:00,1.1667250394821167,1.1669973134994507,1.1663167476654053,1.1664528846740723,524
2025-10-20 09:00:00+00:00,1.1665889024734497,1.1671334505081177,1.1663167476654053,1.1667250394821167,620
2025-10-20 10:00:00+00:00,1.1657729148864746,1.1665889024734497,1.1655012369155884,1.1665889024734497,305
2025-10-20 11:00:00+00:00,1.1659088134765625,1.1659088134765625,1.1648223400115967,1.1655012369155884,699
2025-10-20 12:00:00+00:00,1.1656370162963867,1.1663167476654053,1.1655012369155884,1.1661807298660278,997
2025-10-20 13:00:00+00:00,1.1652295589447021,1.1656370162963867,1.164958119392395,1.1656370162963867,735
2025-10-20 14:00:00+00:00,1.1656370162963867,1.1667250394821167,1.1650937795639038,1.1652295589447021,222
2025-10-20 15:00:00+00:00,1.1659088134765625,1.1667250394821167,1.1656370162963867,1.1657729148864746,374
2025-10-20 16:00:00+00:00,1.1653653383255005,1.16604483127594,1.1653653383255005,1.1657729148864746,362
2025-10-20 17:00:00+00:00,1.164686679840088,1.1656370162963867,1.1645511388778687,1.1652295589447021,395
2025-10-20 18:00:00+00:00,1.164958119392395,1.1650937795639038,1.1642799377441406,1.1645511388778687,623
2025-10-20 19:00:00+00:00,1.1644154787063599,1.1652295589447021,1.1644154787063599,1.1650937795639038,290
2025-10-20 20:00:00+00:00,1.1645511388778687,1.1648223400115967,1.1644154787063599,1.1644154787063599,688
2025-10-20 21:00:00+00:00,1.1648223400115967,1.1650937795639038,1.1631964445114136,1.1631964445114136,661
2025-10-20 22:00:00+00:00,1.164958119392395,1.1650937795639038,1.164686679840088,1.1648223400115967,788
2025-10-20 23:00:00+00:00,1.164686679840088,1.1650937795639038,1.164686679840088,1.164686679840088,502
2025-10-21 00:00:00+00:00,1.1656370162963867,1.1659088134765625,1.1648223400115967,1.1648223400115967,923
2025-10-21 01:00:00+00:00,1.1648223400115967,1.1655012369155884,1.164686679840088,1.1655012369155884,485
2025-10-21 02:00:00+00:00,1.1637378931045532,1.1648223400115967,1.163602590560913,1.164686679840088,656
2025-10-21 03:00:00+00:00,1.1637378931045532,1.163873314857483,1.163602590560913,1.1637378931045532,872
2025-10-21 04:00:00+00:00,1.163873314857483,1.163873314857483,1.163602590560913,1.1637378931045532,602
2025-10-21 05:00:00+00:00,1.1629259586334229,1.163873314857483,1.1627906560897827,1.163873314857483,945
2025-10-21 06:00:00+00:00,1.163602590560913,1.1637378931045532,1.1623852252960205,1.1627906560897827,944
2025-10-21 07:00:00+00:00,1.1629259586334229,1.163873314857483,1.1627906560897827,1.163602590560913,225
2025-10-21 08:00:00+00:00,1.162520408630371,1.163061261177063,1.1617100238800049,1.1626555919647217,378
2025-10-21 09:00:00+00:00,1.1623852252960205,1.1629259586334229,1.1619800329208374,1.1623852252960205,608
2025-10-21 10:00:00+00:00,1.1621150970458984,1.1626555919647217,1.1610356569290161,1.162520408630371,174
2025-10-21 11:00:00+00:00,1.1615750789642334,1.1629259586334229,1.161440134048462,1.1621150970458984,741
2025-10-21 12:00:00+00:00,1.161440134048462,1.1615750789642334,1.1606314182281494,1.1615750789642334,445
2025-10-21 13:00:00+00:00,1.1615750789642334,1.1619800329208374,1.1607661247253418,1.1615750789642334,443
2025-10-21 14:00:00+00:00,1.1607661247253418,1.1621150970458984,1.1602274179458618,1.1615750789642334,260
2025-10-21 15:00:00+00:00,1.1618449687957764,1.1619800329208374,1.1607661247253418,1.1607661247253418,501
2025-10-21 16:00:00+00:00,1.16130530834198,1.1626555919647217,1.16130530834198,1.1621150970458984,625
2025-10-21 17:00:00+00:00,1.1607661247253418,1.16130530834198,1.160496711730957,1.161170482635498,959
2025-10-21 18:00:00+00:00,1.1609008312225342,1.161170482635498,1.1607661247253418,1.1609008312225342,895
2025-10-21 19:00:00+00:00,1.1603620052337646,1.161170482635498,1.1603620052337646,1.1609008312225342,651
2025-10-21 20:00:00+00:00,1.1603620052337646,1.1606314182281494,1.1602274179458618,1.1603620052337646,373
2025-10-21 21:00:00+00:00,1.1607661247253418,1.1610356569290161,1.1598236560821533,1.1598236560821533,731
2025-10-21 22:00:00+00:00,1.1603620052337646,1.1606314182281494,1.1603620052337646,1.1603620052337646,714
2025-10-21 23:00:00+00:00,1.1602274179458618,1.160496711730957,1.1602274179458618,1.1603620052337646,932
2025-10-22 00:00:00+00:00,1.1607661247253418,1.1610356569290161,1.1602274179458618,1.1602274179458618,772
2025-10-22 01:00:00+00:00,1.1609008312225342,1.161170482635498,1.160496711730957,1.1609008312225342,583
2025-10-22 02:00:00+00:00,1.161170482635498,1.161440134048462,1.1609008312225342,1.1609008312225342,159
2025-10-22 03:00:00+00:00,1.1610356569290161,1.161170482635498,1.1607661247253418,1.161170482635498,634
2025-10-22 04:00:00+00:00,1.16130530834198,1.16130530834198,1.1609008312225342,1.161170482635498,779
2025-10-22 05:00:00+00:00,1.1617100238800049,1.1618449687957764,1.16130530834198,1.16130530834198,600
2025-10-22 06:00:00+00:00,1.16130530834198,1.1618449687957764,1.1607661247253418,1.161170482635498,150
2025-10-22 07:00:00+00:00,1.1603620052337646,1.161440134048462,1.1603620052337646,1.161440134048462,930
2025-10-22 08:00:00+00:00,1.160092830657959,1.1603620052337646,1.1594202518463135,1.1602274179458618,505
2025-10-22 09:00:00+00:00,1.1598236560821533,1.160496711730957,1.15968918800354,1.160092830657959,199
2025-10-22 10:00:00+00:00,1.1588828563690186,1.1599582433700562,1.1586142778396606,1.15968918800354,392
2025-10-22 11:00:00+00:00,1.1586142778396606,1.159151554107666,1.1586142778396606,1.1590172052383423,482
2025-10-22 12:00:00+00:00,1.1586142778396606,1.1592857837677002,1.158077597618103,1.159151554107666,757
2025-10-22 13:00:00+00:00,1.1598236560821533,1.1599582433700562,1.1586142778396606,1.1588828563690186,501
2025-10-22 14:00:00+00:00,1.161440134048462,1.161440134048462,1.1595547199249268,1.1602274179458618,335
2025-10-22 15:00:00+00:00,1.161440134048462,1.1619800329208374,1.16130530834198,1.1615750789642334,133
2025-10-22 16:00:00+00:00,1.16225004196167,1.162520408630371,1.161440134048462,1.1615750789642334,251
2025-10-22 17:00:00+00:00,1.1618449687957764,1.16225004196167,1.1617100238800049,1.16225004196167,273
2025-10-22 18:00:00+00:00,1.16130530834198,1.1618449687957764,1.161170482635498,1.1618449687957764,325
2025-10-22 19:00:00+00:00,1.1609008312225342,1.161440134048462,1.1609008312225342,1.16130530834198,745
2025-10-22 20:00:00+00:00,1.161440134048462,1.161440134048462,1.1609008312225342,1.1609008312225342,756
2025-10-22 21:00:00+00:00,1.1617100238800049,1.1617100238800049,1.1610356569290161,1.16130530834198,756
2025-10-22 22:00:00+00:00,1.1615750789642334,1.1618449687957764,1.1615750789642334,1.1615750789642334,691
2025-10-22 23:00:00+00:00,1.1610356569290161,1.161440134048462,1.1610356569290161,1.161440134048462,953
2025-10-23 00:00:00+00:00,1.1607661247253418,1.1610356569290161,1.1602274179458618,1.1610356569290161,457
2025-10-23 01:00:00+00:00,1.160092830657959,1.1609008312225342,1.160092830657959,1.1609008312225342,189
2025-10-23 02:00:00+00:00,1.1599582433700562,1.1602274179458618,1.1598236560821533,1.160092830657959,652
2025-10-23 03:00:00+00:00,1.15968918800354,1.1602274179458618,1.1595547199249268,1.1599582433700562,820
2025-10-23 04:00:00+00:00,1.1602274179458618,1.1602274179458618,1.1594202518463135,1.1595547199249268,796
2025-10-23 05:00:00+00:00,1.160496711730957,1.1606314182281494,1.160092830657959,1.160092830657959,508
2025-10-23 06:00:00+00:00,1.1598236560821533,1.1606314182281494,1.1594202518463135,1.160496711730957,922
2025-10-23 07:00:00+00:00,1.1603620052337646,1.1603620052337646,1.1595547199249268,1.1595547199249268,815
2025-10-23 08:00:00+00:00,1.1599582433700562,1.1609008312225342,1.15968918800354,1.1602274179458618,389
2025-10-23 09:00:00+00:00,1.15968918800354,1.1602274179458618,1.15968918800354,1.1599582433700562,715
2025-10-23 10:00:00+00:00,1.159151554107666,1.1598236560821533,1.1590172052383423,1.1595547199249268,708
2025-10-23 11:00:00+00:00,1.1590172052383423,1.1595547199249268,1.1588828563690186,1.1590172052383423,190
2025-10-23 12:00:00+00:00,1.1603620052337646,1.1609008312225342,1.1590172052383423,1.1592857837677002,651
2025-10-23 13:00:00+00:00,1.1610356569290161,1.16130530834198,1.1602274179458618,1.1603620052337646,621
2025-10-23 14:00:00+00:00,1.1615750789642334,1.16225004196167,1.161170482635498,1.161170482635498,531
2025-10-23 15:00:00+00:00,1.161440134048462,1.1619800329208374,1.1610356569290161,1.1618449687957764,204
2025-10-23 16:00:00+00:00,1.1610356569290161,1.1619800329208374,1.1610356569290161,1.1617100238800049,781
2025-10-23 17:00:00+00:00,1.161440134048462,1.1615750789642334,1.1607661247253418,1.1610356569290161,627
2025-10-23 18:00:00+00:00,1.1621150970458984,1.1621150970458984,1.16130530834198,1.161440134048462,132
2025-10-23 19:00:00+00:00,1.1619800329208374,1.16225004196167,1.1618449687957764,1.16225004196167,729
2025-10-23 20:00:00+00:00,1.1621150970458984,1.16225004196167,1.1617100238800049,1.1618449687957764,769
2025-10-23 21:00:00+00:00,1.1621150970458984,1.16225004196167,1.1617100238800049,1.16225004196167,119
2025-10-23 22:00:00+00:00,1.1621150970458984,1.162520408630371,1.1621150970458984,1.1623852252960205,435
2025-10-23 23:00:00+00:00,1.1621150970458984,1.16225004196167,1.1618449687957764,1.1621150970458984,396
2025-10-24 00:00:00+00:00,1.1621150970458984,1.162520408630371,1.1621150970458984,1.1621150970458984,868
2025-10-24 01:00:00+00:00,1.16130530834198,1.16225004196167,1.16130530834198,1.1619800329208374,839
2025-10-24 02:00:00+00:00,1.161170482635498,1.1615750789642334,1.161170482635498,1.16130530834198,400
2025-10-24 03:00:00+00:00,1.16130530834198,1.161440134048462,1.161170482635498,1.161170482635498,590
2025-10-24 04:00:00+00:00,1.161170482635498,1.16130530834198,1.1609008312225342,1.161170482635498,112
2025-10-24 05:00:00+00:00,1.1609008312225342,1.1610356569290161,1.160496711730957,1.1610356569290161,863
2025-10-24 06:00:00+00:00,1.1617100238800049,1.1617100238800049,1.160496711730957,1.1609008312225342,397
2025-10-24 07:00:00+00:00,1.16225004196167,1.163061261177063,1.160496711730957,1.1617100238800049,914
2025-10-24 08:00:00+00:00,1.161440134048462,1.162520408630371,1.1610356569290161,1.1623852252960205,949
2025-10-24 09:00:00+00:00,1.1615750789642334,1.1615750789642334,1.1609008312225342,1.161170482635498,278
2025-10-24 10:00:00+00:00,1.1615750789642334,1.1619800329208374,1.161440134048462,1.161440134048462,355
2025-10-24 11:00:00+00:00,1.1618449687957764,1.1618449687957764,1.161170482635498,1.1615750789642334,455
2025-10-24 12:00:00+00:00,1.1637378931045532,1.164958119392395,1.16130530834198,1.1618449687957764,521
2025-10-24 13:00:00+00:00,1.1629259586334229,1.1645511388778687,1.1626555919647217,1.1634671688079834,867
2025-10-24 14:00:00+00:00,1.1629259586334229,1.163873314857483,1.16225004196167,1.163061261177063,430
2025-10-24 15:00:00+00:00,1.1629259586334229,1.1637378931045532,1.162520408630371,1.163061261177063,672
2025-10-24 16:00:00+00:00,1.1629259586334229,1.163061261177063,1.162520408630371,1.1629259586334229,421
2025-10-24 17:00:00+00:00,1.163061261177063,1.1634671688079834,1.1627906560897827,1.1629259586334229,463
2025-10-24 18:00:00+00:00,1.1629259586334229,1.163061261177063,1.1627906560897827,1.163061261177063,685
2025-10-24 19:00:00+00:00,1.1634671688079834,1.163602590560913,1.1629259586334229,1.163061261177063,363
2025-10-24 20:00:00+00:00,1.1629259586334229,1.163873314857483,1.162520408630371,1.163602590560913,293
2025-10-24 21:00:00+00:00,1.1631964445114136,1.1631964445114136,1.1631964445114136,1.1631964445114136,779
2025-10-27 00:00:00+00:00,1.163873314857483,1.1641442775726318,1.1631964445114136,1.1634671688079834,818
2025-10-27 01:00:00+00:00,1.1642799377441406,1.1650937795639038,1.1637378931045532,1.1637378931045532,614
2025-10-27 02:00:00+00:00,1.1634671688079834,1.1642799377441406,1.1633317470550537,1.1642799377441406,401
2025-10-27 03:00:00+00:00,1.163061261177063,1.163602590560913,1.163061261177063,1.1634671688079834,840
2025-10-27 04:00:00+00:00,1.1627906560897827,1.163061261177063,1.1623852252960205,1.163061261177063,604
2025-10-27 05:00:00+00:00,1.1629259586334229,1.163061261177063,1.162520408630371,1.1629259586334229,454
2025-10-27 06:00:00+00:00,1.1629259586334229,1.163602590560913,1.1629259586334229,1.163061261177063,941
2025-10-27 07:00:00+00:00,1.1623852252960205,1.163061261177063,1.1623852252960205,1.163061261177063,152
2025-10-27 08:00:00+00:00,1.1633317470550537,1.163602590560913,1.1621150970458984,1.16225004196167,222
2025-10-27 09:00:00+00:00,1.1641442775726318,1.1642799377441406,1.163061261177063,1.1631964445114136,129
2025-10-27 10:00:00+00:00,1.1645511388778687,1.164686679840088,1.163873314857483,1.1640088558197021,287
2025-10-27 11:00:00+00:00,1.164958119392395,1.1650937795639038,1.1640088558197021,1.1644154787063599,626
2025-10-27 12:00:00+00:00,1.1644154787063599,1.1653653383255005,1.1641442775726318,1.164958119392395,565
2025-10-27 13:00:00+00:00,1.163873314857483,1.1645511388778687,1.163602590560913,1.1645511388778687,760
2025-10-27 14:00:00+00:00,1.1642799377441406,1.1645511388778687,1.1637378931045532,1.1640088558197021,302
2025-10-27 15:00:00+00:00,1.163873314857483,1.1644154787063599,1.1637378931045532,1.1642799377441406,863
2025-10-27 16:00:00+00:00,1.1641442775726318,1.1644154787063599,1.163602590560913,1.163873314857483,529
2025-10-27 17:00:00+00:00,1.1641442775726318,1.1644154787063599,1.1640088558197021,1.1642799377441406,531
2025-10-27 18:00:00+00:00,1.1655012369155884,1.1655012369155884,1.163873314857483,1.1641442775726318,352
2025-10-27 19:00:00+00:00,1.164958119392395,1.1652295589447021,1.1648223400115967,1.1650937795639038,542
2025-10-27 20:00:00+00:00,1.164686679840088,1.1652295589447021,1.164686679840088,1.1650937795639038,315
2025-10-27 21:00:00+00:00,1.164958119392395,1.164958119392395,1.1648223400115967,1.1648223400115967,140
2025-10-27 22:00:00+00:00,1.1653653383255005,1.1653653383255005,1.164958119392395,1.164958119392395,433
2025-10-27 23:00:00+00:00,1.1655012369155884,1.1657729148864746,1.1653653383255005,1.1653653383255005,968
2025-10-28 00:00:00+00:00,1.1659088134765625,1.1661807298660278,1.164958119392395,1.1653653383255005,759
2025-10-28 01:00:00+00:00,1.16604483127594,1.1667250394821167,1.1659088134765625,1.1659088134765625,449
2025-10-28 02:00:00+00:00,1.1657729148864746,1.1665889024734497,1.1657729148864746,1.1661807298660278,685
2025-10-28 03:00:00+00:00,1.1663167476654053,1.1665889024734497,1.1659088134765625,1.1659088134765625,147
2025-10-28 04:00:00+00:00,1.1668611764907837,1.1671334505081177,1.1661807298660278,1.1663167476654053,996
2025-10-28 05:00:00+00:00,1.1667250394821167,1.1671334505081177,1.1665889024734497,1.1669973134994507,920
2025-10-28 06:00:00+00:00,1.1659088134765625,1.1669973134994507,1.1659088134765625,1.1667250394821167,816
2025-10-28 07:00:00+00:00,1.1657729148864746,1.1664528846740723,1.1655012369155884,1.1657729148864746,851
2025-10-28 08:00:00+00:00,1.1657729148864746,1.1665889024734497,1.1653653383255005,1.1657729148864746,168
2025-10-28 09:00:00+00:00,1.16604483127594,1.1661807298660278,1.1650937795639038,1.1656370162963867,678
2025-10-28 10:00:00+00:00,1.1667250394821167,1.1668611764907837,1.1659088134765625,1.16604483127594,793
2025-10-28 11:00:00+00:00,1.1661807298660278,1.1667250394821167,1.1659088134765625,1.1667250394821167,697
2025-10-28 12:00:00+00:00,1.1644154787063599,1.1663167476654053,1.1640088558197021,1.1661807298660278,347
2025-10-28 13:00:00+00:00,1.1644154787063599,1.1644154787063599,1.1629259586334229,1.1641442775726318,650
2025-10-28 14:00:00+00:00,1.1663167476654053,1.1665889024734497,1.1641442775726318,1.1641442775726318,703
2025-10-28 15:00:00+00:00,1.1661807298660278,1.1669973134994507,1.1659088134765625,1.1667250394821167,160
2025-10-28 16:00:00+00:00,1.1669973134994507,1.1669973134994507,1.1656370162963867,1.1661807298660278,385
2025-10-28 17:00:00+00:00,1.1665889024734497,1.1671334505081177,1.1663167476654053,1.1671334505081177,822
2025-10-28 18:00:00+00:00,1.1665889024734497,1.1665889024734497,1.1659088134765625,1.1665889024734497,869
2025-10-28 19:00:00+00:00,1.1656370162963867,1.1668611764907837,1.1656370162963867,1.1665889024734497,731
2025-10-28 20:00:00+00:00,1.1656370162963867,1.16604483127594,1.1655012369155884,1.1656370162963867,548
2025-10-28 21:00:00+00:00,1.1656370162963867,1.16604483127594,1.1653653383255005,1.1656370162963867,367
2025-10-28 22:00:00+00:00,1.1653653383255005,1.1657729148864746,1.1653653383255005,1.1657729148864746,419
2025-10-28 23:00:00+00:00,1.1659088134765625,1.1659088134765625,1.1652295589447021,1.1653653383255005,658
2025-10-29 00:00:00+00:00,1.1657729148864746,1.1664528846740723,1.1656370162963867,1.1659088134765625,518
2025-10-29 01:00:00+00:00,1.1650937795639038,1.1659088134765625,1.164958119392395,1.1657729148864746,716
2025-10-29 02:00:00+00:00,1.164958119392395,1.1650937795639038,1.164686679840088,1.1650937795639038,237
2025-10-29 03:00:00+00:00,1.1640088558197021,1.164958119392395,1.1640088558197021,1.164958119392395,804
2025-10-29 04:00:00+00:00,1.1637378931045532,1.1640088558197021,1.1634671688079834,1.1640088558197021,827
2025-10-29 05:00:00+00:00,1.1634671688079834,1.163873314857483,1.163061261177063,1.1637378931045532,227
2025-10-29 06:00:00+00:00,1.1633317470550537,1.163602590560913,1.1629259586334229,1.1633317470550537,906
2025-10-29 07:00:00+00:00,1.163602590560913,1.1640088558197021,1.1633317470550537,1.1633317470550537,829
2025-10-29 08:00:00+00:00,1.1627906560897827,1.1637378931045532,1.1627906560897827,1.163602590560913,580
2025-10-29 09:00:00+00:00,1.1645511388778687,1.1648223400115967,1.1623852252960205,1.1626555919647217,966
2025-10-29 10:00:00+00:00,1.1650937795639038,1.1652295589447021,1.1641442775726318,1.1645511388778687,619
2025-10-29 11:00:00+00:00,1.1642799377441406,1.1650937795639038,1.1637378931045532,1.1650937795639038,702
2025-10-29 12:00:00+00:00,1.1637378931045532,1.164686679840088,1.1631964445114136,1.164686679840088,432
2025-10-29 13:00:00+00:00,1.1640088558197021,1.1648223400115967,1.1637378931045532,1.163873314857483,159
2025-10-29 14:00:00+00:00,1.1653653383255005,1.1653653383255005,1.163602590560913,1.1641442775726318,803
2025-10-29 15:00:00+00:00,1.1667250394821167,1.1667250394821167,1.1648223400115967,1.1655012369155884,758
2025-10-29 16:00:00+00:00,1.1661807298660278,1.1668611764907837,1.1659088134765625,1.1667250394821167,410
2025-10-29 17:00:00+00:00,1.1650937795639038,1.1661807298660278,1.164958119392395,1.16604483127594,944
2025-10-29 18:00:00+00:00,1.1598236560821533,1.1650937795639038,1.159151554107666,1.163873314857483,225
2025-10-29 19:00:00+00:00,1.1603620052337646,1.1603620052337646,1.1582117080688477,1.160092830657959,763
2025-10-29 20:00:00+00:00,1.1603620052337646,1.1610356569290161,1.1595547199249268,1.1603620052337646,964
2025-10-29 21:00:00+00:00,1.1606314182281494,1.161440134048462,1.1602274179458618,1.160496711730957,411
2025-10-29 22:00:00+00:00,1.1606314182281494,1.1609008312225342,1.160496711730957,1.1607661247253418,267
2025-10-29 23:00:00+00:00,1.1606314182281494,1.1609008312225342,1.160496711730957,1.1607661247253418,976
2025-10-30 00:00:00+00:00,1.1615750789642334,1.1618449687957764,1.160092830657959,1.1606314182281494,861
2025-10-30 01:00:00+00:00,1.1617100238800049,1.1618449687957764,1.16130530834198,1.1617100238800049,708
2025-10-30 02:00:00+00:00,1.1621150970458984,1.16225004196167,1.1615750789642334,1.1617100238800049,649
2025-10-30 03:00:00+00:00,1.1618449687957764,1.16225004196167,1.161170482635498,1.1621150970458984,155
2025-10-30 04:00:00+00:00,1.163602590560913,1.163873314857483,1.1617100238800049,1.1618449687957764,268
2025-10-30 05:00:00+00:00,1.1627906560897827,1.1637378931045532,1.1627906560897827,1.1637378931045532,816
2025-10-30 06:00:00+00:00,1.1623852252960205,1.1633317470550537,1.16225004196167,1.1629259586334229,674
2025-10-30 07:00:00+00:00,1.1621150970458984,1.162520408630371,1.161440134048462,1.1623852252960205,949
2025-10-30 08:00:00+00:00,1.1619800329208374,1.1623852252960205,1.1610356569290161,1.1621150970458984,662
2025-10-30 09:00:00+00:00,1.1619800329208374,1.163061261177063,1.1618449687957764,1.1621150970458984,926
2025-10-30 10:00:00+00:00,1.1610356569290161,1.16225004196167,1.1610356569290161,1.1621150970458984,251
2025-10-30 11:00:00+00:00,1.160092830657959,1.161440134048462,1.1599582433700562,1.1607661247253418,416
2025-10-30 12:00:00+00:00,1.1558021306991577,1.1602274179458618,1.1558021306991577,1.160092830657959,415
2025-10-30 13:00:00+00:00,1.158077597618103,1.158077597618103,1.1551345586776733,1.1558021306991577,492
2025-10-30 14:00:00+00:00,1.1575413942337036,1.1590172052383423,1.157273530960083,1.158077597618103,853
2025-10-30 15:00:00+00:00,1.156738042831421,1.158077597618103,1.1564704179763794,1.1576753854751587,495
2025-10-30 16:00:00+00:00,1.157273530960083,1.1574074029922485,1.156203031539917,1.156738042831421,517
2025-10-30 17:00:00+00:00,1.1568717956542969,1.157273530960083,1.1564704179763794,1.157273530960083,408
2025-10-30 18:00:00+00:00,1.157139539718628,1.1574074029922485,1.1568717956542969,1.1568717956542969,127
2025-10-30 19:00:00+00:00,1.156738042831421,1.1574074029922485,1.1564704179763794,1.157273530960083,953
2025-10-30 20:00:00+00:00,1.1568717956542969,1.1575413942337036,1.156738042831421,1.156738042831421,925
2025-10-30 21:00:00+00:00,1.157273530960083,1.1574074029922485,1.156738042831421,1.1574074029922485,667
2025-10-30 22:00:00+00:00,1.157139539718628,1.157273530960083,1.1570056676864624,1.1570056676864624,776
2025-10-30 23:00:00+00:00,1.1575413942337036,1.1576753854751587,1.1570056676864624,1.157139539718628,299
2025-10-31 00:00:00+00:00,1.1576753854751587,1.158077597618103,1.157273530960083,1.1575413942337036,850
2025-10-31 01:00:00+00:00,1.1570056676864624,1.158077597618103,1.1570056676864624,1.1578094959259033,500
2025-10-31 02:00:00+00:00,1.157139539718628,1.1579434871673584,1.1568717956542969,1.1570056676864624,799
2025-10-31 03:00:00+00:00,1.157139539718628,1.1574074029922485,1.1570056676864624,1.157139539718628,533
2025-10-31 04:00:00+00:00,1.1575413942337036,1.1576753854751587,1.1570056676864624,1.1570056676864624,821
2025-10-31 05:00:00+00:00,1.157139539718628,1.1576753854751587,1.1570056676864624,1.1575413942337036,443
2025-10-31 06:00:00+00:00,1.1564704179763794,1.1578094959259033,1.1564704179763794,1.157139539718628,865
2025-10-31 07:00:00+00:00,1.1568717956542969,1.1568717956542969,1.1559356451034546,1.1566041707992554,161
2025-10-31 08:00:00+00:00,1.1574074029922485,1.1574074029922485,1.156336784362793,1.156738042831421,349
2025-10-31 09:00:00+00:00,1.158077597618103,1.158077597618103,1.1570056676864624,1.157273530960083,195
2025-10-31 10:00:00+00:00,1.1574074029922485,1.1578094959259033,1.157139539718628,1.1578094959259033,849
2025-10-31 11:00:00+00:00,1.1570056676864624,1.1576753854751587,1.156203031539917,1.1574074029922485,220
2025-10-31 12:00:00+00:00,1.1558021306991577,1.1570056676864624,1.1558021306991577,1.1568717956542969,307
2025-10-31 13:00:00+00:00,1.1544678211212158,1.1559356451034546,1.15340256690979,1.1556684970855713,722
2025-10-31 14:00:00+00:00,1.1538017988204956,1.1544678211212158,1.1526048183441162,1.1544678211212158,158
2025-10-31 15:00:00+00:00,1.154334545135498,1.1546010971069336,1.1527377367019653,1.1538017988204956,814
2025-10-31 16:00:00+00:00,1.1532695293426514,1.1547343730926514,1.1532695293426514,1.154334545135498,502
2025-10-31 17:00:00+00:00,1.1527377367019653,1.1532695293426514,1.1526048183441162,1.1532695293426514,313
2025-10-31 18:00:00+00:00,1.1527377367019653,1.1530035734176636,1.1524720191955566,1.1527377367019653,332
2025-10-31 19:00:00+00:00,1.1528706550598145,1.15340256690979,1.1527377367019653,1.1527377367019653,122
2025-10-31 20:00:00+00:00,1.154334545135498,1.154334545135498,1.1530035734176636,1.1530035734176636,969
2025-10-31 21:00:00+00:00,1.154334545135498,1.154334545135498,1.154334545135498,1.154334545135498,262
2025-11-03 00:00:00+00:00,1.1528706550598145,1.15340256690979,1.1527377367019653,1.1532695293426514,778
2025-11-03 01:00:00+00:00,1.1530035734176636,1.1532695293426514,1.1526048183441162,1.1528706550598145,301
2025-11-03 02:00:00+00:00,1.1535356044769287,1.1538017988204956,1.1530035734176636,1.1530035734176636,859
2025-11-03 03:00:00+00:00,1.1536686420440674,1.1538017988204956,1.15340256690979,1.1535356044769287,900
2025-11-03 04:00:00+00:00,1.1536686420440674,1.154068112373352,1.1535356044769287,1.1536686420440674,275
2025-11-03 05:00:00+00:00,1.1538017988204956,1.154068112373352,1.1536686420440674,1.1538017988204956,430
2025-11-03 06:00:00+00:00,1.1542012691497803,1.1544678211212158,1.1538017988204956,1.1538017988204956,751
2025-11-03 07:00:00+00:00,1.154334545135498,1.1544678211212158,1.1538017988204956,1.154334545135498,792
2025-11-03 08:00:00+00:00,1.1516757011413574,1.154068112373352,1.151410460472107,1.154068112373352,232
2025-11-03 09:00:00+00:00,1.1518083810806274,1.152339220046997,1.151543140411377,1.151543140411377,260
2025-11-03 10:00:00+00:00,1.1519410610198975,1.1522064208984375,1.151145339012146,1.1519410610198975,828
2025-11-03 11:00:00+00:00,1.1519410610198975,1.152339220046997,1.151543140411377,1.1516757011413574,974
2025-11-03 12:00:00+00:00,1.1520737409591675,1.1524720191955566,1.1518083810806274,1.1518083810806274,849
2025-11-03 13:00:00+00:00,1.151410460472107,1.1520737409591675,1.151012897491455,1.1520737409591675,962
2025-11-03 14:00:00+00:00,1.151410460472107,1.151543140411377,1.1508804559707642,1.151543140411377,805
2025-11-03 15:00:00+00:00,1.1528706550598145,1.1528706550598145,1.151012897491455,1.1522064208984375,570
2025-11-03 16:00:00+00:00,1.15340256690979,1.1535356044769287,1.1527377367019653,1.1528706550598145,234
2025-11-03 17:00:00+00:00,1.1530035734176636,1.154068112373352,1.1530035734176636,1.1532695293426514,972
2025-11-03 18:00:00+00:00,1.1526048183441162,1.15340256690979,1.1524720191955566,1.1531364917755127,835
2025-11-03 19:00:00+00:00,1.1522064208984375,1.1527377367019653,1.1520737409591675,1.1526048183441162,868
2025-11-03 20:00:00+00:00,1.152339220046997,1.1526048183441162,1.1520737409591675,1.152339220046997,982
2025-11-03 21:00:00+00:00,1.1522064208984375,1.152339220046997,1.1519410610198975,1.1520737409591675,262
2025-11-03 22:00:00+00:00,1.152339220046997,1.1527377367019653,1.1520737409591675,1.152339220046997,950
2025-11-03 23:00:00+00:00,1.1522064208984375,1.1524720191955566,1.1522064208984375,1.1524720191955566,211
2025-11-04 00:00:00+00:00,1.151145339012146,1.1519410610198975,1.1508804559707642,1.1518083810806274,564
2025-11-04 01:00:00+00:00,1.1512778997421265,1.1512778997421265,1.15035080909729,1.151012897491455,140
2025-11-04 02:00:00+00:00,1.151410460472107,1.151410460472107,1.1508804559707642,1.1512778997421265,844
2025-11-04 03:00:00+00:00,1.1516757011413574,1.1520737409591675,1.151410460472107,1.151543140411377,920
2025-11-04 04:00:00+00:00,1.1512778997421265,1.1520737409591675,1.1512778997421265,1.1516757011413574,866
2025-11-04 05:00:00+00:00,1.151543140411377,1.1516757011413574,1.151145339012146,1.1512778997421265,531
2025-11-04 06:00:00+00:00,1.1526048183441162,1.1528706550598145,1.151543140411377,1.151543140411377,816
2025-11-04 07:00:00+00:00,1.1530035734176636,1.1535356044769287,1.1526048183441162,1.1527377367019653,250
2025-11-04 08:00:00+00:00,1.1516757011413574,1.1531364917755127,1.1516757011413574,1.1531364917755127,884
2025-11-04 09:00:00+00:00,1.150483250617981,1.1520737409591675,1.15035080909729,1.1516757011413574,121
2025-11-04 10:00:00+00:00,1.1507480144500732,1.1512778997421265,1.150483250617981,1.150483250617981,909
2025-11-04 11:00:00+00:00,1.1492931842803955,1.1508804559707642,1.1492931842803955,1.1508804559707642,634
2025-11-04 12:00:00+00:00,1.1492931842803955,1.1495574712753296,1.1481056213378906,1.1494252681732178,566
2025-11-04 13:00:00+00:00,1.1495574712753296,1.1499539613723755,1.1491611003875732,1.1491611003875732,659
2025-11-04 14:00:00+00:00,1.1485011577606201,1.1498217582702637,1.1477103233337402,1.1495574712753296,724
2025-11-04 15:00:00+00:00,1.1495574712753296,1.1495574712753296,1.1478420495986938,1.148369312286377,184
2025-11-04 16:00:00+00:00,1.1492931842803955,1.1498217582702637,1.1491611003875732,1.1495574712753296,650
2025-11-04 17:00:00+00:00,1.1487650871276855,1.1492931842803955,1.1487650871276855,1.1492931842803955,251
2025-11-04 18:00:00+00:00,1.1487650871276855,1.1490291357040405,1.1485011577606201,1.1486331224441528,949
2025-11-04 19:00:00+00:00,1.1482374668121338,1.1490291357040405,1.1482374668121338,1.1487650871276855,876
2025-11-04 20:00:00+00:00,1.148369312286377,1.1486331224441528,1.1478420495986938,1.1481056213378906,237
2025-11-04 21:00:00+00:00,1.1486331224441528,1.1486331224441528,1.1482374668121338,1.148369312286377,813
2025-11-04 22:00:00+00:00,1.1486331224441528,1.1491611003875732,1.1478420495986938,1.1482374668121338,547
2025-11-04 23:00:00+00:00,1.1487650871276855,1.1488970518112183,1.1486331224441528,1.1487650871276855,418
2025-11-05 00:00:00+00:00,1.1487650871276855,1.1488970518112183,1.148369312286377,1.1488970518112183,819
2025-11-05 01:00:00+00:00,1.1492931842803955,1.1500862836837769,1.148369312286377,1.1487650871276855,414
2025-11-05 02:00:00+00:00,1.1491611003875732,1.1495574712753296,1.1488970518112183,1.1494252681732178,859
2025-11-05 03:00:00+00:00,1.1491611003875732,1.1495574712753296,1.1488970518112183,1.1492931842803955,378
2025-11-05 04:00:00+00:00,1.1494252681732178,1.1494252681732178,1.1491611003875732,1.1491611003875732,618
2025-11-05 05:00:00+00:00,1.1495574712753296,1.1496896743774414,1.1492931842803955,1.1494252681732178,876
2025-11-05 06:00:00+00:00,1.1490291357040405,1.1496896743774414,1.1490291357040405,1.1494252681732178,702
2025-11-05 07:00:00+00:00,1.1490291357040405,1.1494252681732178,1.1487650871276855,1.1490291357040405,124
2025-11-05 08:00:00+00:00,1.1491611003875732,1.1499539613723755,1.1490291357040405,1.1490291357040405,335
2025-11-05 09:00:00+00:00,1.1487650871276855,1.1495574712753296,1.1486331224441528,1.1490291357040405,299
2025-11-05 10:00:00+00:00,1.1486331224441528,1.1487650871276855,1.1479737758636475,1.1487650871276855,874
2025-11-05 11:00:00+00:00,1.1491611003875732,1.1492931842803955,1.1482374668121338,1.1487650871276855,475
2025-11-05 12:00:00+00:00,1.1494252681732178,1.1495574712753296,1.1490291357040405,1.1492931842803955,724
2025-11-05 13:00:00+00:00,1.1477103233337402,1.1496896743774414,1.1477103233337402,1.1492931842803955,389
2025-11-05 14:00:00+00:00,1.1490291357040405,1.1495574712753296,1.147315263748169,1.1479737758636475,785
2025-11-05 15:00:00+00:00,1.1482374668121338,1.1490291357040405,1.1475785970687866,1.1477103233337402,570
2025-11-05 16:00:00+00:00,1.1487650871276855,1.1488970518112183,1.147446870803833,1.1482374668121338,898
2025-11-05 17:00:00+00:00,1.148369312286377,1.1488970518112183,1.1481056213378906,1.1486331224441528,356
2025-11-05 18:00:00+00:00,1.1485011577606201,1.1486331224441528,1.1482374668121338,1.148369312286377,696
2025-11-05 19:00:00+00:00,1.1488970518112183,1.1490291357040405,1.148369312286377,1.1486331224441528,758
2025-11-05 20:00:00+00:00,1.1491611003875732,1.1495574712753296,1.1490291357040405,1.1490291357040405,246
2025-11-05 21:00:00+00:00,1.1498217582702637,1.1498217582702637,1.1490291357040405,1.1491611003875732,587
2025-11-05 22:00:00+00:00,1.1495574712753296,1.1496896743774414,1.1492931842803955,1.1496896743774414,693
2025-11-05 23:00:00+00:00,1.1499539613723755,1.1499539613723755,1.1494252681732178,1.1495574712753296,718
2025-11-06 00:00:00+00:00,1.150483250617981,1.150483250617981,1.1496896743774414,1.1498217582702637,862
2025-11-06 01:00:00+00:00,1.151012897491455,1.151145339012146,1.150483250617981,1.150483250617981,966
2025-11-06 02:00:00+00:00,1.1508804559707642,1.151145339012146,1.1506155729293823,1.151012897491455,171
2025-11-06 03:00:00+00:00,1.151012897491455,1.151145339012146,1.1507480144500732,1.1508804559707642,166
2025-11-06 04:00:00+00:00,1.151012897491455,1.151145339012146,1.1507480144500732,1.151012897491455,477
2025-11-06 05:00:00+00:00,1.151410460472107,1.151410460472107,1.1507480144500732,1.1508804559707642,590
2025-11-06 06:00:00+00:00,1.151012897491455,1.1516757011413574,1.1508804559707642,1.151145339012146,895
2025-11-06 07:00:00+00:00,1.151145339012146,1.1516757011413574,1.151012897491455,1.151012897491455,382
2025-11-06 08:00:00+00:00,1.1524720191955566,1.1526048183441162,1.151012897491455,1.1512778997421265,508
2025-11-06 09:00:00+00:00,1.1516757011413574,1.1526048183441162,1.151543140411377,1.152339220046997,160
2025-11-06 10:00:00+00:00,1.151410460472107,1.1520737409591675,1.151410460472107,1.151543140411377,782
2025-11-06 11:00:00+00:00,1.152339220046997,1.152339220046997,1.151410460472107,1.151410460472107,816
2025-11-06 12:00:00+00:00,1.15340256690979,1.1535356044769287,1.1518083810806274,1.1520737409591675,916
2025-11-06 13:00:00+00:00,1.1539349555969238,1.1547343730926514,1.1532695293426514,1.1532695293426514,436
2025-11-06 14:00:00+00:00,1.1524720191955566,1.154068112373352,1.1524720191955566,1.1538017988204956,492
2025-11-06 15:00:00+00:00,1.154334545135498,1.1544678211212158,1.152339220046997,1.152339220046997,134
2025-11-06 16:00:00+00:00,1.154068112373352,1.1544678211212158,1.1535356044769287,1.1542012691497803,893
2025-11-06 17:00:00+00:00,1.154334545135498,1.1546010971069336,1.1535356044769287,1.154068112373352,328
2025-11-06 18:00:00+00:00,1.155001163482666,1.155401587486267,1.154334545135498,1.154334545135498,343
2025-11-06 19:00:00+00:00,1.1547343730926514,1.1555349826812744,1.1546010971069336,1.155001163482666,743
2025-11-06 20:00:00+00:00,1.1551345586776733,1.1552680730819702,1.1546010971069336,1.1548677682876587,878
2025-11-06 21:00:00+00:00,1.155001163482666,1.1552680730819702,1.1548677682876587,1.1551345586776733,163
2025-11-06 22:00:00+00:00,1.1548677682876587,1.1555349826812744,1.1546010971069336,1.1552680730819702,856
2025-11-06 23:00:00+00:00,1.1551345586776733,1.1555349826812744,1.1551345586776733,1.1551345586776733,959
2025-11-07 00:00:00+00:00,1.154334545135498,1.1551345586776733,1.1542012691497803,1.155001163482666,243
2025-11-07 01:00:00+00:00,1.154068112373352,1.1544678211212158,1.1539349555969238,1.1542012691497803,662
2025-11-07 02:00:00+00:00,1.154334545135498,1.1546010971069336,1.1542012691497803,1.154334545135498,532
2025-11-07 03:00:00+00:00,1.1542012691497803,1.1544678211212158,1.1538017988204956,1.1544678211212158,352
2025-11-07 04:00:00+00:00,1.1539349555969238,1.154068112373352,1.1536686420440674,1.154068112373352,149
2025-11-07 05:00:00+00:00,1.1538017988204956,1.1542012691497803,1.1536686420440674,1.1539349555969238,177
2025-11-07 06:00:00+00:00,1.15340256690979,1.1539349555969238,1.15340256690979,1.1536686420440674,417
2025-11-07 07:00:00+00:00,1.1536686420440674,1.1539349555969238,1.15340256690979,1.1535356044769287,927
2025-11-07 08:00:00+00:00,1.1539349555969238,1.154334545135498,1.15340256690979,1.1536686420440674,364
2025-11-07 09:00:00+00:00,1.1542012691497803,1.1544678211212158,1.1538017988204956,1.154068112373352,163
2025-11-07 10:00:00+00:00,1.155401587486267,1.1555349826812744,1.1542012691497803,1.1542012691497803,102
2025-11-07 11:00:00+00:00,1.156203031539917,1.156336784362793,1.1552680730819702,1.1555349826812744,235
2025-11-07 12:00:00+00:00,1.1559356451034546,1.1568717956542969,1.1558021306991577,1.1560693979263306,116
2025-11-07 13:00:00+00:00,1.157139539718628,1.157273530960083,1.1559356451034546,1.1559356451034546,458
2025-11-07 14:00:00+00:00,1.1578094959259033,1.158077597618103,1.1570056676864624,1.1570056676864624,497
2025-11-07 15:00:00+00:00,1.1575413942337036,1.1592857837677002,1.1575413942337036,1.1582117080688477,902
2025-11-07 16:00:00+00:00,1.158077597618103,1.1586142778396606,1.1576753854751587,1.1576753854751587,884
2025-11-07 17:00:00+00:00,1.1584800481796265,1.1584800481796265,1.1575413942337036,1.158077597618103,883
2025-11-07 18:00:00+00:00,1.157139539718628,1.1586142778396606,1.157139539718628,1.1584800481796265,731
2025-11-07 19:00:00+00:00,1.156336784362793,1.1575413942337036,1.1559356451034546,1.1570056676864624,240
2025-11-07 20:00:00+00:00,1.156738042831421,1.1570056676864624,1.1560693979263306,1.156203031539917,290
2025-11-07 21:00:00+00:00,1.156738042831421,1.1570056676864624,1.156336784362793,1.1568717956542969,918
2025-11-07 22:00:00+00:00,1.1570056676864624,1.1570056676864624,1.1570056676864624,1.1570056676864624,441
2025-11-10 00:00:00+00:00,1.1558021306991577,1.1559356451034546,1.1546010971069336,1.1546010971069336,958
2025-11-10 01:00:00+00:00,1.1560693979263306,1.156336784362793,1.155001163482666,1.1555349826812744,108
2025-11-10 02:00:00+00:00,1.1560693979263306,1.156336784362793,1.1558021306991577,1.156203031539917,114
2025-11-10 03:00:00+00:00,1.1558021306991577,1.156203031539917,1.1555349826812744,1.1560693979263306,897
2025-11-10 04:00:00+00:00,1.1564704179763794,1.1566041707992554,1.1558021306991577,1.1558021306991577,899
2025-11-10 05:00:00+00:00,1.1566041707992554,1.1568717956542969,1.156203031539917,1.1564704179763794,951
2025-11-10 06:00:00+00:00,1.1556684970855713,1.156738042831421,1.1555349826812744,1.1566041707992554,202
2025-11-10 07:00:00+00:00,1.157139539718628,1.1574074029922485,1.1558021306991577,1.1559356451034546,248
2025-11-10 08:00:00+00:00,1.1576753854751587,1.1586142778396606,1.1570056676864624,1.1570056676864624,213
2025-11-10 09:00:00+00:00,1.157273530960083,1.1576753854751587,1.156738042831421,1.1576753854751587,610
2025-11-10 10:00:00+00:00,1.1566041707992554,1.1574074029922485,1.1564704179763794,1.157139539718628,271
2025-11-10 11:00:00+00:00,1.156738042831421,1.156738042831421,1.1558021306991577,1.1566041707992554,772
2025-11-10 12:00:00+00:00,1.157273530960083,1.1578094959259033,1.1566041707992554,1.156738042831421,964
2025-11-10 13:00:00+00:00,1.157273530960083,1.158077597618103,1.1570056676864624,1.157139539718628,258
2025-11-10 14:00:00+00:00,1.1566041707992554,1.157139539718628,1.156336784362793,1.157139539718628,410
2025-11-10 15:00:00+00:00,1.155001163482666,1.1570056676864624,1.155001163482666,1.1568717956542969,483
2025-11-10 16:00:00+00:00,1.1547343730926514,1.1558021306991577,1.1547343730926514,1.1548677682876587,927
2025-11-10 17:00:00+00:00,1.156336784362793,1.156336784362793,1.1544678211212158,1.1548677682876587,906
2025-11-10 18:00:00+00:00,1.156203031539917,1.1568717956542969,1.156203031539917,1.1564704179763794,387
2025-11-10 19:00:00+00:00,1.1564704179763794,1.1566041707992554,1.156203031539917,1.156203031539917,625
2025-11-10 20:00:00+00:00,1.156738042831421,1.156738042831421,1.1564704179763794,1.1564704179763794,398
2025-11-10 21:00:00+00:00,1.1560693979263306,1.156738042831421,1.1559356451034546,1.156738042831421,870
2025-11-10 22:00:00+00:00,1.1560693979263306,1.1564704179763794,1.1558021306991577,1.1559356451034546,836
2025-11-10 23:00:00+00:00,1.1559356451034546,1.156336784362793,1.1559356451034546,1.156203031539917,375
2025-11-11 00:00:00+00:00,1.1555349826812744,1.156203031539917,1.1555349826812744,1.1559356451034546,289
2025-11-11 01:00:00+00:00,1.1558021306991577,1.1558021306991577,1.1551345586776733,1.1555349826812744,765
2025-11-11 02:00:00+00:00,1.1556684970855713,1.1560693979263306,1.1555349826812744,1.1559356451034546,229
2025-11-11 03:00:00+00:00,1.1559356451034546,1.156203031539917,1.1556684970855713,1.1556684970855713,987
2025-11-11 04:00:00+00:00,1.1560693979263306,1.156336784362793,1.1559356451034546,1.1559356451034546,691
2025-11-11 05:00:00+00:00,1.1564704179763794,1.1568717956542969,1.156203031539917,1.156203031539917,656
2025-11-11 06:00:00+00:00,1.1555349826812744,1.1566041707992554,1.155401587486267,1.1564704179763794,742
2025-11-11 07:00:00+00:00,1.156336784362793,1.156336784362793,1.155401587486267,1.155401587486267,230
2025-11-11 08:00:00+00:00,1.1559356451034546,1.157139539718628,1.1558021306991577,1.1564704179763794,524
2025-11-11 09:00:00+00:00,1.157139539718628,1.157139539718628,1.1556684970855713,1.1556684970855713,548
2025-11-11 10:00:00+00:00,1.1575413942337036,1.1576753854751587,1.1566041707992554,1.156738042831421,703
2025-11-11 11:00:00+00:00,1.1576753854751587,1.158077597618103,1.1574074029922485,1.1576753854751587,428
2025-11-11 12:00:00+00:00,1.1575413942337036,1.158077597618103,1.157273530960083,1.1575413942337036,470
2025-11-11 13:00:00+00:00,1.1606314182281494,1.1609008312225342,1.1574074029922485,1.1574074029922485,898
2025-11-11 14:00:00+00:00,1.1603620052337646,1.1607661247253418,1.1598236560821533,1.160496711730957,985
2025-11-11 15:00:00+00:00,1.1598236560821533,1.1606314182281494,1.1595547199249268,1.1603620052337646,454
2025-11-11 16:00:00+00:00,1.15968918800354,1.1602274179458618,1.1594202518463135,1.1598236560821533,813
2025-11-11 17:00:00+00:00,1.1598236560821533,1.1602274179458618,1.1594202518463135,1.15968918800354,964
2025-11-11 18:00:00+00:00,1.15968918800354,1.1599582433700562,1.1595547199249268,1.1598236560821533,877
2025-11-11 19:00:00+00:00,1.1587486267089844,1.15968918800354,1.1587486267089844,1.1595547199249268,979
2025-11-11 20:00:00+00:00,1.1586142778396606,1.1592857837677002,1.1586142778396606,1.1587486267089844,264
2025-11-11 21:00:00+00:00,1.1586142778396606,1.1588828563690186,1.1584800481796265,1.1587486267089844,227
2025-11-11 22:00:00+00:00,1.1588828563690186,1.159151554107666,1.1575413942337036,1.1584800481796265,860
2025-11-11 23:00:00+00:00,1.1590172052383423,1.1590172052383423,1.1584800481796265,1.1588828563690186,428
2025-11-12 00:00:00+00:00,1.1583458185195923,1.1590172052383423,1.1583458185195923,1.1590172052383423,287
2025-11-12 01:00:00+00:00,1.1579434871673584,1.1584800481796265,1.1578094959259033,1.1582117080688477,924
2025-11-12 02:00:00+00:00,1.1583458185195923,1.1583458185195923,1.1579434871673584,1.1579434871673584,671
2025-11-12 03:00:00+00:00,1.158077597618103,1.1584800481796265,1.1579434871673584,1.1582117080688477,162
2025-11-12 04:00:00+00:00,1.1575413942337036,1.1582117080688477,1.1574074029922485,1.158077597618103,827
2025-11-12 05:00:00+00:00,1.158077597618103,1.1582117080688477,1.1574074029922485,1.1575413942337036,273
2025-11-12 06:00:00+00:00,1.1586142778396606,1.1586142778396606,1.1578094959259033,1.1578094959259033,809
2025-11-12 07:00:00+00:00,1.1586142778396606,1.159151554107666,1.1584800481796265,1.1586142778396606,968
2025-11-12 08:00:00+00:00,1.1582117080688477,1.1590172052383423,1.158077597618103,1.1587486267089844,486
2025-11-12 09:00:00+00:00,1.157273530960083,1.1583458185195923,1.157139539718628,1.158077597618103,426
2025-11-12 10:00:00+00:00,1.157273530960083,1.1578094959259033,1.1568717956542969,1.1574074029922485,279
2025-11-12 11:00:00+00:00,1.1579434871673584,1.1579434871673584,1.1570056676864624,1.1574074029922485,748
2025-11-12 12:00:00+00:00,1.1579434871673584,1.1583458185195923,1.1575413942337036,1.1582117080688477,206
2025-11-12 13:00:00+00:00,1.1574074029922485,1.1582117080688477,1.1570056676864624,1.1582117080688477,758
2025-11-12 14:00:00+00:00,1.1576753854751587,1.1578094959259033,1.1566041707992554,1.1575413942337036,624
2025-11-12 15:00:00+00:00,1.1598236560821533,1.1598236560821533,1.1576753854751587,1.1578094959259033,721
2025-11-12 16:00:00+00:00,1.1594202518463135,1.160092830657959,1.1592857837677002,1.15968918800354,225
2025-11-12 17:00:00+00:00,1.1595547199249268,1.1599582433700562,1.1594202518463135,1.1594202518463135,420
2025-11-12 18:00:00+00:00,1.1594202518463135,1.1598236560821533,1.1594202518463135,1.15968918800354,187
2025-11-12 19:00:00+00:00,1.1590172052383423,1.1594202518463135,1.1587486267089844,1.1592857837677002,714
2025-11-12 20:00:00+00:00,1.1594202518463135,1.1594202518463135,1.1588828563690186,1.1588828563690186,696
2025-11-12 21:00:00+00:00,1.15968918800354,1.15968918800354,1.1588828563690186,1.159151554107666,297
2025-11-12 22:00:00+00:00,1.1592857837677002,1.1603620052337646,1.1592857837677002,1.1603620052337646,378
2025-11-12 23:00:00+00:00,1.1594202518463135,1.15968918800354,1.1594202518463135,1.15968918800354,697
2025-11-13 00:00:00+00:00,1.1583458185195923,1.1595547199249268,1.1583458185195923,1.1595547199249268,264
2025-11-13 01:00:00+00:00,1.1592857837677002,1.1592857837677002,1.1583458185195923,1.1583458185195923,347
2025-11-13 02:00:00+00:00,1.1592857837677002,1.1595547199249268,1.1588828563690186,1.1592857837677002,858
2025-11-13 03:00:00+00:00,1.1592857837677002,1.1595547199249268,1.1590172052383423,1.1592857837677002,680
2025-11-13 04:00:00+00:00,1.1594202518463135,1.1594202518463135,1.159151554107666,1.1592857837677002,770
2025-11-13 05:00:00+00:00,1.1584800481796265,1.1594202518463135,1.1584800481796265,1.1594202518463135,622
2025-11-13 06:00:00+00:00,1.1588828563690186,1.1588828563690186,1.1584800481796265,1.1584800481796265,501
2025-11-13 07:00:00+00:00,1.161440134048462,1.161440134048462,1.1587486267089844,1.1587486267089844,936
2025-11-13 08:00:00+00:00,1.1629259586334229,1.163061261177063,1.16130530834198,1.161440134048462,791
2025-11-13 09:00:00+00:00,1.1621150970458984,1.1637378931045532,1.161440134048462,1.1631964445114136,606
2025-11-13 10:00:00+00:00,1.1619800329208374,1.1626555919647217,1.161440134048462,1.1621150970458984,379
2025-11-13 11:00:00+00:00,1.1609008312225342,1.1623852252960205,1.1609008312225342,1.1619800329208374,618
2025-11-13 12:00:00+00:00,1.162520408630371,1.162520408630371,1.1610356569290161,1.1610356569290161,643
2025-11-13 13:00:00+00:00,1.1623852252960205,1.1627906560897827,1.1615750789642334,1.1627906560897827,222
2025-11-13 14:00:00+00:00,1.1629259586334229,1.1633317470550537,1.1621150970458984,1.1623852252960205,775
2025-11-13 15:00:00+00:00,1.1642799377441406,1.1645511388778687,1.1626555919647217,1.163061261177063,554
2025-11-13 16:00:00+00:00,1.1650937795639038,1.1650937795639038,1.1640088558197021,1.1642799377441406,238
2025-11-13 17:00:00+00:00,1.1655012369155884,1.1657729148864746,1.1650937795639038,1.1652295589447021,827
2025-11-13 18:00:00+00:00,1.1642799377441406,1.1655012369155884,1.1640088558197021,1.1655012369155884,804
2025-11-13 19:00:00+00:00,1.163873314857483,1.1644154787063599,1.163873314857483,1.1641442775726318,629
2025-11-13 20:00:00+00:00,1.163602590560913,1.1642799377441406,1.163602590560913,1.163873314857483,551
2025-11-13 21:00:00+00:00,1.1637378931045532,1.1641442775726318,1.1634671688079834,1.163602590560913,700
2025-11-13 22:00:00+00:00,1.1640088558197021,1.1644154787063599,1.1633317470550537,1.163602590560913,494
2025-11-13 23:00:00+00:00,1.1633317470550537,1.1641442775726318,1.1626555919647217,1.1641442775726318,635
2025-11-14 00:00:00+00:00,1.1634671688079834,1.163602590560913,1.163061261177063,1.1633317470550537,864
2025-11-14 01:00:00+00:00,1.1637378931045532,1.1641442775726318,1.1634671688079834,1.163602590560913,421
2025-11-14 02:00:00+00:00,1.163873314857483,1.1640088558197021,1.1633317470550537,1.1637378931045532,645
2025-11-14 03:00:00+00:00,1.1641442775726318,1.1648223400115967,1.1640088558197021,1.1640088558197021,197
2025-11-14 04:00:00+00:00,1.1645511388778687,1.164686679840088,1.1641442775726318,1.1641442775726318,642
2025-11-14 05:00:00+00:00,1.164958119392395,1.1650937795639038,1.1642799377441406,1.1645511388778687,738
2025-11-14 06:00:00+00:00,1.1640088558197021,1.1652295589447021,1.1637378931045532,1.164958119392395,939
2025-11-14 07:00:00+00:00,1.1637378931045532,1.1648223400115967,1.1637378931045532,1.1642799377441406,328
2025-11-14 08:00:00+00:00,1.1634671688079834,1.163873314857483,1.1623852252960205,1.163602590560913,378
2025-11-14 09:00:00+00:00,1.162520408630371,1.1634671688079834,1.1623852252960205,1.1631964445114136,330
2025-11-14 10:00:00+00:00,1.1619800329208374,1.162520408630371,1.1615750789642334,1.162520408630371,400
2025-11-14 11:00:00+00:00,1.16225004196167,1.16225004196167,1.16130530834198,1.1617100238800049,540
2025-11-14 12:00:00+00:00,1.1653653383255005,1.1655012369155884,1.1621150970458984,1.16225004196167,458
2025-11-14 13:00:00+00:00,1.1641442775726318,1.1656370162963867,1.163873314857483,1.1656370162963867,403
2025-11-14 14:00:00+00:00,1.1627906560897827,1.1641442775726318,1.1626555919647217,1.1640088558197021,548
2025-11-14 15:00:00+00:00,1.1615750789642334,1.1627906560897827,1.1610356569290161,1.1626555919647217,570
2025-11-14 16:00:00+00:00,1.1621150970458984,1.1626555919647217,1.16130530834198,1.1615750789642334,535
2025-11-14 17:00:00+00:00,1.1618449687957764,1.1621150970458984,1.161170482635498,1.1619800329208374,920
2025-11-14 18:00:00+00:00,1.1619800329208374,1.1621150970458984,1.16130530834198,1.1618449687957764,147
2025-11-14 19:00:00+00:00,1.1621150970458984,1.16225004196167,1.1619800329208374,1.1619800329208374,941
2025-11-14 20:00:00+00:00,1.1623852252960205,1.1626555919647217,1.1619800329208374,1.1621150970458984,227
2025-11-14 21:00:00+00:00,1.162520408630371,1.1626555919647217,1.1621150970458984,1.1623852252960205,856
2025-11-14 22:00:00+00:00,1.162520408630371,1.162520408630371,1.1623852252960205,1.1623852252960205,597
2025-11-17 00:00:00+00:00,1.1610356569290161,1.1618449687957764,1.1609008312225342,1.1618449687957764,643
2025-11-17 01:00:00+00:00,1.1609008312225342,1.16130530834198,1.1609008312225342,1.1609008312225342,218
2025-11-17 02:00:00+00:00,1.160496711730957,1.1609008312225342,1.160496711730957,1.1609008312225342,407
2025-11-17 03:00:00+00:00,1.1602274179458618,1.160496711730957,1.160092830657959,1.160496711730957,669
2025-11-17 04:00:00+00:00,1.1606314182281494,1.1606314182281494,1.160092830657959,1.1602274179458618,370
2025-11-17 05:00:00+00:00,1.1603620052337646,1.1609008312225342,1.1603620052337646,1.1607661247253418,285
2025-11-17 06:00:00+00:00,1.161170482635498,1.161170482635498,1.1598236560821533,1.1603620052337646,706
2025-11-17 07:00:00+00:00,1.1615750789642334,1.1618449687957764,1.1610356569290161,1.161170482635498,331
2025-11-17 08:00:00+00:00,1.1607661247253418,1.1618449687957764,1.1602274179458618,1.1615750789642334,458
2025-11-17 09:00:00+00:00,1.1603620052337646,1.1606314182281494,1.160092830657959,1.1603620052337646,590
2025-11-17 10:00:00+00:00,1.1599582433700562,1.161170482635498,1.1599582433700562,1.160496711730957,868
2025-11-17 11:00:00+00:00,1.160496711730957,1.1606314182281494,1.1598236560821533,1.1598236560821533,280
2025-11-17 12:00:00+00:00,1.1602274179458618,1.1607661247253418,1.1599582433700562,1.160496711730957,648
2025-11-17 13:00:00+00:00,1.1594202518463135,1.1602274179458618,1.1592857837677002,1.160092830657959,286
2025-11-17 14:00:00+00:00,1.1590172052383423,1.1598236560821533,1.1587486267089844,1.1595547199249268,396
2025-11-17 15:00:00+00:00,1.160092830657959,1.160092830657959,1.1586142778396606,1.1587486267089844,826
2025-11-17 16:00:00+00:00,1.1602274179458618,1.160496711730957,1.1598236560821533,1.160092830657959,334
2025-11-17 17:00:00+00:00,1.15968918800354,1.1602274179458618,1.1595547199249268,1.160092830657959,267
2025-11-17 18:00:00+00:00,1.1594202518463135,1.15968918800354,1.159151554107666,1.15968918800354,454
2025-11-17 19:00:00+00:00,1.1587486267089844,1.1598236560821533,1.1587486267089844,1.1594202518463135,230
2025-11-17 20:00:00+00:00,1.159151554107666,1.1594202518463135,1.1586142778396606,1.1586142778396606,660
2025-11-17 21:00:00+00:00,1.15968918800354,1.15968918800354,1.159151554107666,1.159151554107666,262
2025-11-17 22:00:00+00:00,1.1594202518463135,1.1598236560821533,1.1588828563690186,1.1595547199249268,776
2025-11-17 23:00:00+00:00,1.1592857837677002,1.15968918800354,1.1592857837677002,1.15968918800354,887
2025-11-18 00:00:00+00:00,1.1590172052383423,1.1592857837677002,1.1588828563690186,1.1592857837677002,624
2025-11-18 01:00:00+00:00,1.1594202518463135,1.15968918800354,1.1588828563690186,1.1590172052383423,971
2025-11-18 02:00:00+00:00,1.15968918800354,1.1598236560821533,1.159151554107666,1.1594202518463135,431
2025-11-18 03:00:00+00:00,1.1595547199249268,1.1599582433700562,1.1595547199249268,1.15968918800354,575
2025-11-18 04:00:00+00:00,1.1603620052337646,1.160496711730957,1.1592857837677002,1.1595547199249268,897
2025-11-18 05:00:00+00:00,1.1602274179458618,1.1603620052337646,1.1599582433700562,1.1603620052337646,483
2025-11-18 06:00:00+00:00,1.1598236560821533,1.1603620052337646,1.15968918800354,1.160092830657959,865
2025-11-18 07:00:00+00:00,1.1595547199249268,1.1603620052337646,1.1595547199249268,1.1599582433700562,746
2025-11-18 08:00:00+00:00,1.1595547199249268,1.1610356569290161,1.1594202518463135,1.1595547199249268,910
2025-11-18 09:00:00+00:00,1.1592857837677002,1.1598236560821533,1.159151554107666,1.1592857837677002,736
2025-11-18 10:00:00+00:00,1.1586142778396606,1.1594202518463135,1.1584800481796265,1.1592857837677002,966
2025-11-18 11:00:00+00:00,1.1588828563690186,1.159151554107666,1.1583458185195923,1.1586142778396606,389
2025-11-18 12:00:00+00:00,1.1595547199249268,1.1595547199249268,1.1587486267089844,1.1587486267089844,895
2025-11-18 13:00:00+00:00,1.160092830657959,1.160496711730957,1.159151554107666,1.15968918800354,702
2025-11-18 14:00:00+00:00,1.1603620052337646,1.160496711730957,1.1598236560821533,1.1602274179458618,782
2025-11-18 15:00:00+00:00,1.1584800481796265,1.1610356569290161,1.1584800481796265,1.160496711730957,519
2025-11-18 16:00:00+00:00,1.1582117080688477,1.1587486267089844,1.1576753854751587,1.1584800481796265,330
2025-11-18 17:00:00+00:00,1.1579434871673584,1.1583458185195923,1.1575413942337036,1.1582117080688477,618
2025-11-18 18:00:00+00:00,1.1584800481796265,1.1588828563690186,1.1578094959259033,1.1579434871673584,512
2025-11-18 19:00:00+00:00,1.1588828563690186,1.1590172052383423,1.1584800481796265,1.1584800481796265,228
2025-11-18 20:00:00+00:00,1.1583458185195923,1.1590172052383423,1.1582117080688477,1.1588828563690186,458
2025-11-18 21:00:00+00:00,1.1584800481796265,1.1586142778396606,1.1582117080688477,1.1583458185195923,941
2025-11-18 22:00:00+00:00,1.1583458185195923,1.1590172052383423,1.158077597618103,1.1586142778396606,646
2025-11-18 23:00:00+00:00,1.1583458185195923,1.1584800481796265,1.158077597618103,1.1583458185195923,604
2025-11-19 00:00:00+00:00,1.1586142778396606,1.1587486267089844,1.1582117080688477,1.1583458185195923,446
2025-11-19 01:00:00+00:00,1.158077597618103,1.1587486267089844,1.1579434871673584,1.1586142778396606,526
2025-11-19 02:00:00+00:00,1.1582117080688477,1.1584800481796265,1.1576753854751587,1.1579434871673584,454
2025-11-19 03:00:00+00:00,1.1586142778396606,1.1587486267089844,1.158077597618103,1.1582117080688477,866
2025-11-19 04:00:00+00:00,1.1587486267089844,1.1587486267089844,1.158077597618103,1.1587486267089844,871
2025-11-19 05:00:00+00:00,1.159151554107666,1.1592857837677002,1.1587486267089844,1.1588828563690186,803
2025-11-19 06:00:00+00:00,1.1590172052383423,1.1595547199249268,1.1590172052383423,1.1592857837677002,107
2025-11-19 07:00:00+00:00,1.1583458185195923,1.1599582433700562,1.158077597618103,1.1588828563690186,548
2025-11-19 08:00:00+00:00,1.1576753854751587,1.159151554107666,1.1575413942337036,1.1590172052383423,331
2025-11-19 09:00:00+00:00,1.1578094959259033,1.1583458185195923,1.1570056676864624,1.1576753854751587,139
2025-11-19 10:00:00+00:00,1.157273530960083,1.158077597618103,1.157139539718628,1.1578094959259033,740
2025-11-19 11:00:00+00:00,1.1590172052383423,1.1590172052383423,1.157273530960083,1.157273530960083,255
2025-11-19 12:00:00+00:00,1.1582117080688477,1.159151554107666,1.158077597618103,1.159151554107666,534
2025-11-19 13:00:00+00:00,1.1576753854751587,1.1594202518463135,1.1574074029922485,1.158077597618103,505
2025-11-19 14:00:00+00:00,1.1559356451034546,1.1576753854751587,1.1559356451034546,1.1576753854751587,130
2025-11-19 15:00:00+00:00,1.155001163482666,1.1560693979263306,1.1544678211212158,1.1560693979263306,874
2025-11-19 16:00:00+00:00,1.154334545135498,1.155001163482666,1.1538017988204956,1.155001163482666,897
2025-11-19 17:00:00+00:00,1.1536686420440674,1.1546010971069336,1.1530035734176636,1.1544678211212158,800
2025-11-19 18:00:00+00:00,1.15340256690979,1.1539349555969238,1.1532695293426514,1.1535356044769287,684
2025-11-19 19:00:00+00:00,1.152339220046997,1.1532695293426514,1.1522064208984375,1.1531364917755127,572
2025-11-19 20:00:00+00:00,1.1530035734176636,1.1531364917755127,1.1524720191955566,1.1524720191955566,828
2025-11-19 21:00:00+00:00,1.1542012691497803,1.1542012691497803,1.1527377367019653,1.1528706550598145,847
2025-11-19 22:00:00+00:00,1.154068112373352,1.154334545135498,1.1539349555969238,1.154334545135498,478
2025-11-19 23:00:00+00:00,1.1542012691497803,1.1544678211212158,1.154068112373352,1.154334545135498,719
2025-11-20 00:00:00+00:00,1.1538017988204956,1.154068112373352,1.1532695293426514,1.154068112373352,999
2025-11-20 01:00:00+00:00,1.1526048183441162,1.1538017988204956,1.1526048183441162,1.1538017988204956,848
2025-11-20 02:00:00+00:00,1.152339220046997,1.1526048183441162,1.1519410610198975,1.1526048183441162,375
2025-11-20 03:00:00+00:00,1.1516757011413574,1.1526048183441162,1.151410460472107,1.1524720191955566,483
2025-11-20 04:00:00+00:00,1.152339220046997,1.152339220046997,1.1516757011413574,1.1516757011413574,114
2025-11-20 05:00:00+00:00,1.1519410610198975,1.1522064208984375,1.1518083810806274,1.1522064208984375,253
2025-11-20 06:00:00+00:00,1.152339220046997,1.1526048183441162,1.1518083810806274,1.1518083810806274,138
2025-11-20 07:00:00+00:00,1.1522064208984375,1.1524720191955566,1.1519410610198975,1.1520737409591675,265
2025-11-20 08:00:00+00:00,1.1524720191955566,1.1526048183441162,1.151543140411377,1.152339220046997,265
2025-11-20 09:00:00+00:00,1.1531364917755127,1.1531364917755127,1.1522064208984375,1.1524720191955566,297
2025-11-20 10:00:00+00:00,1.1530035734176636,1.1532695293426514,1.1528706550598145,1.1531364917755127,424
2025-11-20 11:00:00+00:00,1.1518083810806274,1.1530035734176636,1.1518083810806274,1.1530035734176636,634
2025-11-20 12:00:00+00:00,1.151410460472107,1.1519410610198975,1.151145339012146,1.1518083810806274,612
2025-11-20 13:00:00+00:00,1.15340256690979,1.1542012691497803,1.151410460472107,1.151543140411377,119
2025-11-20 14:00:00+00:00,1.1538017988204956,1.1552680730819702,1.1528706550598145,1.1530035734176636,558
2025-11-20 15:00:00+00:00,1.1530035734176636,1.1538017988204956,1.1524720191955566,1.1536686420440674,481
2025-11-20 16:00:00+00:00,1.1536686420440674,1.154334545135498,1.1531364917755127,1.1532695293426514,706
2025-11-20 17:00:00+00:00,1.1532695293426514,1.154068112373352,1.1528706550598145,1.1536686420440674,182
2025-11-20 18:00:00+00:00,1.1539349555969238,1.1539349555969238,1.1530035734176636,1.1531364917755127,189
2025-11-20 19:00:00+00:00,1.154068112373352,1.1544678211212158,1.1539349555969238,1.154068112373352,182
2025-11-20 20:00:00+00:00,1.1530035734176636,1.1542012691497803,1.1528706550598145,1.1542012691497803,917
2025-11-20 21:00:00+00:00,1.1531364917755127,1.1532695293426514,1.1527377367019653,1.1530035734176636,529
2025-11-20 22:00:00+00:00,1.1532695293426514,1.1535356044769287,1.1530035734176636,1.1530035734176636,793
2025-11-20 23:00:00+00:00,1.1536686420440674,1.1538017988204956,1.1527377367019653,1.1531364917755127,183
2025-11-21 00:00:00+00:00,1.1538017988204956,1.1539349555969238,1.1531364917755127,1.1536686420440674,551
2025-11-21 01:00:00+00:00,1.1536686420440674,1.1542012691497803,1.1535356044769287,1.1539349555969238,995
2025-11-21 02:00:00+00:00,1.1539349555969238,1.1542012691497803,1.1536686420440674,1.1536686420440674,966
2025-11-21 03:00:00+00:00,1.154068112373352,1.1542012691497803,1.1538017988204956,1.1539349555969238,334
2025-11-21 04:00:00+00:00,1.1542012691497803,1.1544678211212158,1.1539349555969238,1.1539349555969238,230
2025-11-21 05:00:00+00:00,1.1538017988204956,1.1544678211212158,1.1538017988204956,1.154334545135498,630
2025-11-21 06:00:00+00:00,1.1544678211212158,1.155001163482666,1.1539349555969238,1.1539349555969238,877
2025-11-21 07:00:00+00:00,1.154334545135498,1.1551345586776733,1.154334545135498,1.154334545135498,590
2025-11-21 08:00:00+00:00,1.1542012691497803,1.1555349826812744,1.1538017988204956,1.154334545135498,205
2025-11-21 09:00:00+00:00,1.1528706550598145,1.1546010971069336,1.1528706550598145,1.154334545135498,891
2025-11-21 10:00:00+00:00,1.1522064208984375,1.1530035734176636,1.1516757011413574,1.1528706550598145,186
2025-11-21 11:00:00+00:00,1.151012897491455,1.1526048183441162,1.1508804559707642,1.1524720191955566,202
2025-11-21 12:00:00+00:00,1.1527377367019653,1.1528706550598145,1.1500862836837769,1.151145339012146,490
2025-11-21 13:00:00+00:00,1.1524720191955566,1.1528706550598145,1.1519410610198975,1.1527377367019653,940
2025-11-21 14:00:00+00:00,1.1516757011413574,1.152339220046997,1.1508804559707642,1.152339220046997,699
2025-11-21 15:00:00+00:00,1.1506155729293823,1.1524720191955566,1.1502184867858887,1.1519410610198975,805
2025-11-21 16:00:00+00:00,1.1507480144500732,1.1507480144500732,1.1494252681732178,1.150483250617981,676
2025-11-21 17:00:00+00:00,1.151012897491455,1.151543140411377,1.150483250617981,1.151145339012146,276
2025-11-21 18:00:00+00:00,1.1508804559707642,1.151012897491455,1.1506155729293823,1.151012897491455,493
2025-11-21 19:00:00+00:00,1.1516757011413574,1.1520737409591675,1.1508804559707642,1.1508804559707642,242
2025-11-21 20:00:00+00:00,1.1520737409591675,1.1520737409591675,1.1512778997421265,1.1516757011413574,744
2025-11-21 21:00:00+00:00,1.1516757011413574,1.1524720191955566,1.1516757011413574,1.1520737409591675,223
2025-11-21 22:00:00+00:00,1.1519410610198975,1.1519410610198975,1.1519410610198975,1.1519410610198975,811
2025-11-24 00:00:00+00:00,1.151012897491455,1.151145339012146,1.1506155729293823,1.151145339012146,449
2025-11-24 01:00:00+00:00,1.151410460472107,1.1516757011413574,1.1508804559707642,1.151145339012146,938
2025-11-24 02:00:00+00:00,1.1519410610198975,1.1522064208984375,1.151410460472107,1.151410460472107,730
2025-11-24 03:00:00+00:00,1.1519410610198975,1.1522064208984375,1.1516757011413574,1.1520737409591675,627
2025-11-24 04:00:00+00:00,1.1524720191955566,1.1524720191955566,1.1519410610198975,1.1520737409591675,645
2025-11-24 05:00:00+00:00,1.1526048183441162,1.1531364917755127,1.1524720191955566,1.1524720191955566,324
2025-11-24 06:00:00+00:00,1.1524720191955566,1.1530035734176636,1.152339220046997,1.1526048183441162,819
2025-11-24 07:00:00+00:00,1.151543140411377,1.1526048183441162,1.151543140411377,1.152339220046997,400
2025-11-24 08:00:00+00:00,1.1532695293426514,1.1536686420440674,1.1519410610198975,1.1519410610198975,123
2025-11-24 09:00:00+00:00,1.1532695293426514,1.1536686420440674,1.1528706550598145,1.1531364917755127,979
2025-11-24 10:00:00+00:00,1.154334545135498,1.1544678211212158,1.15340256690979,1.15340256690979,104
2025-11-24 11:00:00+00:00,1.1548677682876587,1.155001163482666,1.1539349555969238,1.1544678211212158,212
2025-11-24 12:00:00+00:00,1.155001163482666,1.1552680730819702,1.154068112373352,1.1548677682876587,678
2025-11-24 13:00:00+00:00,1.1542012691497803,1.1552680730819702,1.154068112373352,1.1551345586776733,347
2025-11-24 14:00:00+00:00,1.1530035734176636,1.1544678211212158,1.1530035734176636,1.154334545135498,133
2025-11-24 15:00:00+00:00,1.1532695293426514,1.1532695293426514,1.1522064208984375,1.1530035734176636,180
2025-11-24 16:00:00+00:00,1.1522064208984375,1.15340256690979,1.1522064208984375,1.15340256690979,427
2025-11-24 17:00:00+00:00,1.1522064208984375,1.152339220046997,1.151543140411377,1.1522064208984375,473
2025-11-24 18:00:00+00:00,1.1531364917755127,1.1531364917755127,1.1520737409591675,1.1520737409591675,375
2025-11-24 19:00:00+00:00,1.1531364917755127,1.1532695293426514,1.1526048183441162,1.1530035734176636,185
2025-11-24 20:00:00+00:00,1.1526048183441162,1.1531364917755127,1.1526048183441162,1.1528706550598145,507
2025-11-24 21:00:00+00:00,1.152339220046997,1.1526048183441162,1.152339220046997,1.1526048183441162,492
2025-11-24 22:00:00+00:00,1.1528706550598145,1.1530035734176636,1.1524720191955566,1.1528706550598145,343
2025-11-24 23:00:00+00:00,1.1522064208984375,1.1527377367019653,1.1522064208984375,1.1526048183441162,689
2025-11-25 00:00:00+00:00,1.1527377367019653,1.1527377367019653,1.1522064208984375,1.152339220046997,499
2025-11-25 01:00:00+00:00,1.1528706550598145,1.1532695293426514,1.1526048183441162,1.1527377367019653,303
2025-11-25 02:00:00+00:00,1.1531364917755127,1.1531364917755127,1.1526048183441162,1.1530035734176636,865
2025-11-25 03:00:00+00:00,1.1522064208984375,1.15340256690979,1.1520737409591675,1.15340256690979,382
2025-11-25 04:00:00+00:00,1.1518083810806274,1.1520737409591675,1.1518083810806274,1.1520737409591675,984
2025-11-25 05:00:00+00:00,1.1520737409591675,1.1520737409591675,1.151543140411377,1.1518083810806274,407
2025-11-25 06:00:00+00:00,1.152339220046997,1.1524720191955566,1.1518083810806274,1.1520737409591675,982
2025-11-25 07:00:00+00:00,1.1524720191955566,1.15340256690979,1.152339220046997,1.1524720191955566,858
2025-11-25 08:00:00+00:00,1.15340256690979,1.1536686420440674,1.1524720191955566,1.1526048183441162,727
2025-11-25 09:00:00+00:00,1.1538017988204956,1.1539349555969238,1.1531364917755127,1.15340256690979,561
2025-11-25 10:00:00+00:00,1.1542012691497803,1.1546010971069336,1.1535356044769287,1.1536686420440674,339
2025-11-25 11:00:00+00:00,1.1530035734176636,1.154334545135498,1.1528706550598145,1.154334545135498,481
2025-11-25 12:00:00+00:00,1.1547343730926514,1.155401587486267,1.1528706550598145,1.1530035734176636,463
2025-11-25 13:00:00+00:00,1.156203031539917,1.156336784362793,1.1546010971069336,1.155001163482666,368
2025-11-25 14:00:00+00:00,1.157139539718628,1.1574074029922485,1.1555349826812744,1.156336784362793,347
2025-11-25 15:00:00+00:00,1.1566041707992554,1.1587486267089844,1.1566041707992554,1.157139539718628,636
2025-11-25 16:00:00+00:00,1.1555349826812744,1.1574074029922485,1.155401587486267,1.1566041707992554,459
2025-11-25 17:00:00+00:00,1.1586142778396606,1.1586142778396606,1.156203031539917,1.156738042831421,603
2025-11-25 18:00:00+00:00,1.1583458185195923,1.1588828563690186,1.1582117080688477,1.1587486267089844,170
2025-11-25 19:00:00+00:00,1.1587486267089844,1.1587486267089844,1.1578094959259033,1.1583458185195923,709
2025-11-25 20:00:00+00:00,1.1568717956542969,1.1587486267089844,1.156203031539917,1.1587486267089844,951
2025-11-25 21:00:00+00:00,1.157273530960083,1.1575413942337036,1.1568717956542969,1.1568717956542969,443
2025-11-25 22:00:00+00:00,1.157273530960083,1.1578094959259033,1.1566041707992554,1.1575413942337036,350
2025-11-25 23:00:00+00:00,1.156738042831421,1.1575413942337036,1.156738042831421,1.157273530960083,194
2025-11-26 00:00:00+00:00,1.157139539718628,1.1575413942337036,1.156738042831421,1.1568717956542969,378
2025-11-26 01:00:00+00:00,1.158077597618103,1.1586142778396606,1.1568717956542969,1.1574074029922485,748
2025-11-26 02:00:00+00:00,1.1586142778396606,1.1590172052383423,1.1579434871673584,1.1579434871673584,916
2025-11-26 03:00:00+00:00,1.1594202518463135,1.1595547199249268,1.1584800481796265,1.1584800481796265,373
2025-11-26 04:00:00+00:00,1.1587486267089844,1.1594202518463135,1.1586142778396606,1.1594202518463135,923
2025-11-26 05:00:00+00:00,1.1594202518463135,1.1594202518463135,1.1586142778396606,1.1586142778396606,328
2025-11-26 06:00:00+00:00,1.1590172052383423,1.1599582433700562,1.1587486267089844,1.1592857837677002,934
2025-11-26 07:00:00+00:00,1.1582117080688477,1.1595547199249268,1.158077597618103,1.159151554107666,668
2025-11-26 08:00:00+00:00,1.1574074029922485,1.1583458185195923,1.1570056676864624,1.1583458185195923,238
2025-11-26 09:00:00+00:00,1.1575413942337036,1.1583458185195923,1.157273530960083,1.1575413942337036,335
2025-11-26 10:00:00+00:00,1.1576753854751587,1.158077597618103,1.157273530960083,1.1576753854751587,712
2025-11-26 11:00:00+00:00,1.1578094959259033,1.158077597618103,1.157139539718628,1.1575413942337036,998
2025-11-26 12:00:00+00:00,1.1574074029922485,1.1583458185195923,1.157273530960083,1.1575413942337036,170
2025-11-26 13:00:00+00:00,1.1555349826812744,1.1587486267089844,1.1552680730819702,1.1575413942337036,753
2025-11-26 14:00:00+00:00,1.1582117080688477,1.1584800481796265,1.1551345586776733,1.1552680730819702,456
2025-11-26 15:00:00+00:00,1.1592857837677002,1.15968918800354,1.1583458185195923,1.1583458185195923,625
2025-11-26 16:00:00+00:00,1.1594202518463135,1.1603620052337646,1.1594202518463135,1.1595547199249268,366
2025-11-26 17:00:00+00:00,1.15968918800354,1.15968918800354,1.1588828563690186,1.1592857837677002,180
2025-11-26 18:00:00+00:00,1.15968918800354,1.1599582433700562,1.1592857837677002,1.1595547199249268,627
2025-11-26 19:00:00+00:00,1.1598236560821533,1.1599582433700562,1.1594202518463135,1.15968918800354,554
2025-11-26 20:00:00+00:00,1.15968918800354,1.160092830657959,1.1595547199249268,1.1595547199249268,255
2025-11-26 21:00:00+00:00,1.1598236560821533,1.160092830657959,1.15968918800354,1.15968918800354,865
2025-11-26 22:00:00+00:00,1.1599582433700562,1.1602274179458618,1.1595547199249268,1.1598236560821533,767
2025-11-26 23:00:00+00:00,1.160496711730957,1.160496711730957,1.1599582433700562,1.160092830657959,149
2025-11-27 00:00:00+00:00,1.1606314182281494,1.1607661247253418,1.1603620052337646,1.160496711730957,368
2025-11-27 01:00:00+00:00,1.161170482635498,1.1615750789642334,1.160496711730957,1.1606314182281494,700
2025-11-27 02:00:00+00:00,1.1606314182281494,1.1617100238800049,1.1606314182281494,1.16130530834198,426
2025-11-27 03:00:00+00:00,1.1606314182281494,1.1609008312225342,1.1603620052337646,1.1607661247253418,744
2025-11-27 04:00:00+00:00,1.1603620052337646,1.1609008312225342,1.1603620052337646,1.1606314182281494,410
2025-11-27 05:00:00+00:00,1.1606314182281494,1.1609008312225342,1.160496711730957,1.160496711730957,479
2025-11-27 06:00:00+00:00,1.1594202518463135,1.1609008312225342,1.1594202518463135,1.1606314182281494,792
2025-11-27 07:00:00+00:00,1.1594202518463135,1.15968918800354,1.1588828563690186,1.1595547199249268,347
2025-11-27 08:00:00+00:00,1.15968918800354,1.1599582433700562,1.1590172052383423,1.1595547199249268,930
2025-11-27 09:00:00+00:00,1.158077597618103,1.1595547199249268,1.158077597618103,1.1595547199249268,895
2025-11-27 10:00:00+00:00,1.1587486267089844,1.1588828563690186,1.158077597618103,1.158077597618103,360
2025-11-27 11:00:00+00:00,1.1590172052383423,1.159151554107666,1.1582117080688477,1.1588828563690186,554
2025-11-27 12:00:00+00:00,1.1586142778396606,1.1594202518463135,1.1586142778396606,1.1590172052383423,522
2025-11-27 13:00:00+00:00,1.1598236560821533,1.1599582433700562,1.1587486267089844,1.1587486267089844,997
2025-11-27 14:00:00+00:00,1.1598236560821533,1.160092830657959,1.1594202518463135,1.15968918800354,656
2025-11-27 15:00:00+00:00,1.15968918800354,1.1603620052337646,1.1595547199249268,1.1598236560821533,958
2025-11-27 16:00:00+00:00,1.1602274179458618,1.1603620052337646,1.15968918800354,1.1598236560821533,974
2025-11-27 17:00:00+00:00,1.1598236560821533,1.160496711730957,1.1595547199249268,1.1603620052337646,439
2025-11-27 18:00:00+00:00,1.1594202518463135,1.1599582433700562,1.1594202518463135,1.1598236560821533,549
2025-11-27 19:00:00+00:00,1.1598236560821533,1.1599582433700562,1.1595547199249268,1.1595547199249268,532
2025-11-27 20:00:00+00:00,1.1598236560821533,1.1599582433700562,1.1598236560821533,1.1598236560821533,457
2025-11-27 21:00:00+00:00,1.1598236560821533,1.160092830657959,1.1598236560821533,1.1599582433700562,670
2025-11-27 22:00:00+00:00,1.1599582433700562,1.1602274179458618,1.1595547199249268,1.1599582433700562,150
2025-11-27 23:00:00+00:00,1.1602274179458618,1.160496711730957,1.160092830657959,1.1602274179458618,729
2025-11-28 00:00:00+00:00,1.1598236560821533,1.160496711730957,1.1595547199249268,1.1603620052337646,425
2025-11-28 01:00:00+00:00,1.1584800481796265,1.1602274179458618,1.1584800481796265,1.1598236560821533,549
2025-11-28 02:00:00+00:00,1.1587486267089844,1.159151554107666,1.1584800481796265,1.1587486267089844,116
2025-11-28 03:00:00+00:00,1.1590172052383423,1.1592857837677002,1.1587486267089844,1.1587486267089844,656
2025-11-28 04:00:00+00:00,1.159151554107666,1.1594202518463135,1.1590172052383423,1.159151554107666,319
2025-11-28 05:00:00+00:00,1.1590172052383423,1.1594202518463135,1.1587486267089844,1.1592857837677002,628
2025-11-28 06:00:00+00:00,1.1587486267089844,1.1592857837677002,1.1584800481796265,1.159151554107666,798
2025-11-28 07:00:00+00:00,1.1582117080688477,1.1592857837677002,1.1582117080688477,1.1587486267089844,960
2025-11-28 08:00:00+00:00,1.1574074029922485,1.1583458185195923,1.1570056676864624,1.1579434871673584,112
2025-11-28 09:00:00+00:00,1.157139539718628,1.1583458185195923,1.157139539718628,1.157273530960083,327
2025-11-28 10:00:00+00:00,1.156203031539917,1.157139539718628,1.1559356451034546,1.1570056676864624,304
2025-11-28 11:00:00+00:00,1.1570056676864624,1.157139539718628,1.1560693979263306,1.156203031539917,679
2025-11-28 12:00:00+00:00,1.1568717956542969,1.1575413942337036,1.156738042831421,1.1568717956542969,263
2025-11-28 13:00:00+00:00,1.1578094959259033,1.158077597618103,1.156738042831421,1.1570056676864624,944
2025-11-28 14:00:00+00:00,1.1587486267089844,1.1588828563690186,1.1574074029922485,1.1582117080688477,334
2025-11-28 15:00:00+00:00,1.1610356569290161,1.1610356569290161,1.1583458185195923,1.1587486267089844,537
2025-11-28 16:00:00+00:00,1.1603620052337646,1.1607661247253418,1.15968918800354,1.1606314182281494,655
2025-11-28 17:00:00+00:00,1.1606314182281494,1.1606314182281494,1.1598236560821533,1.1602274179458618,347
2025-11-28 18:00:00+00:00,1.1603620052337646,1.1607661247253418,1.1599582433700562,1.1606314182281494,324
2025-11-28 19:00:00+00:00,1.1606314182281494,1.1607661247253418,1.1603620052337646,1.1603620052337646,346
2025-11-28 20:00:00+00:00,1.160496711730957,1.1607661247253418,1.160496711730957,1.1606314182281494,239
2025-11-28 21:00:00+00:00,1.1603620052337646,1.1606314182281494,1.160092830657959,1.1606314182281494,882
2025-11-28 22:00:00+00:00,1.1602274179458618,1.1602274179458618,1.1602274179458618,1.1602274179458618,219
2025-12-01 00:00:00+00:00,1.1606314182281494,1.1610356569290161,1.1602274179458618,1.160496711730957,670
2025-12-01 01:00:00+00:00,1.1609008312225342,1.1618449687957764,1.160496711730957,1.1606314182281494,135
2025-12-01 02:00:00+00:00,1.1599582433700562,1.1609008312225342,1.15968918800354,1.1607661247253418,326
2025-12-01 03:00:00+00:00,1.1599582433700562,1.160092830657959,1.1592857837677002,1.1598236560821533,662
2025-12-01 04:00:00+00:00,1.1602274179458618,1.1606314182281494,1.1598236560821533,1.160092830657959,543
2025-12-01 05:00:00+00:00,1.160092830657959,1.160496711730957,1.1598236560821533,1.1602274179458618,400
2025-12-01 06:00:00+00:00,1.1599582433700562,1.160092830657959,1.1594202518463135,1.160092830657959,927
2025-12-01 07:00:00+00:00,1.16130530834198,1.1615750789642334,1.1599582433700562,1.1602274179458618,487
2025-12-01 08:00:00+00:00,1.1617100238800049,1.162520408630371,1.1609008312225342,1.1609008312225342,427
2025-12-01 09:00:00+00:00,1.1626555919647217,1.1626555919647217,1.1618449687957764,1.1618449687957764,929
2025-12-01 10:00:00+00:00,1.1629259586334229,1.1631964445114136,1.16225004196167,1.162520408630371,192
2025-12-01 11:00:00+00:00,1.163061261177063,1.1634671688079834,1.1627906560897827,1.163061261177063,395
2025-12-01 12:00:00+00:00,1.1652295589447021,1.1652295589447021,1.163061261177063,1.163061261177063,177
2025-12-01 13:00:00+00:00,1.164958119392395,1.1655012369155884,1.1642799377441406,1.1652295589447021,421
2025-12-01 14:00:00+00:00,1.163602590560913,1.1648223400115967,1.1634671688079834,1.1648223400115967,889
2025-12-01 15:00:00+00:00,1.1633317470550537,1.1642799377441406,1.1626555919647217,1.1640088558197021,925
2025-12-01 16:00:00+00:00,1.1626555919647217,1.1637378931045532,1.162520408630371,1.1633317470550537,446
2025-12-01 17:00:00+00:00,1.1623852252960205,1.1631964445114136,1.1623852252960205,1.1626555919647217,247
2025-12-01 18:00:00+00:00,1.1615750789642334,1.1626555919647217,1.1615750789642334,1.1623852252960205,105
2025-12-01 19:00:00+00:00,1.161170482635498,1.1615750789642334,1.1610356569290161,1.161440134048462,165
2025-12-01 20:00:00+00:00,1.161170482635498,1.16130530834198,1.1610356569290161,1.16130530834198,311
2025-12-01 21:00:00+00:00,1.16130530834198,1.161440134048462,1.161170482635498,1.161440134048462,222
2025-12-01 22:00:00+00:00,1.161170482635498,1.16130530834198,1.1606314182281494,1.161170482635498,132
2025-12-01 23:00:00+00:00,1.1610356569290161,1.16130530834198,1.1610356569290161,1.16130530834198,243
2025-12-02 00:00:00+00:00,1.1609008312225342,1.16130530834198,1.1607661247253418,1.1610356569290161,724
2025-12-02 01:00:00+00:00,1.16130530834198,1.16130530834198,1.1607661247253418,1.1609008312225342,208
2025-12-02 02:00:00+00:00,1.161440134048462,1.1615750789642334,1.16130530834198,1.16130530834198,933
2025-12-02 03:00:00+00:00,1.1615750789642334,1.1615750789642334,1.16130530834198,1.161440134048462,991
2025-12-02 04:00:00+00:00,1.16130530834198,1.1617100238800049,1.16130530834198,1.1615750789642334,378
2025-12-02 05:00:00+00:00,1.16130530834198,1.161440134048462,1.1610356569290161,1.16130530834198,356
2025-12-02 06:00:00+00:00,1.16130530834198,1.161440134048462,1.1609008312225342,1.16130530834198,108
2025-12-02 07:00:00+00:00,1.1615750789642334,1.1619800329208374,1.161170482635498,1.161170482635498,772
2025-12-02 08:00:00+00:00,1.16130530834198,1.1619800329208374,1.16130530834198,1.1617100238800049,149
2025-12-02 09:00:00+00:00,1.161440134048462,1.1617100238800049,1.1607661247253418,1.161440134048462,442
2025-12-02 10:00:00+00:00,1.1610356569290161,1.16130530834198,1.1603620052337646,1.16130530834198,676
2025-12-02 11:00:00+00:00,1.161440134048462,1.1615750789642334,1.1607661247253418,1.1610356569290161,554
2025-12-02 12:00:00+00:00,1.1621150970458984,1.16225004196167,1.161170482635498,1.161440134048462,795
2025-12-02 13:00:00+00:00,1.1619800329208374,1.16225004196167,1.161440134048462,1.1621150970458984,220
2025-12-02 14:00:00+00:00,1.1621150970458984,1.1626555919647217,1.1617100238800049,1.1621150970458984,187
2025-12-02 15:00:00+00:00,1.1609008312225342,1.1621150970458984,1.1598236560821533,1.1621150970458984,926
2025-12-02 16:00:00+00:00,1.15968918800354,1.161170482635498,1.15968918800354,1.1610356569290161,307
2025-12-02 17:00:00+00:00,1.1610356569290161,1.161170482635498,1.15968918800354,1.1599582433700562,157
2025-12-02 18:00:00+00:00,1.161170482635498,1.1617100238800049,1.1609008312225342,1.161170482635498,733
2025-12-02 19:00:00+00:00,1.1626555919647217,1.1627906560897827,1.16130530834198,1.16130530834198,818
2025-12-02 20:00:00+00:00,1.1627906560897827,1.1629259586334229,1.1623852252960205,1.162520408630371,431
2025-12-02 21:00:00+00:00,1.1627906560897827,1.1629259586334229,1.162520408630371,1.1626555919647217,737
2025-12-02 22:00:00+00:00,1.1629259586334229,1.163061261177063,1.1618449687957764,1.1618449687957764,697
2025-12-02 23:00:00+00:00,1.1631964445114136,1.1631964445114136,1.1627906560897827,1.1627906560897827,442
2025-12-03 00:00:00+00:00,1.1634671688079834,1.163602590560913,1.1631964445114136,1.1631964445114136,230
2025-12-03 01:00:00+00:00,1.1640088558197021,1.1641442775726318,1.1634671688079834,1.1634671688079834,776
2025-12-03 02:00:00+00:00,1.1641442775726318,1.1642799377441406,1.163873314857483,1.1640088558197021,747
2025-12-03 03:00:00+00:00,1.1641442775726318,1.1642799377441406,1.1640088558197021,1.1641442775726318,570
2025-12-03 04:00:00+00:00,1.1644154787063599,1.1645511388778687,1.1640088558197021,1.1641442775726318,162
2025-12-03 05:00:00+00:00,1.1645511388778687,1.1648223400115967,1.1644154787063599,1.1644154787063599,317
2025-12-03 06:00:00+00:00,1.164686679840088,1.1650937795639038,1.1645511388778687,1.1645511388778687,162
2025-12-03 07:00:00+00:00,1.1644154787063599,1.1656370162963867,1.1642799377441406,1.1648223400115967,120
2025-12-03 08:00:00+00:00,1.1648223400115967,1.1648223400115967,1.163873314857483,1.1644154787063599,403
2025-12-03 09:00:00+00:00,1.1650937795639038,1.1652295589447021,1.1644154787063599,1.1648223400115967,134
2025-12-03 10:00:00+00:00,1.1664528846740723,1.1667250394821167,1.164958119392395,1.164958119392395,283
2025-12-03 11:00:00+00:00,1.1668611764907837,1.1668611764907837,1.1659088134765625,1.1664528846740723,673
2025-12-03 12:00:00+00:00,1.1665889024734497,1.1672697067260742,1.1665889024734497,1.1668611764907837,623
2025-12-03 13:00:00+00:00,1.1669973134994507,1.1678149700164795,1.1665889024734497,1.1665889024734497,503
2025-12-03 14:00:00+00:00,1.16604483127594,1.1669973134994507,1.16604483127594,1.1669973134994507,929
2025-12-03 15:00:00+00:00,1.1664528846740723,1.1671334505081177,1.1659088134765625,1.1661807298660278,586
2025-12-03 16:00:00+00:00,1.1663167476654053,1.1668611764907837,1.1661807298660278,1.1663167476654053,987
2025-12-03 17:00:00+00:00,1.1672697067260742,1.1674060821533203,1.16604483127594,1.1663167476654053,516
2025-12-03 18:00:00+00:00,1.1675423383712769,1.1678149700164795,1.1672697067260742,1.1672697067260742,449
2025-12-03 19:00:00+00:00,1.1676785945892334,1.1680878400802612,1.1675423383712769,1.1675423383712769,744
2025-12-03 20:00:00+00:00,1.1668611764907837,1.1676785945892334,1.1668611764907837,1.1675423383712769,111
2025-12-03 21:00:00+00:00,1.1674060821533203,1.1674060821533203,1.1667250394821167,1.1669973134994507,312
2025-12-03 22:00:00+00:00,1.1675423383712769,1.1676785945892334,1.1669973134994507,1.1672697067260742,900
2025-12-03 23:00:00+00:00,1.1669973134994507,1.1675423383712769,1.1667250394821167,1.1675423383712769,200
2025-12-04 00:00:00+00:00,1.1664528846740723,1.1668611764907837,1.1663167476654053,1.1668611764907837,241
2025-12-04 01:00:00+00:00,1.1667250394821167,1.1668611764907837,1.1663167476654053,1.1665889024734497,553
2025-12-04 02:00:00+00:00,1.1663167476654053,1.1667250394821167,1.1663167476654053,1.1665889024734497,793
2025-12-04 03:00:00+00:00,1.1659088134765625,1.1663167476654053,1.1657729148864746,1.1663167476654053,874
2025-12-04 04:00:00+00:00,1.16604483127594,1.1663167476654053,1.1659088134765625,1.1659088134765625,605
2025-12-04 05:00:00+00:00,1.1661807298660278,1.1665889024734497,1.16604483127594,1.16604483127594,222
2025-12-04 06:00:00+00:00,1.1661807298660278,1.1663167476654053,1.1656370162963867,1.1663167476654053,930
2025-12-04 07:00:00+00:00,1.1668611764907837,1.1668611764907837,1.1659088134765625,1.1663167476654053,297
2025-12-04 08:00:00+00:00,1.1682243347167969,1.1684973239898682,1.1668611764907837,1.1668611764907837,965
2025-12-04 09:00:00+00:00,1.1682243347167969,1.168770432472229,1.1676785945892334,1.1680878400802612,766
2025-12-04 10:00:00+00:00,1.1669973134994507,1.1682243347167969,1.1667250394821167,1.1682243347167969,121
2025-12-04 11:00:00+00:00,1.1683608293533325,1.1683608293533325,1.1669973134994507,1.1669973134994507,628
2025-12-04 12:00:00+00:00,1.1672697067260742,1.1684973239898682,1.1668611764907837,1.1683608293533325,200
2025-12-04 13:00:00+00:00,1.1667250394821167,1.1674060821533203,1.1661807298660278,1.1672697067260742,829
2025-12-04 14:00:00+00:00,1.1674060821533203,1.1679514646530151,1.1668611764907837,1.1668611764907837,687
2025-12-04 15:00:00+00:00,1.1676785945892334,1.1678149700164795,1.1661807298660278,1.1672697067260742,790
2025-12-04 16:00:00+00:00,1.1663167476654053,1.1674060821533203,1.1657729148864746,1.1674060821533203,192
2025-12-04 17:00:00+00:00,1.16604483127594,1.1663167476654053,1.1656370162963867,1.1661807298660278,195
2025-12-04 18:00:00+00:00,1.1657729148864746,1.1663167476654053,1.1657729148864746,1.1659088134765625,184
2025-12-04 19:00:00+00:00,1.1656370162963867,1.1659088134765625,1.1653653383255005,1.1657729148864746,979
2025-12-04 20:00:00+00:00,1.164686679840088,1.1655012369155884,1.1644154787063599,1.1653653383255005,365
2025-12-04 21:00:00+00:00,1.1648223400115967,1.164958119392395,1.1645511388778687,1.164686679840088,263
2025-12-04 22:00:00+00:00,1.1648223400115967,1.1650937795639038,1.1645511388778687,1.1648223400115967,814
2025-12-04 23:00:00+00:00,1.1645511388778687,1.164686679840088,1.1644154787063599,1.164686679840088,407
2025-12-05 00:00:00+00:00,1.1653653383255005,1.1653653383255005,1.1648223400115967,1.1648223400115967,442
2025-12-05 01:00:00+00:00,1.1656370162963867,1.1657729148864746,1.1653653383255005,1.1653653383255005,990
2025-12-05 02:00:00+00:00,1.1655012369155884,1.1657729148864746,1.1655012369155884,1.1657729148864746,849
2025-12-05 03:00:00+00:00,1.1652295589447021,1.1655012369155884,1.164958119392395,1.1655012369155884,745
2025-12-05 04:00:00+00:00,1.1656370162963867,1.1657729148864746,1.1652295589447021,1.1652295589447021,130
2025-12-05 05:00:00+00:00,1.1663167476654053,1.1663167476654053,1.1656370162963867,1.1656370162963867,887
2025-12-05 06:00:00+00:00,1.1663167476654053,1.1664528846740723,1.1659088134765625,1.1661807298660278,493
2025-12-05 07:00:00+00:00,1.1665889024734497,1.1675423383712769,1.1663167476654053,1.1664528846740723,295
2025-12-05 08:00:00+00:00,1.1657729148864746,1.1667250394821167,1.1656370162963867,1.1663167476654053,194
2025-12-05 09:00:00+00:00,1.1657729148864746,1.1657729148864746,1.1652295589447021,1.1656370162963867,149
2025-12-05 10:00:00+00:00,1.1655012369155884,1.1665889024734497,1.164686679840088,1.1659088134765625,301
2025-12-05 11:00:00+00:00,1.164958119392395,1.1655012369155884,1.1645511388778687,1.1653653383255005,477
2025-12-05 12:00:00+00:00,1.1655012369155884,1.1656370162963867,1.1648223400115967,1.1650937795639038,625
2025-12-05 13:00:00+00:00,1.1655012369155884,1.1656370162963867,1.1648223400115967,1.1655012369155884,891
2025-12-05 14:00:00+00:00,1.1653653383255005,1.1663167476654053,1.1650937795639038,1.1656370162963867,662
2025-12-05 15:00:00+00:00,1.1650937795639038,1.1661807298660278,1.1645511388778687,1.1655012369155884,569
2025-12-05 16:00:00+00:00,1.163873314857483,1.1652295589447021,1.1631964445114136,1.1650937795639038,518
2025-12-05 17:00:00+00:00,1.164686679840088,1.164686679840088,1.163602590560913,1.1637378931045532,469
2025-12-05 18:00:00+00:00,1.1645511388778687,1.1652295589447021,1.1645511388778687,1.164686679840088,241
2025-12-05 19:00:00+00:00,1.164686679840088,1.1648223400115967,1.1644154787063599,1.1645511388778687,829
2025-12-05 20:00:00+00:00,1.164686679840088,1.164686679840088,1.1644154787063599,1.1645511388778687,888
2025-12-05 21:00:00+00:00,1.1645511388778687,1.164958119392395,1.1644154787063599,1.1648223400115967,489
2025-12-05 22:00:00+00:00,1.1645511388778687,1.1645511388778687,1.1645511388778687,1.1645511388778687,872
2025-12-08 00:00:00+00:00,1.1653653383255005,1.1653653383255005,1.1644154787063599,1.1644154787063599,141
2025-12-08 01:00:00+00:00,1.1653653383255005,1.1656370162963867,1.164958119392395,1.1655012369155884,351
2025-12-08 02:00:00+00:00,1.1657729148864746,1.1657729148864746,1.1652295589447021,1.1655012369155884,790
2025-12-08 03:00:00+00:00,1.1653653383255005,1.1659088134765625,1.1653653383255005,1.1657729148864746,179
2025-12-08 04:00:00+00:00,1.1657729148864746,1.1659088134765625,1.1653653383255005,1.1653653383255005,765
2025-12-08 05:00:00+00:00,1.1659088134765625,1.1659088134765625,1.1656370162963867,1.1657729148864746,234
2025-12-08 06:00:00+00:00,1.1664528846740723,1.1674060821533203,1.1659088134765625,1.1659088134765625,316
2025-12-08 07:00:00+00:00,1.16604483127594,1.1671334505081177,1.1659088134765625,1.1665889024734497,828
2025-12-08 08:00:00+00:00,1.1659088134765625,1.1667250394821167,1.1652295589447021,1.1661807298660278,408
2025-12-08 09:00:00+00:00,1.1648223400115967,1.16604483127594,1.1648223400115967,1.1659088134765625,574
2025-12-08 10:00:00+00:00,1.1655012369155884,1.1664528846740723,1.1650937795639038,1.1650937795639038,948
2025-12-08 11:00:00+00:00,1.1655012369155884,1.1664528846740723,1.1650937795639038,1.1653653383255005,635
2025-12-08 12:00:00+00:00,1.1656370162963867,1.16604483127594,1.1650937795639038,1.1653653383255005,899
2025-12-08 13:00:00+00:00,1.1650937795639038,1.1664528846740723,1.164958119392395,1.1657729148864746,654
2025-12-08 14:00:00+00:00,1.164686679840088,1.1657729148864746,1.1641442775726318,1.1652295589447021,544
2025-12-08 15:00:00+00:00,1.1627906560897827,1.1642799377441406,1.1621150970458984,1.1642799377441406,929
2025-12-08 16:00:00+00:00,1.1627906560897827,1.1631964445114136,1.1619800329208374,1.1627906560897827,830
2025-12-08 17:00:00+00:00,1.1641442775726318,1.1641442775726318,1.1623852252960205,1.1627906560897827,704
2025-12-08 18:00:00+00:00,1.1640088558197021,1.1648223400115967,1.163873314857483,1.1642799377441406,854
2025-12-08 19:00:00+00:00,1.1642799377441406,1.1645511388778687,1.1640088558197021,1.1640088558197021,536
2025-12-08 20:00:00+00:00,1.1641442775726318,1.1645511388778687,1.1641442775726318,1.1642799377441406,600
2025-12-08 21:00:00+00:00,1.1640088558197021,1.1645511388778687,1.163061261177063,1.1641442775726318,397
2025-12-08 22:00:00+00:00,1.1640088558197021,1.1645511388778687,1.1631964445114136,1.1640088558197021,525
2025-12-08 23:00:00+00:00,1.1644154787063599,1.1644154787063599,1.1640088558197021,1.1640088558197021,849
2025-12-09 00:00:00+00:00,1.1641442775726318,1.1652295589447021,1.1640088558197021,1.1644154787063599,267
2025-12-09 01:00:00+00:00,1.164958119392395,1.1650937795639038,1.1640088558197021,1.1641442775726318,487
2025-12-09 02:00:00+00:00,1.164958119392395,1.1655012369155884,1.164686679840088,1.164958119392395,253
2025-12-09 03:00:00+00:00,1.164958119392395,1.1650937795639038,1.1645511388778687,1.164958119392395,124
2025-12-09 04:00:00+00:00,1.164958119392395,1.1652295589447021,1.164686679840088,1.164958119392395,640
2025-12-09 05:00:00+00:00,1.1653653383255005,1.1653653383255005,1.1648223400115967,1.1650937795639038,496
2025-12-09 06:00:00+00:00,1.164686679840088,1.1652295589447021,1.164686679840088,1.1652295589447021,275
2025-12-09 07:00:00+00:00,1.1644154787063599,1.164958119392395,1.1641442775726318,1.164686679840088,543
2025-12-09 08:00:00+00:00,1.164958119392395,1.1652295589447021,1.1637378931045532,1.1644154787063599,810
2025-12-09 09:00:00+00:00,1.1656370162963867,1.1659088134765625,1.1648223400115967,1.1648223400115967,981
2025-12-09 10:00:00+00:00,1.1648223400115967,1.1657729148864746,1.1644154787063599,1.1656370162963867,783
2025-12-09 11:00:00+00:00,1.164686679840088,1.1650937795639038,1.1641442775726318,1.1648223400115967,703
2025-12-09 12:00:00+00:00,1.1642799377441406,1.164686679840088,1.163873314857483,1.164686679840088,481
2025-12-09 13:00:00+00:00,1.163873314857483,1.1642799377441406,1.1633317470550537,1.1641442775726318,904
2025-12-09 14:00:00+00:00,1.1641442775726318,1.1641442775726318,1.1631964445114136,1.1637378931045532,937
2025-12-09 15:00:00+00:00,1.1631964445114136,1.163873314857483,1.1619800329208374,1.1627906560897827,170
2025-12-09 16:00:00+00:00,1.1641442775726318,1.1642799377441406,1.1631964445114136,1.1631964445114136,856
2025-12-09 17:00:00+00:00,1.1626555919647217,1.1641442775726318,1.162520408630371,1.1641442775726318,907
2025-12-09 18:00:00+00:00,1.1627906560897827,1.1627906560897827,1.1621150970458984,1.1627906560897827,912
2025-12-09 19:00:00+00:00,1.163061261177063,1.1633317470550537,1.162520408630371,1.1627906560897827,624
2025-12-09 20:00:00+00:00,1.163061261177063,1.1634671688079834,1.163061261177063,1.1631964445114136,355
2025-12-09 21:00:00+00:00,1.163061261177063,1.1633317470550537,1.1627906560897827,1.163061261177063,813
2025-12-09 22:00:00+00:00,1.1629259586334229,1.1634671688079834,1.1627906560897827,1.1634671688079834,633
2025-12-09 23:00:00+00:00,1.1631964445114136,1.1631964445114136,1.1629259586334229,1.1629259586334229,178
2025-12-10 00:00:00+00:00,1.1629259586334229,1.1631964445114136,1.1627906560897827,1.1631964445114136,929
2025-12-10 01:00:00+00:00,1.1627906560897827,1.1631964445114136,1.1626555919647217,1.163061261177063,342
2025-12-10 02:00:00+00:00,1.1626555919647217,1.1631964445114136,1.1626555919647217,1.1626555919647217,193
2025-12-10 03:00:00+00:00,1.1629259586334229,1.163061261177063,1.162520408630371,1.1626555919647217,410
2025-12-10 04:00:00+00:00,1.163061261177063,1.1631964445114136,1.1629259586334229,1.163061261177063,958
2025-12-10 05:00:00+00:00,1.1633317470550537,1.1634671688079834,1.163061261177063,1.163061261177063,313
2025-12-10 06:00:00+00:00,1.163873314857483,1.163873314857483,1.1631964445114136,1.1633317470550537,910
2025-12-10 07:00:00+00:00,1.1652295589447021,1.1652295589447021,1.163873314857483,1.163873314857483,778
2025-12-10 08:00:00+00:00,1.1656370162963867,1.16604483127594,1.1648223400115967,1.1650937795639038,632
2025-12-10 09:00:00+00:00,1.1640088558197021,1.1656370162963867,1.163873314857483,1.1656370162963867,445
2025-12-10 10:00:00+00:00,1.1637378931045532,1.1642799377441406,1.163061261177063,1.163873314857483,453
2025-12-10 11:00:00+00:00,1.1637378931045532,1.1641442775726318,1.1634671688079834,1.163873314857483,877
2025-12-10 12:00:00+00:00,1.1642799377441406,1.1645511388778687,1.163602590560913,1.163873314857483,741
2025-12-10 13:00:00+00:00,1.1644154787063599,1.1644154787063599,1.1631964445114136,1.1644154787063599,540
2025-12-10 14:00:00+00:00,1.1648223400115967,1.1648223400115967,1.1637378931045532,1.1644154787063599,489
2025-12-10 15:00:00+00:00,1.1645511388778687,1.1653653383255005,1.163873314857483,1.164686679840088,978
2025-12-10 16:00:00+00:00,1.1652295589447021,1.1652295589447021,1.1641442775726318,1.1645511388778687,842
2025-12-10 17:00:00+00:00,1.1661807298660278,1.1663167476654053,1.164958119392395,1.1653653383255005,443
2025-12-10 18:00:00+00:00,1.1659088134765625,1.1663167476654053,1.1657729148864746,1.1661807298660278,282
2025-12-10 19:00:00+00:00,1.1683608293533325,1.1683608293533325,1.1652295589447021,1.1655012369155884,476
2025-12-10 20:00:00+00:00,1.1697274446487427,1.1702749729156494,1.1678149700164795,1.1680878400802612,875
2025-12-10 21:00:00+00:00,1.169864296913147,1.169864296913147,1.1693171262741089,1.1697274446487427,300
2025-12-10 22:00:00+00:00,1.1697274446487427,1.1704120635986328,1.1690436601638794,1.169864296913147,798
2025-12-10 23:00:00+00:00,1.1704120635986328,1.1706860065460205,1.1697274446487427,1.1697274446487427,869
2025-12-11 00:00:00+00:00,1.170548915863037,1.170823097229004,1.1701380014419556,1.170548915863037,754
2025-12-11 01:00:00+00:00,1.1704120635986328,1.1709601879119873,1.1704120635986328,1.170548915863037,892
2025-12-11 02:00:00+00:00,1.1697274446487427,1.1709601879119873,1.1697274446487427,1.170548915863037,366
2025-12-11 03:00:00+00:00,1.1695905923843384,1.1700011491775513,1.1694538593292236,1.169864296913147,570
2025-12-11 04:00:00+00:00,1.1694538593292236,1.1694538593292236,1.1689070463180542,1.1694538593292236,444
2025-12-11 05:00:00+00:00,1.1689070463180542,1.1695905923843384,1.1689070463180542,1.1694538593292236,240
2025-12-11 06:00:00+00:00,1.1693171262741089,1.1693171262741089,1.1686338186264038,1.168770432472229,483
2025-12-11 07:00:00+00:00,1.1697274446487427,1.1702749729156494,1.1691803932189941,1.1693171262741089,838
2025-12-11 08:00:00+00:00,1.1701380014419556,1.1709601879119873,1.1697274446487427,1.1697274446487427,705
2025-12-11 09:00:00+00:00,1.1704120635986328,1.170548915863037,1.1690436601638794,1.1701380014419556,175
2025-12-11 10:00:00+00:00,1.1710972785949707,1.1710972785949707,1.1704120635986328,1.170548915863037,465
2025-12-11 11:00:00+00:00,1.1716461181640625,1.17205810546875,1.1709601879119873,1.1709601879119873,627
2025-12-11 12:00:00+00:00,1.17205810546875,1.172195553779602,1.1713716983795166,1.1716461181640625,177
2025-12-11 13:00:00+00:00,1.173433542251587,1.1739845275878906,1.171783447265625,1.17205810546875,283
2025-12-11 14:00:00+00:00,1.1743981838226318,1.1750881671905518,1.173433542251587,1.1735711097717285,255
2025-12-11 15:00:00+00:00,1.1760554313659668,1.1760554313659668,1.1737089157104492,1.1739845275878906,805
2025-12-11 16:00:00+00:00,1.1757789850234985,1.1763322353363037,1.1749500036239624,1.1760554313659668,362
2025-12-11 17:00:00+00:00,1.1757789850234985,1.1764705181121826,1.175364375114441,1.1759172677993774,743
2025-12-11 18:00:00+00:00,1.1756407022476196,1.1761938333511353,1.1755025386810303,1.1757789850234985,144
2025-12-11 19:00:00+00:00,1.1743981838226318,1.1757789850234985,1.1743981838226318,1.1756407022476196,490
2025-12-11 20:00:00+00:00,1.1743981838226318,1.1749500036239624,1.1741223335266113,1.1742602586746216,999
2025-12-11 21:00:00+00:00,1.1741223335266113,1.1746740341186523,1.1741223335266113,1.1743981838226318,244
2025-12-11 22:00:00+00:00,1.1742602586746216,1.1743981838226318,1.17384672164917,1.1742602586746216,349
2025-12-11 23:00:00+00:00,1.1742602586746216,1.1745359897613525,1.1741223335266113,1.1742602586746216,420
2025-12-12 00:00:00+00:00,1.1743981838226318,1.1748120784759521,1.1743981838226318,1.1745359897613525,875
2025-12-12 01:00:00+00:00,1.17384672164917,1.1749500036239624,1.1735711097717285,1.1743981838226318,437
2025-12-12 02:00:00+00:00,1.1739845275878906,1.1741223335266113,1.1735711097717285,1.17384672164917,991
2025-12-12 03:00:00+00:00,1.17384672164917,1.1741223335266113,1.1737089157104492,1.1739845275878906,187
2025-12-12 04:00:00+00:00,1.1735711097717285,1.17384672164917,1.1735711097717285,1.17384672164917,556
2025-12-12 05:00:00+00:00,1.1742602586746216,1.1742602586746216,1.1735711097717285,1.1735711097717285,182
2025-12-12 06:00:00+00:00,1.1741223335266113,1.1745359897613525,1.1737089157104492,1.1742602586746216,945
2025-12-12 07:00:00+00:00,1.1741223335266113,1.1746740341186523,1.1739845275878906,1.1741223335266113,256
2025-12-12 08:00:00+00:00,1.173433542251587,1.1745359897613525,1.173433542251587,1.1741223335266113,155
2025-12-12 09:00:00+00:00,1.1735711097717285,1.17384672164917,1.1730204820632935,1.1730204820632935,486
2025-12-12 10:00:00+00:00,1.1730204820632935,1.1735711097717285,1.1728830337524414,1.1735711097717285,808
2025-12-12 11:00:00+00:00,1.1730204820632935,1.1731581687927246,1.1726078987121582,1.1730204820632935,779
2025-12-12 12:00:00+00:00,1.1727453470230103,1.1730204820632935,1.172333002090454,1.1728830337524414,654
2025-12-12 13:00:00+00:00,1.1730204820632935,1.17384672164917,1.1728830337524414,1.1728830337524414,530
2025-12-12 14:00:00+00:00,1.1745359897613525,1.1746740341186523,1.1727453470230103,1.1730204820632935,728
2025-12-12 15:00:00+00:00,1.1739845275878906,1.1748120784759521,1.173433542251587,1.1745359897613525,306
2025-12-12 16:00:00+00:00,1.173433542251587,1.1746740341186523,1.1730204820632935,1.1742602586746216,199
2025-12-12 17:00:00+00:00,1.1752262115478516,1.1752262115478516,1.173433542251587,1.173433542251587,302
2025-12-12 18:00:00+00:00,1.1745359897613525,1.175364375114441,1.1745359897613525,1.1750881671905518,253
2025-12-12 19:00:00+00:00,1.1743981838226318,1.1743981838226318,1.1739845275878906,1.1743981838226318,162
2025-12-12 20:00:00+00:00,1.1742602586746216,1.1749500036239624,1.1742602586746216,1.1745359897613525,480
2025-12-12 21:00:00+00:00,1.1745359897613525,1.1748120784759521,1.1742602586746216,1.1742602586746216,583
2025-12-12 22:00:00+00:00,1.1743981838226318,1.1743981838226318,1.1743981838226318,1.1743981838226318,704
2025-12-15 00:00:00+00:00,1.1737089157104492,1.1741223335266113,1.1731581687927246,1.1741223335266113,685
2025-12-15 01:00:00+00:00,1.1743981838226318,1.1745359897613525,1.1732958555221558,1.1737089157104492,605
2025-12-15 02:00:00+00:00,1.1745359897613525,1.1748120784759521,1.1741223335266113,1.1745359897613525,268
2025-12-15 03:00:00+00:00,1.1737089157104492,1.1748120784759521,1.1735711097717285,1.1745359897613525,916
2025-12-15 04:00:00+00:00,1.1735711097717285,1.17384672164917,1.1735711097717285,1.1737089157104492,466
2025-12-15 05:00:00+00:00,1.17384672164917,1.17384672164917,1.1735711097717285,1.1735711097717285,558
2025-12-15 06:00:00+00:00,1.1739845275878906,1.1739845275878906,1.173433542251587,1.17384672164917,171
2025-12-15 07:00:00+00:00,1.1731581687927246,1.1741223335266113,1.1731581687927246,1.1739845275878906,326
2025-12-15 08:00:00+00:00,1.1735711097717285,1.1741223335266113,1.1730204820632935,1.1732958555221558,886
2025-12-15 09:00:00+00:00,1.1746740341186523,1.1746740341186523,1.173433542251587,1.173433542251587,902
2025-12-15 10:00:00+00:00,1.1746740341186523,1.1749500036239624,1.1742602586746216,1.1746740341186523,573
2025-12-15 11:00:00+00:00,1.1752262115478516,1.175364375114441,1.1745359897613525,1.1745359897613525,713
2025-12-15 12:00:00+00:00,1.1756407022476196,1.1761938333511353,1.1752262115478516,1.1752262115478516,930
2025-12-15 13:00:00+00:00,1.1752262115478516,1.1763322353363037,1.1750881671905518,1.1757789850234985,800
2025-12-15 14:00:00+00:00,1.1766090393066406,1.1766090393066406,1.1748120784759521,1.1749500036239624,232
2025-12-15 15:00:00+00:00,1.1766090393066406,1.177163004875183,1.1759172677993774,1.176747441291809,963
2025-12-15 16:00:00+00:00,1.1759172677993774,1.176747441291809,1.1756407022476196,1.1766090393066406,462
2025-12-15 17:00:00+00:00,1.1749500036239624,1.1759172677993774,1.1748120784759521,1.1759172677993774,320
2025-12-15 18:00:00+00:00,1.1746740341186523,1.1752262115478516,1.1742602586746216,1.1749500036239624,140
2025-12-15 19:00:00+00:00,1.175364375114441,1.175364375114441,1.1742602586746216,1.1746740341186523,694
2025-12-15 20:00:00+00:00,1.1755025386810303,1.1755025386810303,1.1750881671905518,1.1752262115478516,125
2025-12-15 21:00:00+00:00,1.1756407022476196,1.1756407022476196,1.1752262115478516,1.1755025386810303,492
2025-12-15 22:00:00+00:00,1.1755025386810303,1.1757789850234985,1.1750881671905518,1.175364375114441,491
2025-12-15 23:00:00+00:00,1.1757789850234985,1.1759172677993774,1.1756407022476196,1.1756407022476196,157
2025-12-16 00:00:00+00:00,1.1752262115478516,1.1761938333511353,1.1752262115478516,1.1756407022476196,201
2025-12-16 01:00:00+00:00,1.175364375114441,1.1757789850234985,1.1750881671905518,1.175364375114441,458
2025-12-16 02:00:00+00:00,1.1759172677993774,1.1760554313659668,1.175364375114441,1.1755025386810303,583
2025-12-16 03:00:00+00:00,1.1755025386810303,1.1763322353363037,1.175364375114441,1.1759172677993774,527
2025-12-16 04:00:00+00:00,1.1755025386810303,1.1757789850234985,1.175364375114441,1.1755025386810303,117
2025-12-16 05:00:00+00:00,1.175364375114441,1.1757789850234985,1.175364375114441,1.1755025386810303,858
2025-12-16 06:00:00+00:00,1.1756407022476196,1.1756407022476196,1.1750881671905518,1.175364375114441,228
2025-12-16 07:00:00+00:00,1.175364375114441,1.1757789850234985,1.1749500036239624,1.1757789850234985,340
2025-12-16 08:00:00+00:00,1.1757789850234985,1.176747441291809,1.1750881671905518,1.1756407022476196,795
2025-12-16 09:00:00+00:00,1.1760554313659668,1.1764705181121826,1.175364375114441,1.1757789850234985,954
2025-12-16 10:00:00+00:00,1.1760554313659668,1.1764705181121826,1.1757789850234985,1.1761938333511353,836
2025-12-16 11:00:00+00:00,1.1766090393066406,1.1766090393066406,1.1756407022476196,1.1760554313659668,880
2025-12-16 12:00:00+00:00,1.177994966506958,1.177994966506958,1.1764705181121826,1.176747441291809,348
2025-12-16 13:00:00+00:00,1.1777175664901733,1.1793843507766724,1.1761938333511353,1.1781338453292847,210
2025-12-16 14:00:00+00:00,1.18035888671875,1.18035888671875,1.1774401664733887,1.1778563261032104,229
2025-12-16 15:00:00+00:00,1.1773016452789307,1.1806375980377197,1.1773016452789307,1.1802195310592651,111
2025-12-16 16:00:00+00:00,1.177163004875183,1.177994966506958,1.1766090393066406,1.1773016452789307,370
2025-12-16 17:00:00+00:00,1.176747441291809,1.1781338453292847,1.1766090393066406,1.177163004875183,110
2025-12-16 18:00:00+00:00,1.1756407022476196,1.176747441291809,1.1749500036239624,1.176747441291809,952
2025-12-16 19:00:00+00:00,1.1761938333511353,1.1766090393066406,1.1743981838226318,1.1755025386810303,375
2025-12-16 20:00:00+00:00,1.1752262115478516,1.1766090393066406,1.1750881671905518,1.1761938333511353,231
2025-12-16 21:00:00+00:00,1.1750881671905518,1.175364375114441,1.1749500036239624,1.1752262115478516,587
2025-12-16 22:00:00+00:00,1.1750881671905518,1.1752262115478516,1.1748120784759521,1.1750881671905518,890
2025-12-16 23:00:00+00:00,1.1752262115478516,1.1756407022476196,1.1752262115478516,1.1752262115478516,702
2025-12-17 00:00:00+00:00,1.175364375114441,1.1755025386810303,1.1749500036239624,1.1752262115478516,747
2025-12-17 01:00:00+00:00,1.1750881671905518,1.1755025386810303,1.1749500036239624,1.175364375114441,129
2025-12-17 02:00:00+00:00,1.1743981838226318,1.1750881671905518,1.1741223335266113,1.1749500036239624,374
2025-12-17 03:00:00+00:00,1.1742602586746216,1.1743981838226318,1.1741223335266113,1.1743981838226318,649
2025-12-17 04:00:00+00:00,1.173433542251587,1.1742602586746216,1.1731581687927246,1.1742602586746216,782
2025-12-17 05:00:00+00:00,1.1731581687927246,1.173433542251587,1.1728830337524414,1.1732958555221558,942
2025-12-17 06:00:00+00:00,1.1710972785949707,1.173433542251587,1.1710972785949707,1.1732958555221558,597
2025-12-17 07:00:00+00:00,1.1716461181640625,1.1716461181640625,1.170823097229004,1.1710972785949707,119
2025-12-17 08:00:00+00:00,1.172195553779602,1.172333002090454,1.1709601879119873,1.171783447265625,768
2025-12-17 09:00:00+00:00,1.17205810546875,1.172333002090454,1.1715089082717896,1.172195553779602,683
2025-12-17 10:00:00+00:00,1.1728830337524414,1.1728830337524414,1.1716461181640625,1.1719207763671875,671
2025-12-17 11:00:00+00:00,1.1713716983795166,1.1730204820632935,1.1710972785949707,1.1728830337524414,518
2025-12-17 12:00:00+00:00,1.1727453470230103,1.1728830337524414,1.1712344884872437,1.1712344884872437,628
2025-12-17 13:00:00+00:00,1.1735711097717285,1.1735711097717285,1.1724703311920166,1.1730204820632935,458
2025-12-17 14:00:00+00:00,1.1745359897613525,1.1748120784759521,1.1731581687927246,1.1735711097717285,190
2025-12-17 15:00:00+00:00,1.1757789850234985,1.1760554313659668,1.1743981838226318,1.1743981838226318,946
2025-12-17 16:00:00+00:00,1.1750881671905518,1.1759172677993774,1.1749500036239624,1.1756407022476196,810
2025-12-17 17:00:00+00:00,1.1750881671905518,1.1757789850234985,1.1750881671905518,1.1750881671905518,542
2025-12-17 18:00:00+00:00,1.1746740341186523,1.1757789850234985,1.1745359897613525,1.1752262115478516,391
2025-12-17 19:00:00+00:00,1.1748120784759521,1.1750881671905518,1.1745359897613525,1.1748120784759521,383
2025-12-17 20:00:00+00:00,1.1742602586746216,1.1749500036239624,1.1742602586746216,1.1748120784759521,717
2025-12-17 21:00:00+00:00,1.1743981838226318,1.1745359897613525,1.1742602586746216,1.1742602586746216,684
2025-12-17 22:00:00+00:00,1.1743981838226318,1.1748120784759521,1.1742602586746216,1.1742602586746216,752
2025-12-17 23:00:00+00:00,1.1745359897613525,1.1746740341186523,1.1743981838226318,1.1743981838226318,834
2025-12-18 00:00:00+00:00,1.1748120784759521,1.1749500036239624,1.1743981838226318,1.1745359897613525,222
2025-12-18 01:00:00+00:00,1.1739845275878906,1.1748120784759521,1.1739845275878906,1.1748120784759521,326
2025-12-18 02:00:00+00:00,1.1743981838226318,1.1746740341186523,1.1739845275878906,1.1743981838226318,529
2025-12-18 03:00:00+00:00,1.1742602586746216,1.1745359897613525,1.1741223335266113,1.1743981838226318,768
2025-12-18 04:00:00+00:00,1.1745359897613525,1.1745359897613525,1.1741223335266113,1.1742602586746216,321
2025-12-18 05:00:00+00:00,1.1750881671905518,1.1750881671905518,1.1745359897613525,1.1746740341186523,332
2025-12-18 06:00:00+00:00,1.1748120784759521,1.1750881671905518,1.1742602586746216,1.1749500036239624,729
2025-12-18 07:00:00+00:00,1.17384672164917,1.1752262115478516,1.17384672164917,1.1748120784759521,888
2025-12-18 08:00:00+00:00,1.173433542251587,1.1739845275878906,1.1731581687927246,1.1737089157104492,481
2025-12-18 09:00:00+00:00,1.1724703311920166,1.1735711097717285,1.17205810546875,1.1735711097717285,490
2025-12-18 10:00:00+00:00,1.1728830337524414,1.1730204820632935,1.172195553779602,1.1724703311920166,918
2025-12-18 11:00:00+00:00,1.1724703311920166,1.1730204820632935,1.1724703311920166,1.1727453470230103,891
2025-12-18 12:00:00+00:00,1.1716461181640625,1.1726078987121582,1.1716461181640625,1.1726078987121582,202
2025-12-18 13:00:00+00:00,1.1750881671905518,1.1763322353363037,1.1716461181640625,1.1716461181640625,299
2025-12-18 14:00:00+00:00,1.17384672164917,1.1757789850234985,1.17384672164917,1.1750881671905518,973
2025-12-18 15:00:00+00:00,1.1730204820632935,1.1743981838226318,1.17205810546875,1.17384672164917,328
2025-12-18 16:00:00+00:00,1.1731581687927246,1.1749500036239624,1.1728830337524414,1.1730204820632935,787
2025-12-18 17:00:00+00:00,1.172333002090454,1.1731581687927246,1.1719207763671875,1.1731581687927246,511
2025-12-18 18:00:00+00:00,1.1724703311920166,1.1727453470230103,1.1719207763671875,1.172333002090454,819
2025-12-18 19:00:00+00:00,1.1728830337524414,1.1730204820632935,1.172195553779602,1.172333002090454,828
2025-12-18 20:00:00+00:00,1.1724703311920166,1.1731581687927246,1.1724703311920166,1.1728830337524414,759
2025-12-18 21:00:00+00:00,1.1727453470230103,1.1728830337524414,1.1724703311920166,1.1724703311920166,829
2025-12-18 22:00:00+00:00,1.1728830337524414,1.1728830337524414,1.17205810546875,1.1727453470230103,852
2025-12-18 23:00:00+00:00,1.1728830337524414,1.1731581687927246,1.1727453470230103,1.1730204820632935,666
2025-12-19 00:00:00+00:00,1.1730204820632935,1.1730204820632935,1.1726078987121582,1.1728830337524414,174
2025-12-19 01:00:00+00:00,1.1727453470230103,1.1731581687927246,1.1724703311920166,1.1730204820632935,566
2025-12-19 02:00:00+00:00,1.1726078987121582,1.1731581687927246,1.1724703311920166,1.1728830337524414,523
2025-12-19 03:00:00+00:00,1.1724703311920166,1.1728830337524414,1.172195553779602,1.1726078987121582,283
2025-12-19 04:00:00+00:00,1.17205810546875,1.1726078987121582,1.1719207763671875,1.1724703311920166,685
2025-12-19 05:00:00+00:00,1.172333002090454,1.1724703311920166,1.17205810546875,1.17205810546875,724
2025-12-19 06:00:00+00:00,1.172333002090454,1.1724703311920166,1.1716461181640625,1.172333002090454,809
2025-12-19 07:00:00+00:00,1.1709601879119873,1.172333002090454,1.170823097229004,1.172333002090454,836
2025-12-19 08:00:00+00:00,1.171783447265625,1.1719207763671875,1.1710972785949707,1.1712344884872437,900
2025-12-19 09:00:00+00:00,1.1715089082717896,1.17205810546875,1.1712344884872437,1.1716461181640625,197
2025-12-19 10:00:00+00:00,1.1719207763671875,1.17205810546875,1.1713716983795166,1.1716461181640625,691
2025-12-19 11:00:00+00:00,1.1716461181640625,1.17205810546875,1.1712344884872437,1.1719207763671875,422
2025-12-19 12:00:00+00:00,1.1713716983795166,1.1719207763671875,1.1712344884872437,1.1713716983795166,108
2025-12-19 13:00:00+00:00,1.172195553779602,1.172195553779602,1.1706860065460205,1.1712344884872437,417
2025-12-19 14:00:00+00:00,1.1730204820632935,1.1741223335266113,1.172333002090454,1.172333002090454,916
2025-12-19 15:00:00+00:00,1.1713716983795166,1.1731581687927246,1.1713716983795166,1.1730204820632935,174
2025-12-19 16:00:00+00:00,1.172333002090454,1.172333002090454,1.1712344884872437,1.1713716983795166,847
2025-12-19 17:00:00+00:00,1.172195553779602,1.1724703311920166,1.171783447265625,1.1724703311920166,472
2025-12-19 18:00:00+00:00,1.172333002090454,1.1730204820632935,1.172195553779602,1.172195553779602,758
2025-12-19 19:00:00+00:00,1.1727453470230103,1.1727453470230103,1.17205810546875,1.172333002090454,688
2025-12-19 20:00:00+00:00,1.1713716983795166,1.1728830337524414,1.1712344884872437,1.1727453470230103,794
2025-12-19 21:00:00+00:00,1.1712344884872437,1.1716461181640625,1.1710972785949707,1.1713716983795166,746
2025-12-19 22:00:00+00:00,1.1715089082717896,1.1715089082717896,1.1713716983795166,1.1713716983795166,266
2025-12-22 00:00:00+00:00,1.1719207763671875,1.1719207763671875,1.1713716983795166,1.1713716983795166,245
2025-12-22 01:00:00+00:00,1.17205810546875,1.172333002090454,1.1716461181640625,1.17205810546875,278
2025-12-22 02:00:00+00:00,1.17205810546875,1.172333002090454,1.1719207763671875,1.172195553779602,746
2025-12-22 03:00:00+00:00,1.172195553779602,1.172195553779602,1.171783447265625,1.1719207763671875,215
2025-12-22 04:00:00+00:00,1.172333002090454,1.1724703311920166,1.17205810546875,1.17205810546875,849
2025-12-22 05:00:00+00:00,1.17205810546875,1.1724703311920166,1.1719207763671875,1.172333002090454,550
2025-12-22 06:00:00+00:00,1.1719207763671875,1.172195553779602,1.1716461181640625,1.17205810546875,746
2025-12-22 07:00:00+00:00,1.1732958555221558,1.173433542251587,1.1719207763671875,1.172195553779602,809
2025-12-22 08:00:00+00:00,1.1739845275878906,1.1741223335266113,1.1727453470230103,1.1732958555221558,970
2025-12-22 09:00:00+00:00,1.1732958555221558,1.1739845275878906,1.1731581687927246,1.1739845275878906,537
2025-12-22 10:00:00+00:00,1.1735711097717285,1.1741223335266113,1.173433542251587,1.173433542251587,997
2025-12-22 11:00:00+00:00,1.1735711097717285,1.1739845275878906,1.1732958555221558,1.1737089157104492,461
2025-12-22 12:00:00+00:00,1.1745359897613525,1.1746740341186523,1.1737089157104492,1.1737089157104492,310
2025-12-22 13:00:00+00:00,1.175364375114441,1.1756407022476196,1.1746740341186523,1.1746740341186523,651
2025-12-22 14:00:00+00:00,1.1764705181121826,1.176747441291809,1.1748120784759521,1.175364375114441,867
2025-12-22 15:00:00+00:00,1.176747441291809,1.1773016452789307,1.1763322353363037,1.1763322353363037,501
2025-12-22 16:00:00+00:00,1.175364375114441,1.176747441291809,1.1752262115478516,1.1766090393066406,771
2025-12-22 17:00:00+00:00,1.1761938333511353,1.176747441291809,1.175364375114441,1.1755025386810303,566
2025-12-22 18:00:00+00:00,1.1756407022476196,1.1761938333511353,1.175364375114441,1.1760554313659668,829
2025-12-22 19:00:00+00:00,1.1759172677993774,1.1759172677993774,1.1752262115478516,1.1756407022476196,359
2025-12-22 20:00:00+00:00,1.1757789850234985,1.1761938333511353,1.1756407022476196,1.1757789850234985,368
2025-12-22 21:00:00+00:00,1.1764705181121826,1.1766090393066406,1.1757789850234985,1.1757789850234985,261
2025-12-22 22:00:00+00:00,1.1763322353363037,1.1766090393066406,1.1759172677993774,1.1761938333511353,156
2025-12-22 23:00:00+00:00,1.176885962486267,1.176885962486267,1.1763322353363037,1.1763322353363037,963
2025-12-23 00:00:00+00:00,1.177163004875183,1.1773016452789307,1.176747441291809,1.176747441291809,207
2025-12-23 01:00:00+00:00,1.1775789260864258,1.1778563261032104,1.176885962486267,1.177163004875183,624
2025-12-23 02:00:00+00:00,1.1781338453292847,1.1782727241516113,1.1775789260864258,1.1777175664901733,651
2025-12-23 03:00:00+00:00,1.1778563261032104,1.1782727241516113,1.1777175664901733,1.1781338453292847,271
2025-12-23 04:00:00+00:00,1.1778563261032104,1.1782727241516113,1.1777175664901733,1.1781338453292847,412
2025-12-23 05:00:00+00:00,1.1778563261032104,1.1782727241516113,1.1778563261032104,1.1778563261032104,594
2025-12-23 06:00:00+00:00,1.1774401664733887,1.177994966506958,1.1773016452789307,1.177994966506958,590
2025-12-23 07:00:00+00:00,1.1784114837646484,1.1784114837646484,1.1773016452789307,1.1774401664733887,288
2025-12-23 08:00:00+00:00,1.178550362586975,1.1786893606185913,1.177994966506958,1.1782727241516113,992
2025-12-23 09:00:00+00:00,1.1795234680175781,1.1795234680175781,1.178550362586975,1.178828239440918,444
2025-12-23 10:00:00+00:00,1.1802195310592651,1.18035888671875,1.1796625852584839,1.1796625852584839,649
2025-12-23 11:00:00+00:00,1.179940938949585,1.1802195310592651,1.1796625852584839,1.1802195310592651,680
2025-12-23 12:00:00+00:00,1.1792453527450562,1.1804981231689453,1.1792453527450562,1.179940938949585,651
2025-12-23 13:00:00+00:00,1.1778563261032104,1.1796625852584839,1.1778563261032104,1.1793843507766724,349
2025-12-23 14:00:00+00:00,1.177163004875183,1.1782727241516113,1.177163004875183,1.1778563261032104,598
2025-12-23 15:00:00+00:00,1.1778563261032104,1.1781338453292847,1.176885962486267,1.177163004875183,732
2025-12-23 16:00:00+00:00,1.177994966506958,1.1784114837646484,1.1777175664901733,1.1778563261032104,992
2025-12-23 17:00:00+00:00,1.1773016452789307,1.1781338453292847,1.1773016452789307,1.1778563261032104,584
2025-12-23 18:00:00+00:00,1.178550362586975,1.178550362586975,1.1773016452789307,1.1773016452789307,629
2025-12-23 19:00:00+00:00,1.1793843507766724,1.1793843507766724,1.1786893606185913,1.1786893606185913,951
2025-12-23 20:00:00+00:00,1.1793843507766724,1.1796625852584839,1.1791062355041504,1.1793843507766724,632
2025-12-23 21:00:00+00:00,1.1798018217086792,1.1800801753997803,1.1792453527450562,1.1793843507766724,961
2025-12-23 22:00:00+00:00,1.179940938949585,1.1816140413284302,1.1795234680175781,1.1804981231689453,998
2025-12-23 23:00:00+00:00,1.1798018217086792,1.1800801753997803,1.1796625852584839,1.1796625852584839,103
2025-12-24 00:00:00+00:00,1.1800801753997803,1.1802195310592651,1.1793843507766724,1.179940938949585,411
2025-12-24 01:00:00+00:00,1.1809163093566895,1.1809163093566895,1.1800801753997803,1.1802195310592651,345
2025-12-24 02:00:00+00:00,1.18035888671875,1.1811953783035278,1.18035888671875,1.1809163093566895,423
2025-12-24 03:00:00+00:00,1.1791062355041504,1.1800801753997803,1.1791062355041504,1.1800801753997803,585
2025-12-24 04:00:00+00:00,1.1795234680175781,1.1796625852584839,1.1789672374725342,1.1791062355041504,696
2025-12-24 05:00:00+00:00,1.18035888671875,1.1804981231689453,1.1795234680175781,1.1795234680175781,750
2025-12-24 06:00:00+00:00,1.18035888671875,1.1807769536972046,1.1802195310592651,1.18035888671875,245
2025-12-24 07:00:00+00:00,1.1792453527450562,1.1804981231689453,1.1789672374725342,1.18035888671875,836
2025-12-24 08:00:00+00:00,1.1802195310592651,1.1802195310592651,1.1784114837646484,1.1795234680175781,573
2025-12-24 09:00:00+00:00,1.18035888671875,1.18035888671875,1.1798018217086792,1.1802195310592651,372
2025-12-24 10:00:00+00:00,1.179940938949585,1.18035888671875,1.1795234680175781,1.18035888671875,914
2025-12-24 11:00:00+00:00,1.1796625852584839,1.1802195310592651,1.1793843507766724,1.179940938949585,478
2025-12-24 12:00:00+00:00,1.178828239440918,1.1796625852584839,1.178828239440918,1.1796625852584839,427
2025-12-24 13:00:00+00:00,1.1789672374725342,1.1793843507766724,1.178828239440918,1.178828239440918,793
2025-12-24 14:00:00+00:00,1.1784114837646484,1.1791062355041504,1.1782727241516113,1.178828239440918,909
2025-12-24 15:00:00+00:00,1.1782727241516113,1.178550362586975,1.1778563261032104,1.1782727241516113,402
2025-12-24 16:00:00+00:00,1.1782727241516113,1.1784114837646484,1.1778563261032104,1.1781338453292847,487
2025-12-24 17:00:00+00:00,1.1777175664901733,1.1786893606185913,1.1777175664901733,1.1782727241516113,677
2025-12-24 18:00:00+00:00,1.1782727241516113,1.1782727241516113,1.1777175664901733,1.1778563261032104,449
2025-12-24 19:00:00+00:00,1.178550362586975,1.178550362586975,1.1782727241516113,1.1782727241516113,663
2025-12-24 20:00:00+00:00,1.178550362586975,1.178550362586975,1.1781338453292847,1.178550362586975,997
2025-12-24 21:00:00+00:00,1.1782727241516113,1.1784114837646484,1.177994966506958,1.1782727241516113,271
2025-12-24 22:00:00+00:00,1.178550362586975,1.178550362586975,1.178550362586975,1.178550362586975,157
2025-12-24 23:00:00+00:00,1.1781338453292847,1.1791062355041504,1.1781338453292847,1.178828239440918,284
2025-12-25 00:00:00+00:00,1.1795234680175781,1.1795234680175781,1.177163004875183,1.1774401664733887,564
2025-12-25 01:00:00+00:00,1.178550362586975,1.1791062355041504,1.1774401664733887,1.178828239440918,430
2025-12-25 02:00:00+00:00,1.178550362586975,1.178828239440918,1.1778563261032104,1.1781338453292847,680
2025-12-25 03:00:00+00:00,1.1784114837646484,1.1789672374725342,1.1778563261032104,1.178550362586975,667
2025-12-25 04:00:00+00:00,1.1782727241516113,1.178550362586975,1.177994966506958,1.1784114837646484,537
2025-12-25 05:00:00+00:00,1.1782727241516113,1.1786893606185913,1.177994966506958,1.1784114837646484,850
2025-12-25 06:00:00+00:00,1.1781338453292847,1.1786893606185913,1.177994966506958,1.1782727241516113,153
2025-12-25 07:00:00+00:00,1.178550362586975,1.1798018217086792,1.177994966506958,1.1782727241516113,746
2025-12-25 08:00:00+00:00,1.1786893606185913,1.1786893606185913,1.178550362586975,1.178550362586975,910
2025-12-25 22:00:00+00:00,1.178550362586975,1.1792453527450562,1.177994966506958,1.177994966506958,113
2025-12-25 23:00:00+00:00,1.178828239440918,1.1789672374725342,1.1781338453292847,1.1781338453292847,954
2025-12-26 00:00:00+00:00,1.1789672374725342,1.1795234680175781,1.1781338453292847,1.1786893606185913,494
2025-12-26 01:00:00+00:00,1.1791062355041504,1.1795234680175781,1.178550362586975,1.178828239440918,865
2025-12-26 02:00:00+00:00,1.1796625852584839,1.1796625852584839,1.1786893606185913,1.1791062355041504,195
2025-12-26 03:00:00+00:00,1.178828239440918,1.1795234680175781,1.178828239440918,1.1795234680175781,391
2025-12-26 04:00:00+00:00,1.178550362586975,1.1791062355041504,1.1784114837646484,1.1786893606185913,451
2025-12-26 05:00:00+00:00,1.1789672374725342,1.1791062355041504,1.1784114837646484,1.1786893606185913,700
2025-12-26 06:00:00+00:00,1.177994966506958,1.1791062355041504,1.1775789260864258,1.1789672374725342,177
2025-12-26 07:00:00+00:00,1.1775789260864258,1.177994966506958,1.1774401664733887,1.1778563261032104,231
2025-12-26 08:00:00+00:00,1.177994966506958,1.177994966506958,1.177024483680725,1.1775789260864258,629
2025-12-26 09:00:00+00:00,1.1774401664733887,1.1781338453292847,1.177163004875183,1.177994966506958,750
2025-12-26 10:00:00+00:00,1.1777175664901733,1.1782727241516113,1.1773016452789307,1.1773016452789307,846
2025-12-26 11:00:00+00:00,1.177994966506958,1.178550362586975,1.1777175664901733,1.1777175664901733,268
2025-12-26 12:00:00+00:00,1.178550362586975,1.178550362586975,1.1777175664901733,1.1781338453292847,668
2025-12-26 13:00:00+00:00,1.1795234680175781,1.179940938949585,1.1786893606185913,1.1786893606185913,746
2025-12-26 14:00:00+00:00,1.178828239440918,1.1798018217086792,1.178550362586975,1.1796625852584839,637
2025-12-26 15:00:00+00:00,1.177994966506958,1.1795234680175781,1.1777175664901733,1.1786893606185913,946
2025-12-26 16:00:00+00:00,1.176885962486267,1.1782727241516113,1.1766090393066406,1.1781338453292847,762
2025-12-26 17:00:00+00:00,1.1773016452789307,1.1774401664733887,1.1764705181121826,1.176747441291809,414
2025-12-26 18:00:00+00:00,1.1775789260864258,1.1777175664901733,1.1773016452789307,1.1774401664733887,730
2025-12-26 19:00:00+00:00,1.177994966506958,1.177994966506958,1.1773016452789307,1.1775789260864258,730
2025-12-26 20:00:00+00:00,1.1778563261032104,1.1784114837646484,1.1777175664901733,1.1781338453292847,603
2025-12-26 21:00:00+00:00,1.1774401664733887,1.177994966506958,1.176885962486267,1.1778563261032104,361
2025-12-26 22:00:00+00:00,1.1777175664901733,1.1777175664901733,1.1777175664901733,1.1777175664901733,682
2025-12-29 00:00:00+00:00,1.1784114837646484,1.1786893606185913,1.1775789260864258,1.1778563261032104,780
2025-12-29 01:00:00+00:00,1.178828239440918,1.1789672374725342,1.1782727241516113,1.1782727241516113,113
2025-12-29 02:00:00+00:00,1.177994966506958,1.178828239440918,1.177994966506958,1.178828239440918,143
2025-12-29 03:00:00+00:00,1.1777175664901733,1.177994966506958,1.1775789260864258,1.1778563261032104,824
2025-12-29 04:00:00+00:00,1.176747441291809,1.1775789260864258,1.176747441291809,1.1775789260864258,651
2025-12-29 05:00:00+00:00,1.1759172677993774,1.1766090393066406,1.1757789850234985,1.1766090393066406,998
2025-12-29 06:00:00+00:00,1.1773016452789307,1.1773016452789307,1.1757789850234985,1.1760554313659668,795
2025-12-29 07:00:00+00:00,1.177994966506958,1.1782727241516113,1.176885962486267,1.1774401664733887,782
2025-12-29 08:00:00+00:00,1.178828239440918,1.1792453527450562,1.1775789260864258,1.1781338453292847,655
2025-12-29 09:00:00+00:00,1.177994966506958,1.1791062355041504,1.1775789260864258,1.1789672374725342,921
2025-12-29 10:00:00+00:00,1.177024483680725,1.1784114837646484,1.177024483680725,1.177994966506958,506
2025-12-29 11:00:00+00:00,1.176885962486267,1.1774401664733887,1.1761938333511353,1.176885962486267,250
2025-12-29 12:00:00+00:00,1.1764705181121826,1.177163004875183,1.1760554313659668,1.176885962486267,782
2025-12-29 13:00:00+00:00,1.1774401664733887,1.1775789260864258,1.1764705181121826,1.1766090393066406,899
2025-12-29 14:00:00+00:00,1.1786893606185913,1.1792453527450562,1.177163004875183,1.1773016452789307,238
2025-12-29 15:00:00+00:00,1.177163004875183,1.1789672374725342,1.177163004875183,1.178828239440918,506
2025-12-29 16:00:00+00:00,1.1761938333511353,1.177163004875183,1.1757789850234985,1.177024483680725,191
2025-12-29 17:00:00+00:00,1.1756407022476196,1.1759172677993774,1.175364375114441,1.1759172677993774,438
2025-12-29 18:00:00+00:00,1.1760554313659668,1.1761938333511353,1.1755025386810303,1.1755025386810303,645
2025-12-29 19:00:00+00:00,1.177024483680725,1.177024483680725,1.1760554313659668,1.1760554313659668,756
2025-12-29 20:00:00+00:00,1.1774401664733887,1.1774401664733887,1.176885962486267,1.177163004875183,567
2025-12-29 21:00:00+00:00,1.1777175664901733,1.1778563261032104,1.1774401664733887,1.1774401664733887,284
2025-12-29 22:00:00+00:00,1.1773016452789307,1.1777175664901733,1.177163004875183,1.1775789260864258,640
2025-12-29 23:00:00+00:00,1.1775789260864258,1.1778563261032104,1.1775789260864258,1.1777175664901733,359
2025-12-30 00:00:00+00:00,1.1775789260864258,1.1778563261032104,1.1775789260864258,1.1777175664901733,171
2025-12-30 01:00:00+00:00,1.1778563261032104,1.1778563261032104,1.1773016452789307,1.1775789260864258,625
2025-12-30 02:00:00+00:00,1.1777175664901733,1.177994966506958,1.1775789260864258,1.1778563261032104,117
2025-12-30 03:00:00+00:00,1.1775789260864258,1.1778563261032104,1.1774401664733887,1.1777175664901733,632
2025-12-30 04:00:00+00:00,1.177994966506958,1.1781338453292847,1.1775789260864258,1.1775789260864258,570
2025-12-30 05:00:00+00:00,1.1778563261032104,1.1782727241516113,1.1775789260864258,1.177994966506958,761
2025-12-30 06:00:00+00:00,1.1781338453292847,1.1782727241516113,1.1777175664901733,1.177994966506958,636
2025-12-30 07:00:00+00:00,1.1773016452789307,1.177994966506958,1.177024483680725,1.177994966506958,461
2025-12-30 08:00:00+00:00,1.177163004875183,1.1778563261032104,1.177024483680725,1.1774401664733887,474
2025-12-30 09:00:00+00:00,1.177163004875183,1.1781338453292847,1.176747441291809,1.177024483680725,636
2025-12-30 10:00:00+00:00,1.1777175664901733,1.177994966506958,1.1773016452789307,1.1773016452789307,885
2025-12-30 11:00:00+00:00,1.177024483680725,1.177994966506958,1.177024483680725,1.1777175664901733,299
2025-12-30 12:00:00+00:00,1.1764705181121826,1.177163004875183,1.1764705181121826,1.176885962486267,247
2025-12-30 13:00:00+00:00,1.1766090393066406,1.177024483680725,1.1759172677993774,1.1764705181121826,794
2025-12-30 14:00:00+00:00,1.176747441291809,1.176747441291809,1.1760554313659668,1.1764705181121826,820
2025-12-30 15:00:00+00:00,1.1763322353363037,1.176885962486267,1.1749500036239624,1.176747441291809,922
2025-12-30 16:00:00+00:00,1.176885962486267,1.177024483680725,1.1757789850234985,1.1761938333511353,193
2025-12-30 17:00:00+00:00,1.1759172677993774,1.176885962486267,1.1759172677993774,1.176885962486267,517
2025-12-30 18:00:00+00:00,1.175364375114441,1.1763322353363037,1.1752262115478516,1.1760554313659668,641
2025-12-30 19:00:00+00:00,1.1750881671905518,1.1756407022476196,1.1749500036239624,1.175364375114441,396
2025-12-30 20:00:00+00:00,1.1746740341186523,1.175364375114441,1.1746740341186523,1.1750881671905518,531
2025-12-30 21:00:00+00:00,1.1750881671905518,1.1750881671905518,1.1748120784759521,1.1748120784759521,350
2025-12-30 22:00:00+00:00,1.1749500036239624,1.1752262115478516,1.1746740341186523,1.1750881671905518,639
2025-12-30 23:00:00+00:00,1.1749500036239624,1.1752262115478516,1.1749500036239624,1.1749500036239624,312
2025-12-31 00:00:00+00:00,1.1750881671905518,1.1750881671905518,1.1748120784759521,1.1749500036239624,315
2025-12-31 01:00:00+00:00,1.1746740341186523,1.1752262115478516,1.1746740341186523,1.1750881671905518,766
2025-12-31 02:00:00+00:00,1.1743981838226318,1.1745359897613525,1.1742602586746216,1.1745359897613525,378
2025-12-31 03:00:00+00:00,1.1746740341186523,1.1746740341186523,1.1743981838226318,1.1743981838226318,891
2025-12-31 04:00:00+00:00,1.1737089157104492,1.1746740341186523,1.1737089157104492,1.1746740341186523,546
2025-12-31 05:00:00+00:00,1.1742602586746216,1.1742602586746216,1.17384672164917,1.17384672164917,739
2025-12-31 06:00:00+00:00,1.1741223335266113,1.1742602586746216,1.1737089157104492,1.1739845275878906,977
2025-12-31 07:00:00+00:00,1.1739845275878906,1.1741223335266113,1.1732958555221558,1.1739845275878906,625
2025-12-31 08:00:00+00:00,1.1726078987121582,1.1742602586746216,1.172333002090454,1.1739845275878906,904
2025-12-31 09:00:00+00:00,1.17384672164917,1.1742602586746216,1.172333002090454,1.1726078987121582,479
2025-12-31 10:00:00+00:00,1.1742602586746216,1.1746740341186523,1.1731581687927246,1.17384672164917,558
2025-12-31 11:00:00+00:00,1.1750881671905518,1.1750881671905518,1.1739845275878906,1.1742602586746216,411
2025-12-31 12:00:00+00:00,1.1759172677993774,1.1761938333511353,1.1752262115478516,1.1752262115478516,721
2025-12-31 13:00:00+00:00,1.1745359897613525,1.1760554313659668,1.1745359897613525,1.1759172677993774,661
2025-12-31 14:00:00+00:00,1.1732958555221558,1.1745359897613525,1.1731581687927246,1.1745359897613525,843
2025-12-31 15:00:00+00:00,1.1748120784759521,1.1749500036239624,1.1724703311920166,1.1730204820632935,612
2025-12-31 16:00:00+00:00,1.17384672164917,1.1750881671905518,1.1732958555221558,1.1746740341186523,749
2025-12-31 17:00:00+00:00,1.17384672164917,1.1742602586746216,1.1735711097717285,1.1737089157104492,235
2025-12-31 18:00:00+00:00,1.1739845275878906,1.1742602586746216,1.173433542251587,1.1739845275878906,899
2025-12-31 19:00:00+00:00,1.1743981838226318,1.1746740341186523,1.1741223335266113,1.1741223335266113,925
2025-12-31 20:00:00+00:00,1.1755025386810303,1.1756407022476196,1.1745359897613525,1.1745359897613525,143
2025-12-31 21:00:00+00:00,1.1749500036239624,1.1756407022476196,1.1749500036239624,1.1756407022476196,903
2025-12-31 22:00:00+00:00,1.1749500036239624,1.1749500036239624,1.1743981838226318,1.1745359897613525,205
2025-12-31 23:00:00+00:00,1.1749500036239624,1.1749500036239624,1.1749500036239624,1.1749500036239624,903
2026-01-01 00:00:00+00:00,1.1749500036239624,1.1749500036239624,1.1749500036239624,1.1749500036239624,773
2026-01-01 01:00:00+00:00,1.1749500036239624,1.1749500036239624,1.1749500036239624,1.1749500036239624,336
2026-01-01 04:00:00+00:00,1.1749500036239624,1.1749500036239624,1.1749500036239624,1.1749500036239624,924
2026-01-01 05:00:00+00:00,1.1749500036239624,1.1749500036239624,1.1749500036239624,1.1749500036239624,672
2026-01-01 10:00:00+00:00,1.1749500036239624,1.1749500036239624,1.1749500036239624,1.1749500036239624,382
2026-01-01 22:00:00+00:00,1.175364375114441,1.1757789850234985,1.1742602586746216,1.1748120784759521,881
2026-01-01 23:00:00+00:00,1.175364375114441,1.175364375114441,1.1749500036239624,1.1750881671905518,287
2026-01-02 00:00:00+00:00,1.1760554313659668,1.1760554313659668,1.175364375114441,1.175364375114441,975
2026-01-02 01:00:00+00:00,1.1764705181121826,1.1766090393066406,1.1760554313659668,1.1761938333511353,771
2026-01-02 02:00:00+00:00,1.1763322353363037,1.176747441291809,1.1761938333511353,1.1764705181121826,470
2026-01-02 03:00:00+00:00,1.176885962486267,1.176885962486267,1.1764705181121826,1.1764705181121826,802
2026-01-02 04:00:00+00:00,1.1759172677993774,1.176885962486267,1.1759172677993774,1.176747441291809,205
2026-01-02 05:00:00+00:00,1.1755025386810303,1.1760554313659668,1.1755025386810303,1.1759172677993774,658
2026-01-02 06:00:00+00:00,1.1748120784759521,1.175364375114441,1.1745359897613525,1.175364375114441,696
2026-01-02 07:00:00+00:00,1.1741223335266113,1.1749500036239624,1.1737089157104492,1.1746740341186523,383
2026-01-02 08:00:00+00:00,1.1732958555221558,1.1739845275878906,1.1728830337524414,1.1737089157104492,535
2026-01-02 09:00:00+00:00,1.1724703311920166,1.1739845275878906,1.1724703311920166,1.1732958555221558,636
2026-01-02 10:00:00+00:00,1.1724703311920166,1.1727453470230103,1.1716461181640625,1.1724703311920166,991
2026-01-02 11:00:00+00:00,1.1724703311920166,1.1726078987121582,1.1719207763671875,1.1724703311920166,207
2026-01-02 12:00:00+00:00,1.1727453470230103,1.1730204820632935,1.1724703311920166,1.1724703311920166,742
2026-01-02 13:00:00+00:00,1.1726078987121582,1.1732958555221558,1.172195553779602,1.1726078987121582,932
2026-01-02 14:00:00+00:00,1.1731581687927246,1.1732958555221558,1.1719207763671875,1.1724703311920166,825
2026-01-02 15:00:00+00:00,1.175364375114441,1.1755025386810303,1.1732958555221558,1.173433542251587,362
2026-01-02 16:00:00+00:00,1.1741223335266113,1.1755025386810303,1.17384672164917,1.1755025386810303,386
2026-01-02 17:00:00+00:00,1.173433542251587,1.1741223335266113,1.1732958555221558,1.1741223335266113,280
2026-01-02 18:00:00+00:00,1.172195553779602,1.173433542251587,1.1719207763671875,1.173433542251587,403
2026-01-02 19:00:00+00:00,1.1727453470230103,1.1727453470230103,1.171783447265625,1.172195553779602,765
2026-01-02 20:00:00+00:00,1.17205810546875,1.1727453470230103,1.1719207763671875,1.1727453470230103,385
2026-01-02 21:00:00+00:00,1.172333002090454,1.1727453470230103,1.17205810546875,1.172195553779602,530
2026-01-02 22:00:00+00:00,1.172333002090454,1.172333002090454,1.172333002090454,1.172333002090454,794
2026-01-05 00:00:00+00:00,1.170823097229004,1.1713716983795166,1.170823097229004,1.1710972785949707,304
2026-01-05 01:00:00+00:00,1.1704120635986328,1.1710972785949707,1.1702749729156494,1.1706860065460205,704
2026-01-05 02:00:00+00:00,1.1691803932189941,1.170548915863037,1.168770432472229,1.1704120635986328,647
2026-01-05 03:00:00+00:00,1.1679514646530151,1.1693171262741089,1.1675423383712769,1.1693171262741089,579
2026-01-05 04:00:00+00:00,1.1684973239898682,1.1686338186264038,1.1676785945892334,1.1678149700164795,656
2026-01-05 05:00:00+00:00,1.1689070463180542,1.1689070463180542,1.1683608293533325,1.1683608293533325,448
2026-01-05 06:00:00+00:00,1.1694538593292236,1.1694538593292236,1.1683608293533325,1.1689070463180542,559
2026-01-05 07:00:00+00:00,1.1690436601638794,1.1695905923843384,1.168770432472229,1.1693171262741089,564
2026-01-05 08:00:00+00:00,1.1686338186264038,1.1697274446487427,1.1684973239898682,1.1689070463180542,294
2026-01-05 09:00:00+00:00,1.1686338186264038,1.1690436601638794,1.1678149700164795,1.168770432472229,911
2026-01-05 10:00:00+00:00,1.1693171262741089,1.1693171262741089,1.1683608293533325,1.1686338186264038,992
2026-01-05 11:00:00+00:00,1.1684973239898682,1.1694538593292236,1.1683608293533325,1.1693171262741089,161
2026-01-05 12:00:00+00:00,1.1674060821533203,1.168770432472229,1.1674060821533203,1.1684973239898682,921
2026-01-05 13:00:00+00:00,1.1678149700164795,1.1678149700164795,1.1663167476654053,1.1674060821533203,364
2026-01-05 14:00:00+00:00,1.1689070463180542,1.1689070463180542,1.1678149700164795,1.1678149700164795,446
2026-01-05 15:00:00+00:00,1.1706860065460205,1.1706860065460205,1.1691803932189941,1.1691803932189941,433
2026-01-05 16:00:00+00:00,1.171783447265625,1.172195553779602,1.170823097229004,1.170823097229004,727
2026-01-05 17:00:00+00:00,1.171783447265625,1.172333002090454,1.1715089082717896,1.171783447265625,148
2026-01-05 18:00:00+00:00,1.1728830337524414,1.1728830337524414,1.171783447265625,1.171783447265625,988
2026-01-05 19:00:00+00:00,1.1730204820632935,1.1731581687927246,1.1726078987121582,1.1730204820632935,832
2026-01-05 20:00:00+00:00,1.1727453470230103,1.1731581687927246,1.1727453470230103,1.1730204820632935,841
2026-01-05 21:00:00+00:00,1.1724703311920166,1.1730204820632935,1.172333002090454,1.1727453470230103,866
2026-01-05 22:00:00+00:00,1.172195553779602,1.1726078987121582,1.172195553779602,1.1724703311920166,759
2026-01-05 23:00:00+00:00,1.171783447265625,1.1724703311920166,1.1716461181640625,1.1724703311920166,596
2026-01-06 00:00:00+00:00,1.17205810546875,1.17205810546875,1.1713716983795166,1.1719207763671875,808
2026-01-06 01:00:00+00:00,1.1728830337524414,1.1728830337524414,1.1716461181640625,1.172195553779602,484
2026-01-06 02:00:00+00:00,1.1741223335266113,1.1741223335266113,1.1726078987121582,1.1728830337524414,464
2026-01-06 03:00:00+00:00,1.17384672164917,1.1741223335266113,1.1735711097717285,1.1739845275878906,651
2026-01-06 04:00:00+00:00,1.1737089157104492,1.17384672164917,1.1735711097717285,1.17384672164917,646
2026-01-06 05:00:00+00:00,1.1732958555221558,1.1741223335266113,1.1731581687927246,1.1737089157104492,362
2026-01-06 06:00:00+00:00,1.1739845275878906,1.1741223335266113,1.1732958555221558,1.1732958555221558,890
2026-01-06 07:00:00+00:00,1.1731581687927246,1.1748120784759521,1.1728830337524414,1.1741223335266113,645
2026-01-06 08:00:00+00:00,1.1732958555221558,1.1741223335266113,1.1730204820632935,1.1732958555221558,186
2026-01-06 09:00:00+00:00,1.171783447265625,1.1731581687927246,1.1712344884872437,1.1731581687927246,785
2026-01-06 10:00:00+00:00,1.1716461181640625,1.17205810546875,1.1712344884872437,1.1716461181640625,398
2026-01-06 11:00:00+00:00,1.1709601879119873,1.1715089082717896,1.170823097229004,1.1713716983795166,106
2026-01-06 12:00:00+00:00,1.1704120635986328,1.1715089082717896,1.1701380014419556,1.1712344884872437,267
2026-01-06 13:00:00+00:00,1.1715089082717896,1.1716461181640625,1.1701380014419556,1.1701380014419556,739
2026-01-06 14:00:00+00:00,1.1713716983795166,1.17205810546875,1.1704120635986328,1.1716461181640625,470
2026-01-06 15:00:00+00:00,1.169864296913147,1.1710972785949707,1.168770432472229,1.1710972785949707,675
2026-01-06 16:00:00+00:00,1.1691803932189941,1.1701380014419556,1.1690436601638794,1.1701380014419556,750
2026-01-06 17:00:00+00:00,1.1704120635986328,1.1704120635986328,1.1691803932189941,1.1693171262741089,285
2026-01-06 18:00:00+00:00,1.1691803932189941,1.170548915863037,1.1691803932189941,1.170548915863037,661
2026-01-06 19:00:00+00:00,1.1693171262741089,1.1693171262741089,1.168770432472229,1.1691803932189941,324
2026-01-06 20:00:00+00:00,1.1694538593292236,1.1697274446487427,1.1693171262741089,1.1695905923843384,717
2026-01-06 21:00:00+00:00,1.1691803932189941,1.1691803932189941,1.1689070463180542,1.1689070463180542,948
2026-01-06 22:00:00+00:00,1.1693171262741089,1.1693171262741089,1.1686338186264038,1.1686338186264038,546
2026-01-06 23:00:00+00:00,1.1691803932189941,1.1693171262741089,1.1690436601638794,1.1693171262741089,409
2026-01-07 00:00:00+00:00,1.1694538593292236,1.1697274446487427,1.1689070463180542,1.1691803932189941,126
2026-01-07 01:00:00+00:00,1.169864296913147,1.1704120635986328,1.1693171262741089,1.1694538593292236,642
2026-01-07 02:00:00+00:00,1.1700011491775513,1.170548915863037,1.169864296913147,1.1700011491775513,692
2026-01-07 03:00:00+00:00,1.1702749729156494,1.1702749729156494,1.1701380014419556,1.1701380014419556,379
2026-01-07 04:00:00+00:00,1.1694538593292236,1.170548915863037,1.1694538593292236,1.1702749729156494,478
2026-01-07 05:00:00+00:00,1.1697274446487427,1.1697274446487427,1.1694538593292236,1.1694538593292236,289
2026-01-07 06:00:00+00:00,1.1701380014419556,1.1702749729156494,1.1695905923843384,1.1697274446487427,194
2026-01-07 07:00:00+00:00,1.1686338186264038,1.1701380014419556,1.1683608293533325,1.1700011491775513,442
2026-01-07 08:00:00+00:00,1.168770432472229,1.1690436601638794,1.1676785945892334,1.1684973239898682,523
2026-01-07 09:00:00+00:00,1.168770432472229,1.1690436601638794,1.1684973239898682,1.1689070463180542,843
2026-01-07 10:00:00+00:00,1.1691803932189941,1.169864296913147,1.1689070463180542,1.1689070463180542,859
2026-01-07 11:00:00+00:00,1.1691803932189941,1.1695905923843384,1.1689070463180542,1.1691803932189941,963
2026-01-07 12:00:00+00:00,1.1691803932189941,1.1694538593292236,1.1684973239898682,1.1693171262741089,747
2026-01-07 13:00:00+00:00,1.1694538593292236,1.169864296913147,1.1686338186264038,1.1689070463180542,486
2026-01-07 14:00:00+00:00,1.1701380014419556,1.1701380014419556,1.1690436601638794,1.1695905923843384,953
2026-01-07 15:00:00+00:00,1.1694538593292236,1.1701380014419556,1.1683608293533325,1.1691803932189941,988
2026-01-07 16:00:00+00:00,1.1693171262741089,1.1695905923843384,1.1686338186264038,1.1694538593292236,851
2026-01-07 17:00:00+00:00,1.1690436601638794,1.169864296913147,1.1690436601638794,1.1694538593292236,635
2026-01-07 18:00:00+00:00,1.1686338186264038,1.1693171262741089,1.1686338186264038,1.1690436601638794,889
2026-01-07 19:00:00+00:00,1.1686338186264038,1.1689070463180542,1.1682243347167969,1.168770432472229,580
2026-01-07 20:00:00+00:00,1.1682243347167969,1.168770432472229,1.1682243347167969,1.1684973239898682,355
2026-01-07 21:00:00+00:00,1.1678149700164795,1.1682243347167969,1.1678149700164795,1.1680878400802612,638
2026-01-07 22:00:00+00:00,1.1679514646530151,1.1682243347167969,1.1675423383712769,1.1676785945892334,802
2026-01-07 23:00:00+00:00,1.1679514646530151,1.1680878400802612,1.1679514646530151,1.1679514646530151,151
2026-01-08 00:00:00+00:00,1.1679514646530151,1.1680878400802612,1.1679514646530151,1.1680878400802612,802
2026-01-08 01:00:00+00:00,1.1678149700164795,1.1680878400802612,1.1676785945892334,1.1678149700164795,131
2026-01-08 02:00:00+00:00,1.1683608293533325,1.1683608293533325,1.1675423383712769,1.1679514646530151,739
2026-01-08 03:00:00+00:00,1.1683608293533325,1.1686338186264038,1.1682243347167969,1.1683608293533325,626
2026-01-08 04:00:00+00:00,1.1683608293533325,1.1684973239898682,1.1680878400802612,1.1682243347167969,533
2026-01-08 05:00:00+00:00,1.1686338186264038,1.1686338186264038,1.1680878400802612,1.1683608293533325,738
2026-01-08 06:00:00+00:00,1.1684973239898682,1.1686338186264038,1.1678149700164795,1.1684973239898682,229
2026-01-08 07:00:00+00:00,1.1682243347167969,1.1686338186264038,1.1680878400802612,1.1684973239898682,435
2026-01-08 08:00:00+00:00,1.1675423383712769,1.1682243347167969,1.1672697067260742,1.1680878400802612,131
2026-01-08 09:00:00+00:00,1.1680878400802612,1.1680878400802612,1.1672697067260742,1.1672697067260742,542
2026-01-08 10:00:00+00:00,1.1683608293533325,1.1683608293533325,1.1679514646530151,1.1682243347167969,446
2026-01-08 11:00:00+00:00,1.1680878400802612,1.1683608293533325,1.1679514646530151,1.1682243347167969,855
2026-01-08 12:00:00+00:00,1.1675423383712769,1.1679514646530151,1.1674060821533203,1.1679514646530151,411
2026-01-08 13:00:00+00:00,1.1665889024734497,1.1680878400802612,1.1661807298660278,1.1678149700164795,816
2026-01-08 14:00:00+00:00,1.1668611764907837,1.1669973134994507,1.16604483127594,1.1665889024734497,120
2026-01-08 15:00:00+00:00,1.1669973134994507,1.1676785945892334,1.1665889024734497,1.1667250394821167,524
2026-01-08 16:00:00+00:00,1.1659088134765625,1.1671334505081177,1.1656370162963867,1.1669973134994507,123
2026-01-08 17:00:00+00:00,1.1655012369155884,1.1659088134765625,1.1648223400115967,1.1656370162963867,925
2026-01-08 18:00:00+00:00,1.1648223400115967,1.1655012369155884,1.1648223400115967,1.1655012369155884,691
2026-01-08 19:00:00+00:00,1.1653653383255005,1.1653653383255005,1.1645511388778687,1.164686679840088,555
2026-01-08 20:00:00+00:00,1.1655012369155884,1.1657729148864746,1.1653653383255005,1.1653653383255005,756
2026-01-08 21:00:00+00:00,1.1663167476654053,1.1665889024734497,1.1653653383255005,1.1655012369155884,629
2026-01-08 22:00:00+00:00,1.1661807298660278,1.1668611764907837,1.1656370162963867,1.1664528846740723,535
2026-01-08 23:00:00+00:00,1.16604483127594,1.1665889024734497,1.16604483127594,1.1663167476654053,795
2026-01-09 00:00:00+00:00,1.1657729148864746,1.16604483127594,1.1657729148864746,1.16604483127594,734
2026-01-09 01:00:00+00:00,1.1652295589447021,1.16604483127594,1.1650937795639038,1.1657729148864746,425
2026-01-09 02:00:00+00:00,1.1657729148864746,1.1657729148864746,1.164958119392395,1.1653653383255005,617
2026-01-09 03:00:00+00:00,1.1659088134765625,1.1661807298660278,1.1657729148864746,1.1659088134765625,907
2026-01-09 04:00:00+00:00,1.1657729148864746,1.1661807298660278,1.1656370162963867,1.1661807298660278,775
2026-01-09 05:00:00+00:00,1.1655012369155884,1.16604483127594,1.1653653383255005,1.1657729148864746,999
2026-01-09 06:00:00+00:00,1.1652295589447021,1.1656370162963867,1.1652295589447021,1.1653653383255005,812
2026-01-09 07:00:00+00:00,1.1653653383255005,1.1653653383255005,1.1644154787063599,1.1650937795639038,312
2026-01-09 08:00:00+00:00,1.1650937795639038,1.1655012369155884,1.1645511388778687,1.1655012369155884,139
2026-01-09 09:00:00+00:00,1.1645511388778687,1.1653653383255005,1.1645511388778687,1.1653653383255005,987
2026-01-09 10:00:00+00:00,1.164958119392395,1.164958119392395,1.1642799377441406,1.1645511388778687,402
2026-01-09 11:00:00+00:00,1.164958119392395,1.164958119392395,1.1645511388778687,1.164958119392395,342
2026-01-09 12:00:00+00:00,1.1644154787063599,1.164958119392395,1.1644154787063599,1.1648223400115967,175
2026-01-09 13:00:00+00:00,1.1648223400115967,1.1663167476654053,1.1641442775726318,1.1644154787063599,873
2026-01-09 14:00:00+00:00,1.1640088558197021,1.1653653383255005,1.1633317470550537,1.1652295589447021,658
2026-01-09 15:00:00+00:00,1.1642799377441406,1.1644154787063599,1.16225004196167,1.1637378931045532,925
2026-01-09 16:00:00+00:00,1.1637378931045532,1.1645511388778687,1.1631964445114136,1.1645511388778687,913
2026-01-09 17:00:00+00:00,1.1634671688079834,1.163602590560913,1.1631964445114136,1.163602590560913,702
2026-01-09 18:00:00+00:00,1.1637378931045532,1.1642799377441406,1.1634671688079834,1.1634671688079834,635
2026-01-09 19:00:00+00:00,1.163873314857483,1.1641442775726318,1.163602590560913,1.163602590560913,173
2026-01-09 20:00:00+00:00,1.163873314857483,1.1641442775726318,1.1637378931045532,1.1637378931045532,689
2026-01-09 21:00:00+00:00,1.163873314857483,1.1640088558197021,1.1633317470550537,1.1637378931045532,361
2026-01-09 22:00:00+00:00,1.163873314857483,1.163873314857483,1.163873314857483,1.163873314857483,264
2026-01-12 00:00:00+00:00,1.1667250394821167,1.1667250394821167,1.1626555919647217,1.1627906560897827,671
2026-01-12 01:00:00+00:00,1.16604483127594,1.1674060821533203,1.1659088134765625,1.1668611764907837,344
2026-01-12 02:00:00+00:00,1.1659088134765625,1.1667250394821167,1.1659088134765625,1.1659088134765625,133
2026-01-12 03:00:00+00:00,1.1659088134765625,1.1661807298660278,1.1659088134765625,1.1659088134765625,194
2026-01-12 04:00:00+00:00,1.1659088134765625,1.1661807298660278,1.1656370162963867,1.1659088134765625,291
2026-01-12 05:00:00+00:00,1.1672697067260742,1.1674060821533203,1.1659088134765625,1.1659088134765625,608
2026-01-12 06:00:00+00:00,1.1672697067260742,1.1676785945892334,1.1667250394821167,1.1672697067260742,605
2026-01-12 07:00:00+00:00,1.1689070463180542,1.1689070463180542,1.1672697067260742,1.1672697067260742,303
2026-01-12 08:00:00+00:00,1.1691803932189941,1.1694538593292236,1.1679514646530151,1.168770432472229,856
2026-01-12 09:00:00+00:00,1.1686338186264038,1.169864296913147,1.1686338186264038,1.1690436601638794,827
2026-01-12 10:00:00+00:00,1.1689070463180542,1.1689070463180542,1.1679514646530151,1.1686338186264038,922
2026-01-12 11:00:00+00:00,1.1682243347167969,1.1693171262741089,1.1679514646530151,1.1689070463180542,868
2026-01-12 12:00:00+00:00,1.1684973239898682,1.1690436601638794,1.1680878400802612,1.1682243347167969,814
2026-01-12 13:00:00+00:00,1.1695905923843384,1.1701380014419556,1.1680878400802612,1.1684973239898682,957
2026-01-12 14:00:00+00:00,1.1680878400802612,1.1695905923843384,1.1679514646530151,1.1695905923843384,395
2026-01-12 15:00:00+00:00,1.1684973239898682,1.1689070463180542,1.1676785945892334,1.1680878400802612,757
2026-01-12 16:00:00+00:00,1.1675423383712769,1.1684973239898682,1.1675423383712769,1.1684973239898682,183
2026-01-12 17:00:00+00:00,1.1674060821533203,1.1678149700164795,1.1669973134994507,1.1675423383712769,748
2026-01-12 18:00:00+00:00,1.1672697067260742,1.1674060821533203,1.1668611764907837,1.1672697067260742,537
2026-01-12 19:00:00+00:00,1.1675423383712769,1.1676785945892334,1.1671334505081177,1.1672697067260742,531
2026-01-12 20:00:00+00:00,1.1667250394821167,1.1675423383712769,1.1667250394821167,1.1675423383712769,479
2026-01-12 21:00:00+00:00,1.1669973134994507,1.1672697067260742,1.1667250394821167,1.1668611764907837,480
2026-01-12 22:00:00+00:00,1.1672697067260742,1.1674060821533203,1.1669973134994507,1.1669973134994507,554
2026-01-12 23:00:00+00:00,1.1669973134994507,1.1672697067260742,1.1668611764907837,1.1669973134994507,116
2026-01-13 00:00:00+00:00,1.1665889024734497,1.1671334505081177,1.1664528846740723,1.1671334505081177,984
2026-01-13 01:00:00+00:00,1.1661807298660278,1.1668611764907837,1.1661807298660278,1.1667250394821167,235
2026-01-13 02:00:00+00:00,1.1661807298660278,1.1664528846740723,1.16604483127594,1.1661807298660278,274
2026-01-13 03:00:00+00:00,1.1661807298660278,1.1665889024734497,1.16604483127594,1.1661807298660278,495
2026-01-13 04:00:00+00:00,1.1668611764907837,1.1668611764907837,1.1661807298660278,1.1661807298660278,927
2026-01-13 05:00:00+00:00,1.1665889024734497,1.1671334505081177,1.1665889024734497,1.1668611764907837,295
2026-01-13 06:00:00+00:00,1.1661807298660278,1.1665889024734497,1.1657729148864746,1.1665889024734497,904
2026-01-13 07:00:00+00:00,1.1668611764907837,1.1668611764907837,1.1659088134765625,1.1661807298660278,762
2026-01-13 08:00:00+00:00,1.1669973134994507,1.1671334505081177,1.1661807298660278,1.1667250394821167,772
2026-01-13 09:00:00+00:00,1.1674060821533203,1.1676785945892334,1.1667250394821167,1.1672697067260742,416
2026-01-13 10:00:00+00:00,1.1669973134994507,1.1676785945892334,1.1668611764907837,1.1675423383712769,440
2026-01-13 11:00:00+00:00,1.1671334505081177,1.1674060821533203,1.1668611764907837,1.1669973134994507,428
2026-01-13 12:00:00+00:00,1.1659088134765625,1.1672697067260742,1.1657729148864746,1.1672697067260742,760
2026-01-13 13:00:00+00:00,1.1671334505081177,1.1680878400802612,1.1653653383255005,1.1657729148864746,386
2026-01-13 14:00:00+00:00,1.1667250394821167,1.1675423383712769,1.1661807298660278,1.1671334505081177,894
2026-01-13 15:00:00+00:00,1.1653653383255005,1.1667250394821167,1.1648223400115967,1.1667250394821167,808
2026-01-13 16:00:00+00:00,1.164958119392395,1.1656370162963867,1.163873314857483,1.1655012369155884,984
2026-01-13 17:00:00+00:00,1.1648223400115967,1.1652295589447021,1.1645511388778687,1.164958119392395,476
2026-01-13 18:00:00+00:00,1.1657729148864746,1.1657729148864746,1.1645511388778687,1.1650937795639038,706
2026-01-13 19:00:00+00:00,1.1653653383255005,1.1656370162963867,1.164958119392395,1.1656370162963867,998
2026-01-13 20:00:00+00:00,1.164958119392395,1.1653653383255005,1.1648223400115967,1.1652295589447021,735
2026-01-13 21:00:00+00:00,1.1645511388778687,1.164958119392395,1.1645511388778687,1.1648223400115967,576
2026-01-13 22:00:00+00:00,1.1645511388778687,1.164958119392395,1.1644154787063599,1.1648223400115967,512
2026-01-13 23:00:00+00:00,1.1645511388778687,1.164958119392395,1.1645511388778687,1.164686679840088,462
2026-01-14 00:00:00+00:00,1.164686679840088,1.164686679840088,1.1641442775726318,1.1645511388778687,695
2026-01-14 01:00:00+00:00,1.1641442775726318,1.164686679840088,1.1640088558197021,1.164686679840088,353
2026-01-14 02:00:00+00:00,1.1648223400115967,1.1648223400115967,1.1640088558197021,1.1641442775726318,535
2026-01-14 03:00:00+00:00,1.1650937795639038,1.1652295589447021,1.1648223400115967,1.1648223400115967,223
2026-01-14 04:00:00+00:00,1.164686679840088,1.1652295589447021,1.164686679840088,1.164958119392395,232
2026-01-14 05:00:00+00:00,1.1645511388778687,1.164958119392395,1.1645511388778687,1.164686679840088,115
2026-01-14 06:00:00+00:00,1.1652295589447021,1.1652295589447021,1.1645511388778687,1.1645511388778687,589
2026-01-14 07:00:00+00:00,1.164958119392395,1.1655012369155884,1.1648223400115967,1.1652295589447021,516
2026-01-14 08:00:00+00:00,1.164958119392395,1.1653653383255005,1.1645511388778687,1.164958119392395,893
2026-01-14 09:00:00+00:00,1.1656370162963867,1.1656370162963867,1.164958119392395,1.1650937795639038,593
2026-01-14 10:00:00+00:00,1.1659088134765625,1.1661807298660278,1.1650937795639038,1.1655012369155884,988
2026-01-14 11:00:00+00:00,1.164958119392395,1.1657729148864746,1.1648223400115967,1.1657729148864746,200
2026-01-14 12:00:00+00:00,1.1663167476654053,1.1663167476654053,1.1648223400115967,1.1650937795639038,155
2026-01-14 13:00:00+00:00,1.1653653383255005,1.1663167476654053,1.164958119392395,1.1663167476654053,653
2026-01-14 14:00:00+00:00,1.1659088134765625,1.1663167476654053,1.1653653383255005,1.1653653383255005,600
2026-01-14 15:00:00+00:00,1.1663167476654053,1.1663167476654053,1.1653653383255005,1.1657729148864746,865
2026-01-14 16:00:00+00:00,1.1659088134765625,1.1664528846740723,1.1656370162963867,1.1663167476654053,861
2026-01-14 17:00:00+00:00,1.164958119392395,1.1659088134765625,1.164958119392395,1.1657729148864746,868
2026-01-14 18:00:00+00:00,1.1644154787063599,1.1650937795639038,1.1642799377441406,1.164958119392395,241
2026-01-14 19:00:00+00:00,1.1641442775726318,1.1642799377441406,1.163873314857483,1.1641442775726318,629
2026-01-14 20:00:00+00:00,1.1645511388778687,1.1650937795639038,1.1640088558197021,1.1640088558197021,444
2026-01-14 21:00:00+00:00,1.1648223400115967,1.164958119392395,1.1645511388778687,1.164686679840088,188
2026-01-14 22:00:00+00:00,1.164958119392395,1.1652295589447021,1.164686679840088,1.1650937795639038,475
2026-01-14 23:00:00+00:00,1.164958119392395,1.1652295589447021,1.164686679840088,1.1652295589447021,657
2026-01-15 00:00:00+00:00,1.1640088558197021,1.164958119392395,1.163873314857483,1.1648223400115967,144
2026-01-15 01:00:00+00:00,1.1642799377441406,1.1645511388778687,1.1637378931045532,1.1641442775726318,451
2026-01-15 02:00:00+00:00,1.1644154787063599,1.1644154787063599,1.1640088558197021,1.1641442775726318,324
2026-01-15 03:00:00+00:00,1.1642799377441406,1.1644154787063599,1.1640088558197021,1.1644154787063599,302
2026-01-15 04:00:00+00:00,1.163873314857483,1.1642799377441406,1.1637378931045532,1.1642799377441406,854
2026-01-15 05:00:00+00:00,1.163873314857483,1.1641442775726318,1.1637378931045532,1.1637378931045532,875
2026-01-15 06:00:00+00:00,1.1637378931045532,1.1641442775726318,1.1633317470550537,1.163873314857483,647
2026-01-15 07:00:00+00:00,1.1631964445114136,1.163873314857483,1.163061261177063,1.1637378931045532,755
2026-01-15 08:00:00+00:00,1.1634671688079834,1.163873314857483,1.163061261177063,1.1631964445114136,894
2026-01-15 09:00:00+00:00,1.1640088558197021,1.1642799377441406,1.1634671688079834,1.1634671688079834,440
2026-01-15 10:00:00+00:00,1.1640088558197021,1.1644154787063599,1.1637378931045532,1.1640088558197021,193
2026-01-15 11:00:00+00:00,1.1634671688079834,1.1641442775726318,1.1634671688079834,1.1640088558197021,471
2026-01-15 12:00:00+00:00,1.162520408630371,1.163873314857483,1.162520408630371,1.1634671688079834,303
2026-01-15 13:00:00+00:00,1.1602274179458618,1.1627906560897827,1.1602274179458618,1.1626555919647217,556
2026-01-15 14:00:00+00:00,1.1603620052337646,1.16130530834198,1.15968918800354,1.160496711730957,711
2026-01-15 15:00:00+00:00,1.160496711730957,1.161170482635498,1.160092830657959,1.160496711730957,786
2026-01-15 16:00:00+00:00,1.1609008312225342,1.161440134048462,1.1602274179458618,1.1606314182281494,577
2026-01-15 17:00:00+00:00,1.1610356569290161,1.1617100238800049,1.1607661247253418,1.1607661247253418,427
2026-01-15 18:00:00+00:00,1.1617100238800049,1.1618449687957764,1.16130530834198,1.16130530834198,711
2026-01-15 19:00:00+00:00,1.1617100238800049,1.1621150970458984,1.1615750789642334,1.1618449687957764,755
2026-01-15 20:00:00+00:00,1.1607661247253418,1.1618449687957764,1.1606314182281494,1.1617100238800049,737
2026-01-15 21:00:00+00:00,1.161440134048462,1.161440134048462,1.1606314182281494,1.1607661247253418,861
2026-01-15 22:00:00+00:00,1.1610356569290161,1.161440134048462,1.1610356569290161,1.161170482635498,143
2026-01-15 23:00:00+00:00,1.16130530834198,1.16130530834198,1.1609008312225342,1.1609008312225342,156
2026-01-16 00:00:00+00:00,1.1607661247253418,1.16130530834198,1.1606314182281494,1.16130530834198,112
2026-01-16 01:00:00+00:00,1.1610356569290161,1.161170482635498,1.1606314182281494,1.1607661247253418,534
2026-01-16 02:00:00+00:00,1.161170482635498,1.1617100238800049,1.1610356569290161,1.1610356569290161,134
2026-01-16 03:00:00+00:00,1.1615750789642334,1.1615750789642334,1.1610356569290161,1.16130530834198,630
2026-01-16 04:00:00+00:00,1.161440134048462,1.1617100238800049,1.161440134048462,1.1615750789642334,261
2026-01-16 05:00:00+00:00,1.1610356569290161,1.161440134048462,1.1609008312225342,1.161440134048462,344
2026-01-16 06:00:00+00:00,1.16130530834198,1.16130530834198,1.1607661247253418,1.1610356569290161,445
2026-01-16 07:00:00+00:00,1.1615750789642334,1.1617100238800049,1.161170482635498,1.161170482635498,421
2026-01-16 08:00:00+00:00,1.16130530834198,1.1617100238800049,1.161170482635498,1.1615750789642334,797
2026-01-16 09:00:00+00:00,1.161170482635498,1.1618449687957764,1.161170482635498,1.16130530834198,259
2026-01-16 10:00:00+00:00,1.1618449687957764,1.16225004196167,1.161170482635498,1.161170482635498,174
2026-01-16 11:00:00+00:00,1.16225004196167,1.1626555919647217,1.1617100238800049,1.1617100238800049,308
2026-01-16 12:00:00+00:00,1.16225004196167,1.162520408630371,1.1617100238800049,1.16225004196167,468
2026-01-16 13:00:00+00:00,1.16225004196167,1.1623852252960205,1.161440134048462,1.16225004196167,435
2026-01-16 14:00:00+00:00,1.1619800329208374,1.1623852252960205,1.1617100238800049,1.16225004196167,365
2026-01-16 15:00:00+00:00,1.15968918800354,1.1629259586334229,1.1590172052383423,1.1621150970458984,994
2026-01-16 16:00:00+00:00,1.160092830657959,1.1609008312225342,1.1598236560821533,1.1598236560821533,877
2026-01-16 17:00:00+00:00,1.1599582433700562,1.1606314182281494,1.1598236560821533,1.1602274179458618,758
2026-01-16 18:00:00+00:00,1.1599582433700562,1.1602274179458618,1.1592857837677002,1.1598236560821533,482
2026-01-16 19:00:00+00:00,1.1599582433700562,1.160092830657959,1.1595547199249268,1.1598236560821533,578
2026-01-16 20:00:00+00:00,1.1603620052337646,1.1606314182281494,1.1599582433700562,1.1599582433700562,203
2026-01-16 21:00:00+00:00,1.1602274179458618,1.1606314182281494,1.160092830657959,1.1602274179458618,675
2026-01-16 22:00:00+00:00,1.1603620052337646,1.1603620052337646,1.1603620052337646,1.1603620052337646,743
2026-01-19 00:00:00+00:00,1.163602590560913,1.1641442775726318,1.161170482635498,1.1627906560897827,439
2026-01-19 01:00:00+00:00,1.162520408630371,1.163602590560913,1.162520408630371,1.1634671688079834,140
2026-01-19 02:00:00+00:00,1.1621150970458984,1.1626555919647217,1.1619800329208374,1.162520408630371,848
2026-01-19 03:00:00+00:00,1.1627906560897827,1.1629259586334229,1.1619800329208374,1.16225004196167,152
2026-01-19 04:00:00+00:00,1.163602590560913,1.163602590560913,1.1629259586334229,1.1629259586334229,243
2026-01-19 05:00:00+00:00,1.163061261177063,1.1640088558197021,1.163061261177063,1.1637378931045532,731
2026-01-19 06:00:00+00:00,1.1631964445114136,1.1634671688079834,1.1629259586334229,1.1631964445114136,318
2026-01-19 07:00:00+00:00,1.1629259586334229,1.1644154787063599,1.1626555919647217,1.163061261177063,143
2026-01-19 08:00:00+00:00,1.1627906560897827,1.1631964445114136,1.16225004196167,1.163061261177063,609
2026-01-19 09:00:00+00:00,1.1626555919647217,1.1633317470550537,1.161440134048462,1.1627906560897827,625
2026-01-19 10:00:00+00:00,1.1629259586334229,1.1631964445114136,1.162520408630371,1.1627906560897827,692
2026-01-19 11:00:00+00:00,1.1631964445114136,1.1631964445114136,1.1623852252960205,1.1627906560897827,253
2026-01-19 12:00:00+00:00,1.1629259586334229,1.163602590560913,1.1629259586334229,1.163061261177063,746
2026-01-19 13:00:00+00:00,1.1634671688079834,1.163873314857483,1.163061261177063,1.163061261177063,146
2026-01-19 14:00:00+00:00,1.1644154787063599,1.1645511388778687,1.1633317470550537,1.1634671688079834,935
2026-01-19 15:00:00+00:00,1.1642799377441406,1.164686679840088,1.163602590560913,1.1642799377441406,220
2026-01-19 16:00:00+00:00,1.1645511388778687,1.1650937795639038,1.1641442775726318,1.1642799377441406,560
2026-01-19 17:00:00+00:00,1.164958119392395,1.164958119392395,1.1644154787063599,1.1645511388778687,113
2026-01-19 18:00:00+00:00,1.164686679840088,1.1652295589447021,1.164686679840088,1.164958119392395,629
2026-01-19 19:00:00+00:00,1.164686679840088,1.1650937795639038,1.1645511388778687,1.164686679840088,161
2026-01-19 20:00:00+00:00,1.1648223400115967,1.1648223400115967,1.1645511388778687,1.164686679840088,887
2026-01-19 21:00:00+00:00,1.164958119392395,1.164958119392395,1.164686679840088,1.1648223400115967,332
2026-01-19 22:00:00+00:00,1.164686679840088,1.1656370162963867,1.1642799377441406,1.1656370162963867,700
2026-01-19 23:00:00+00:00,1.1642799377441406,1.164958119392395,1.1642799377441406,1.164958119392395,681
2026-01-20 00:00:00+00:00,1.1644154787063599,1.1644154787063599,1.163602590560913,1.1642799377441406,523
2026-01-20 01:00:00+00:00,1.164686679840088,1.164686679840088,1.1642799377441406,1.1644154787063599,151
2026-01-20 02:00:00+00:00,1.1648223400115967,1.164958119392395,1.1644154787063599,1.1648223400115967,726
2026-01-20 03:00:00+00:00,1.16604483127594,1.1661807298660278,1.164686679840088,1.1648223400115967,578
2026-01-20 04:00:00+00:00,1.1668611764907837,1.1669973134994507,1.1659088134765625,1.1659088134765625,660
2026-01-20 05:00:00+00:00,1.1667250394821167,1.1675423383712769,1.1667250394821167,1.1669973134994507,406
2026-01-20 06:00:00+00:00,1.1672697067260742,1.1672697067260742,1.1665889024734497,1.1665889024734497,623
2026-01-20 07:00:00+00:00,1.1693171262741089,1.1697274446487427,1.1667250394821167,1.1671334505081177,162
2026-01-20 08:00:00+00:00,1.17205810546875,1.1724703311920166,1.1691803932189941,1.1691803932189941,784
2026-01-20 09:00:00+00:00,1.1728830337524414,1.1735711097717285,1.17205810546875,1.172195553779602,780
2026-01-20 10:00:00+00:00,1.173433542251587,1.173433542251587,1.1719207763671875,1.1731581687927246,971
2026-01-20 11:00:00+00:00,1.1737089157104492,1.1742602586746216,1.1726078987121582,1.173433542251587,337
2026-01-20 12:00:00+00:00,1.1730204820632935,1.1746740341186523,1.1730204820632935,1.17384672164917,726
2026-01-20 13:00:00+00:00,1.17384672164917,1.177024483680725,1.172333002090454,1.1731581687927246,805
2026-01-20 14:00:00+00:00,1.172195553779602,1.17384672164917,1.17205810546875,1.1737089157104492,909
2026-01-20 15:00:00+00:00,1.1731581687927246,1.1739845275878906,1.17205810546875,1.17205810546875,238
2026-01-20 16:00:00+00:00,1.1742602586746216,1.1742602586746216,1.1731581687927246,1.1731581687927246,820
2026-01-20 17:00:00+00:00,1.1735711097717285,1.1745359897613525,1.173433542251587,1.1741223335266113,860
2026-01-20 18:00:00+00:00,1.1730204820632935,1.1737089157104492,1.1730204820632935,1.173433542251587,607
2026-01-20 19:00:00+00:00,1.1715089082717896,1.1731581687927246,1.1715089082717896,1.1731581687927246,143
2026-01-20 20:00:00+00:00,1.172195553779602,1.172333002090454,1.1715089082717896,1.1715089082717896,203
2026-01-20 21:00:00+00:00,1.1730204820632935,1.1730204820632935,1.172195553779602,1.172195553779602,211
2026-01-20 22:00:00+00:00,1.172333002090454,1.1732958555221558,1.171783447265625,1.172333002090454,887
2026-01-20 23:00:00+00:00,1.1731581687927246,1.1731581687927246,1.1724703311920166,1.1727453470230103,683
2026-01-21 00:00:00+00:00,1.1726078987121582,1.1728830337524414,1.17205810546875,1.1727453470230103,588
2026-01-21 01:00:00+00:00,1.1731581687927246,1.1737089157104492,1.1727453470230103,1.1727453470230103,663
2026-01-21 02:00:00+00:00,1.1728830337524414,1.173433542251587,1.1727453470230103,1.1731581687927246,386
2026-01-21 03:00:00+00:00,1.172195553779602,1.1731581687927246,1.1715089082717896,1.1731581687927246,349
2026-01-21 04:00:00+00:00,1.172195553779602,1.1724703311920166,1.171783447265625,1.172195553779602,251
2026-01-21 05:00:00+00:00,1.17205810546875,1.1724703311920166,1.1719207763671875,1.172195553779602,657
2026-01-21 06:00:00+00:00,1.1727453470230103,1.1728830337524414,1.1719207763671875,1.1719207763671875,239
2026-01-21 07:00:00+00:00,1.17205810546875,1.1728830337524414,1.1715089082717896,1.1724703311920166,439
2026-01-21 08:00:00+00:00,1.1713716983795166,1.172195553779602,1.1709601879119873,1.172195553779602,670
2026-01-21 09:00:00+00:00,1.1706860065460205,1.1716461181640625,1.170548915863037,1.1712344884872437,946
2026-01-21 10:00:00+00:00,1.1709601879119873,1.1712344884872437,1.1704120635986328,1.1706860065460205,784
2026-01-21 11:00:00+00:00,1.1716461181640625,1.172333002090454,1.170823097229004,1.1709601879119873,988
2026-01-21 12:00:00+00:00,1.17384672164917,1.1739845275878906,1.1716461181640625,1.1716461181640625,868
2026-01-21 13:00:00+00:00,1.1741223335266113,1.1745359897613525,1.1732958555221558,1.1737089157104492,112
2026-01-21 14:00:00+00:00,1.1728830337524414,1.1743981838226318,1.17205810546875,1.1743981838226318,868
2026-01-21 15:00:00+00:00,1.170548915863037,1.1731581687927246,1.1704120635986328,1.1727453470230103,359
2026-01-21 16:00:00+00:00,1.1706860065460205,1.1713716983795166,1.169864296913147,1.170548915863037,428
2026-01-21 17:00:00+00:00,1.1706860065460205,1.1715089082717896,1.1701380014419556,1.1706860065460205,562
2026-01-21 18:00:00+00:00,1.1700011491775513,1.170548915863037,1.169864296913147,1.170548915863037,287
2026-01-21 19:00:00+00:00,1.1691803932189941,1.170823097229004,1.1682243347167969,1.169864296913147,974
2026-01-21 20:00:00+00:00,1.1691803932189941,1.1693171262741089,1.1680878400802612,1.1693171262741089,303
2026-01-21 21:00:00+00:00,1.1689070463180542,1.1693171262741089,1.168770432472229,1.1690436601638794,368
2026-01-21 22:00:00+00:00,1.168770432472229,1.1694538593292236,1.1686338186264038,1.1689070463180542,498
2026-01-21 23:00:00+00:00,1.1675423383712769,1.1689070463180542,1.1675423383712769,1.168770432472229,710
2026-01-22 00:00:00+00:00,1.1690436601638794,1.1693171262741089,1.1676785945892334,1.1676785945892334,343
2026-01-22 01:00:00+00:00,1.1693171262741089,1.1693171262741089,1.1686338186264038,1.1690436601638794,665
2026-01-22 02:00:00+00:00,1.1689070463180542,1.1697274446487427,1.168770432472229,1.1691803932189941,249
2026-01-22 03:00:00+00:00,1.1693171262741089,1.1693171262741089,1.1689070463180542,1.1690436601638794,522
2026-01-22 04:00:00+00:00,1.1694538593292236,1.1700011491775513,1.1693171262741089,1.1693171262741089,971
2026-01-22 05:00:00+00:00,1.1691803932189941,1.1694538593292236,1.168770432472229,1.1694538593292236,142
2026-01-22 06:00:00+00:00,1.1691803932189941,1.1694538593292236,1.168770432472229,1.1691803932189941,221
2026-01-22 07:00:00+00:00,1.1694538593292236,1.169864296913147,1.1689070463180542,1.1690436601638794,588
2026-01-22 08:00:00+00:00,1.1693171262741089,1.169864296913147,1.168770432472229,1.1693171262741089,689
2026-01-22 09:00:00+00:00,1.1694538593292236,1.1700011491775513,1.1691803932189941,1.1691803932189941,323
2026-01-22 10:00:00+00:00,1.1697274446487427,1.169864296913147,1.1690436601638794,1.1697274446487427,270
2026-01-22 11:00:00+00:00,1.1706860065460205,1.170823097229004,1.1694538593292236,1.1697274446487427,144
2026-01-22 12:00:00+00:00,1.170823097229004,1.1712344884872437,1.1704120635986328,1.170548915863037,418
2026-01-22 13:00:00+00:00,1.1716461181640625,1.172195553779602,1.1706860065460205,1.1706860065460205,302
2026-01-22 14:00:00+00:00,1.172333002090454,1.1728830337524414,1.1715089082717896,1.171783447265625,958
2026-01-22 15:00:00+00:00,1.1737089157104492,1.1737089157104492,1.172333002090454,1.1724703311920166,491
2026-01-22 16:00:00+00:00,1.1742602586746216,1.175364375114441,1.1737089157104492,1.1737089157104492,844
2026-01-22 17:00:00+00:00,1.1750881671905518,1.1750881671905518,1.1737089157104492,1.1742602586746216,256
2026-01-22 18:00:00+00:00,1.1750881671905518,1.1752262115478516,1.1746740341186523,1.1748120784759521,617
2026-01-22 19:00:00+00:00,1.1748120784759521,1.1750881671905518,1.1745359897613525,1.1750881671905518,871
2026-01-22 20:00:00+00:00,1.1750881671905518,1.1755025386810303,1.1745359897613525,1.1746740341186523,121
2026-01-22 21:00:00+00:00,1.1756407022476196,1.1760554313659668,1.1750881671905518,1.1752262115478516,166
2026-01-22 22:00:00+00:00,1.1759172677993774,1.1761938333511353,1.1748120784759521,1.1752262115478516,683
2026-01-22 23:00:00+00:00,1.1757789850234985,1.1764705181121826,1.1756407022476196,1.1760554313659668,765
2026-01-23 00:00:00+00:00,1.1752262115478516,1.1756407022476196,1.1752262115478516,1.1756407022476196,555
2026-01-23 01:00:00+00:00,1.1752262115478516,1.1756407022476196,1.1750881671905518,1.1750881671905518,825
2026-01-23 02:00:00+00:00,1.1749500036239624,1.175364375114441,1.1748120784759521,1.175364375114441,362
2026-01-23 03:00:00+00:00,1.1746740341186523,1.1752262115478516,1.1746740341186523,1.1749500036239624,341
2026-01-23 04:00:00+00:00,1.175364375114441,1.175364375114441,1.1746740341186523,1.1748120784759521,158
2026-01-23 05:00:00+00:00,1.175364375114441,1.1756407022476196,1.175364375114441,1.1755025386810303,808
2026-01-23 06:00:00+00:00,1.1745359897613525,1.1757789850234985,1.1745359897613525,1.175364375114441,399
2026-01-23 07:00:00+00:00,1.1739845275878906,1.1748120784759521,1.1739845275878906,1.1746740341186523,794
2026-01-23 08:00:00+00:00,1.1743981838226318,1.1748120784759521,1.1731581687927246,1.1742602586746216,458
2026-01-23 09:00:00+00:00,1.17384672164917,1.1748120784759521,1.17384672164917,1.1743981838226318,483
2026-01-23 10:00:00+00:00,1.1737089157104492,1.17384672164917,1.173433542251587,1.17384672164917,363
2026-01-23 11:00:00+00:00,1.1741223335266113,1.1743981838226318,1.173433542251587,1.17384672164917,100
2026-01-23 12:00:00+00:00,1.1745359897613525,1.1748120784759521,1.1741223335266113,1.1741223335266113,829
2026-01-23 13:00:00+00:00,1.1737089157104492,1.1750881671905518,1.1737089157104492,1.1746740341186523,552
2026-01-23 14:00:00+00:00,1.1749500036239624,1.1750881671905518,1.1735711097717285,1.17384672164917,924
2026-01-23 15:00:00+00:00,1.1761938333511353,1.1763322353363037,1.1749500036239624,1.1750881671905518,943
2026-01-23 16:00:00+00:00,1.1774401664733887,1.1777175664901733,1.1750881671905518,1.1760554313659668,866
2026-01-23 17:00:00+00:00,1.1798018217086792,1.1800801753997803,1.1774401664733887,1.1774401664733887,864
2026-01-23 18:00:00+00:00,1.1795234680175781,1.1796625852584839,1.1781338453292847,1.1795234680175781,191
2026-01-23 19:00:00+00:00,1.1816140413284302,1.1817537546157837,1.1795234680175781,1.1795234680175781,349
2026-01-23 20:00:00+00:00,1.1825922727584839,1.1828720569610596,1.1814744472503662,1.1816140413284302,952
2026-01-23 21:00:00+00:00,1.1832919120788574,1.1835720539093018,1.1824523210525513,1.1824523210525513,908
2026-01-23 22:00:00+00:00,1.1823126077651978,1.1823126077651978,1.1823126077651978,1.1823126077651978,350
2026-01-26 00:00:00+00:00,1.186521053314209,1.186661958694458,1.1848341226577759,1.1856770515441895,913
2026-01-26 01:00:00+00:00,1.1860989332199097,1.1872254610061646,1.1858175992965698,1.186661958694458,526
2026-01-26 02:00:00+00:00,1.1870845556259155,1.187930703163147,1.1859582662582397,1.1859582662582397,774
2026-01-26 03:00:00+00:00,1.186521053314209,1.1869436502456665,1.1862396001815796,1.1869436502456665,303
2026-01-26 04:00:00+00:00,1.1862396001815796,1.1870845556259155,1.1859582662582397,1.186380386352539,443
2026-01-26 05:00:00+00:00,1.1868027448654175,1.1872254610061646,1.1862396001815796,1.186380386352539,476
2026-01-26 06:00:00+00:00,1.1855363845825195,1.1868027448654175,1.1855363845825195,1.1868027448654175,896
2026-01-26 07:00:00+00:00,1.1842728853225708,1.186661958694458,1.1842728853225708,1.1855363845825195,819
2026-01-26 08:00:00+00:00,1.1856770515441895,1.1862396001815796,1.1842728853225708,1.1846938133239746,396
2026-01-26 09:00:00+00:00,1.1868027448654175,1.1870845556259155,1.1845533847808838,1.1855363845825195,310
2026-01-26 10:00:00+00:00,1.186380386352539,1.1868027448654175,1.1856770515441895,1.1868027448654175,797
2026-01-26 11:00:00+00:00,1.1859582662582397,1.186380386352539,1.1852554082870483,1.186380386352539,457
2026-01-26 12:00:00+00:00,1.1845533847808838,1.1859582662582397,1.184413194656372,1.1858175992965698,146
2026-01-26 13:00:00+00:00,1.1859582662582397,1.1859582662582397,1.1839923858642578,1.1845533847808838,117
2026-01-26 14:00:00+00:00,1.1883541345596313,1.1883541345596313,1.1856770515441895,1.1859582662582397,527
2026-01-26 15:00:00+00:00,1.18990957736969,1.18990957736969,1.1875073909759521,1.1882128715515137,603
2026-01-26 16:00:00+00:00,1.1889193058013916,1.1906179189682007,1.1883541345596313,1.1900511980056763,281
2026-01-26 17:00:00+00:00,1.1882128715515137,1.18948495388031,1.187930703163147,1.1889193058013916,618
2026-01-26 18:00:00+00:00,1.1883541345596313,1.1893434524536133,1.1882128715515137,1.1882128715515137,600
2026-01-26 19:00:00+00:00,1.1882128715515137,1.1884952783584595,1.1873664855957031,1.1882128715515137,315
2026-01-26 20:00:00+00:00,1.1886366605758667,1.1887779235839844,1.1880717277526855,1.1886366605758667,403
2026-01-26 21:00:00+00:00,1.1883541345596313,1.1889193058013916,1.1877895593643188,1.1886366605758667,783
2026-01-26 22:00:00+00:00,1.1883541345596313,1.1886366605758667,1.1876484155654907,1.1876484155654907,769
2026-01-26 23:00:00+00:00,1.1877895593643188,1.1884952783584595,1.1876484155654907,1.1884952783584595,664
2026-01-27 00:00:00+00:00,1.1880717277526855,1.1886366605758667,1.1877895593643188,1.1877895593643188,434
2026-01-27 01:00:00+00:00,1.1882128715515137,1.1884952783584595,1.1877895593643188,1.1882128715515137,107
2026-01-27 02:00:00+00:00,1.1897679567337036,1.190334439277649,1.187930703163147,1.1882128715515137,850
2026-01-27 03:00:00+00:00,1.1883541345596313,1.1896264553070068,1.1883541345596313,1.1896264553070068,302
2026-01-27 04:00:00+00:00,1.1876484155654907,1.1884952783584595,1.1873664855957031,1.1883541345596313,627
2026-01-27 05:00:00+00:00,1.1880717277526855,1.1882128715515137,1.1876484155654907,1.1876484155654907,120
2026-01-27 06:00:00+00:00,1.1875073909759521,1.1884952783584595,1.1875073909759521,1.187930703163147,454
2026-01-27 07:00:00+00:00,1.1868027448654175,1.187930703163147,1.186521053314209,1.1876484155654907,983
2026-01-27 08:00:00+00:00,1.186380386352539,1.1869436502456665,1.1855363845825195,1.1869436502456665,612
2026-01-27 09:00:00+00:00,1.189202070236206,1.189202070236206,1.1862396001815796,1.1862396001815796,184
2026-01-27 10:00:00+00:00,1.189202070236206,1.1893434524536133,1.1877895593643188,1.1890605688095093,971
2026-01-27 11:00:00+00:00,1.1900511980056763,1.1900511980056763,1.1889193058013916,1.189202070236206,603
2026-01-27 12:00:00+00:00,1.193174958229065,1.1934598684310913,1.1897679567337036,1.18990957736969,955
2026-01-27 13:00:00+00:00,1.1927480697631836,1.1941723823547363,1.1918951272964478,1.193602204322815,886
2026-01-27 14:00:00+00:00,1.1947431564331055,1.1957430839538574,1.1923214197158813,1.1927480697631836,986
2026-01-27 15:00:00+00:00,1.1953144073486328,1.1974613666534424,1.1951714754104614,1.1953144073486328,803
2026-01-27 16:00:00+00:00,1.1983222961425781,1.1993283033370972,1.1956002712249756,1.1956002712249756,951
2026-01-27 17:00:00+00:00,1.1983222961425781,1.1986095905303955,1.1963152885437012,1.198178768157959,707
2026-01-27 18:00:00+00:00,1.1983222961425781,1.1990407705307007,1.197604775428772,1.1984659433364868,777
2026-01-27 19:00:00+00:00,1.1980352401733398,1.1983222961425781,1.197604775428772,1.1980352401733398,341
2026-01-27 20:00:00+00:00,1.203659176826477,1.2084592580795288,1.1978917121887207,1.1978917121887207,996
2026-01-27 21:00:00+00:00,1.2043839693069458,1.2052549123764038,1.2027904987335205,1.2035142183303833,891
2026-01-27 22:00:00+00:00,1.2046741247177124,1.2054002285003662,1.2023565769195557,1.2054002285003662,839
2026-01-27 23:00:00+00:00,1.2022120952606201,1.204529047012329,1.2020676136016846,1.204529047012329,729
2026-01-28 00:00:00+00:00,1.2019230127334595,1.2026457786560059,1.201345443725586,1.2023565769195557,463
2026-01-28 01:00:00+00:00,1.1997599601745605,1.2016342878341675,1.1997599601745605,1.201489806175232,829
2026-01-28 02:00:00+00:00,1.2000479698181152,1.2003360986709595,1.199184536933899,1.2000479698181152,803
2026-01-28 03:00:00+00:00,1.2000479698181152,1.2007685899734497,1.199903964996338,1.2000479698181152,237
2026-01-28 04:00:00+00:00,1.2004802227020264,1.2004802227020264,1.199472188949585,1.2000479698181152,997
2026-01-28 05:00:00+00:00,1.2000479698181152,1.2003360986709595,1.1980352401733398,1.2003360986709595,883
2026-01-28 06:00:00+00:00,1.199903964996338,1.2009127140045166,1.1996161937713623,1.2000479698181152,898
2026-01-28 07:00:00+00:00,1.199472188949585,1.2029350996017456,1.1988970041275024,1.199903964996338,749
2026-01-28 08:00:00+00:00,1.1983222961425781,1.2006243467330933,1.1974613666534424,1.1993283033370972,905
2026-01-28 09:00:00+00:00,1.199184536933899,1.1996161937713623,1.1980352401733398,1.1988970041275024,623
2026-01-28 10:00:00+00:00,1.1993283033370972,1.1996161937713623,1.1977481842041016,1.199184536933899,216
2026-01-28 11:00:00+00:00,1.1971746683120728,1.1990407705307007,1.1966016292572021,1.1990407705307007,586
2026-01-28 12:00:00+00:00,1.1983222961425781,1.1986095905303955,1.1970313787460327,1.1973179578781128,945
2026-01-28 13:00:00+00:00,1.1960291862487793,1.1983222961425781,1.1957430839538574,1.198178768157959,835
2026-01-28 14:00:00+00:00,1.1966016292572021,1.1980352401733398,1.1957430839538574,1.1960291862487793,375
2026-01-28 15:00:00+00:00,1.1946003437042236,1.1973179578781128,1.193602204322815,1.1966016292572021,746
2026-01-28 16:00:00+00:00,1.1943150758743286,1.1954572200775146,1.1926058530807495,1.1950286626815796,283
2026-01-28 17:00:00+00:00,1.194457769393921,1.1946003437042236,1.1933174133300781,1.194457769393921,468
2026-01-28 18:00:00+00:00,1.1926058530807495,1.1946003437042236,1.1918951272964478,1.194457769393921,845
2026-01-28 19:00:00+00:00,1.194457769393921,1.194457769393921,1.1906179189682007,1.1937447786331177,481
2026-01-28 20:00:00+00:00,1.1948858499526978,1.1953144073486328,1.1933174133300781,1.1947431564331055,348
2026-01-28 21:00:00+00:00,1.1958861351013184,1.1958861351013184,1.1946003437042236,1.1948858499526978,431
2026-01-28 22:00:00+00:00,1.1960291862487793,1.1963152885437012,1.1951714754104614,1.1958861351013184,453
2026-01-28 23:00:00+00:00,1.1980352401733398,1.1980352401733398,1.1956002712249756,1.1958861351013184,124
2026-01-29 00:00:00+00:00,1.1977481842041016,1.1987532377243042,1.1973179578781128,1.198178768157959,182
2026-01-29 01:00:00+00:00,1.1964584589004517,1.1974613666534424,1.1961722373962402,1.1974613666534424,467
2026-01-29 02:00:00+00:00,1.197604775428772,1.1978917121887207,1.1958861351013184,1.1963152885437012,617
2026-01-29 03:00:00+00:00,1.1990407705307007,1.1990407705307007,1.1974613666534424,1.1974613666534424,402
2026-01-29 04:00:00+00:00,1.1993283033370972,1.1993283033370972,1.1980352401733398,1.199184536933899,533
2026-01-29 05:00:00+00:00,1.1984659433364868,1.1996161937713623,1.1984659433364868,1.199472188949585,326
2026-01-29 06:00:00+00:00,1.1988970041275024,1.1993283033370972,1.1980352401733398,1.1984659433364868,587
2026-01-29 07:00:00+00:00,1.1977481842041016,1.1997599601745605,1.1971746683120728,1.1990407705307007,138
2026-01-29 08:00:00+00:00,1.1970313787460327,1.1988970041275024,1.1966016292572021,1.198178768157959,904
2026-01-29 09:00:00+00:00,1.1958861351013184,1.197604775428772,1.1956002712249756,1.1971746683120728,968
2026-01-29 10:00:00+00:00,1.1946003437042236,1.1960291862487793,1.1943150758743286,1.1960291862487793,343
2026-01-29 11:00:00+00:00,1.1951714754104614,1.1956002712249756,1.1943150758743286,1.1946003437042236,279
2026-01-29 12:00:00+00:00,1.1964584589004517,1.1964584589004517,1.1946003437042236,1.1950286626815796,550
2026-01-29 13:00:00+00:00,1.1958861351013184,1.1971746683120728,1.1947431564331055,1.1966016292572021,571
2026-01-29 14:00:00+00:00,1.1971746683120728,1.1973179578781128,1.1956002712249756,1.1961722373962402,583
2026-01-29 15:00:00+00:00,1.1933174133300781,1.1970313787460327,1.1911852359771729,1.1970313787460327,438
2026-01-29 16:00:00+00:00,1.1946003437042236,1.1954572200775146,1.193174958229065,1.1934598684310913,978
2026-01-29 17:00:00+00:00,1.1958861351013184,1.1964584589004517,1.1947431564331055,1.1948858499526978,252
2026-01-29 18:00:00+00:00,1.1963152885437012,1.1967447996139526,1.1953144073486328,1.1957430839538574,130
2026-01-29 19:00:00+00:00,1.1954572200775146,1.1963152885437012,1.1954572200775146,1.1958861351013184,795
2026-01-29 20:00:00+00:00,1.1967447996139526,1.1971746683120728,1.1950286626815796,1.1954572200775146,168
2026-01-29 21:00:00+00:00,1.1974613666534424,1.1974613666534424,1.1966016292572021,1.1967447996139526,980
2026-01-29 22:00:00+00:00,1.1973179578781128,1.1983222961425781,1.1957430839538574,1.198178768157959,604
2026-01-29 23:00:00+00:00,1.1968880891799927,1.1977481842041016,1.1968880891799927,1.1974613666534424,188
2026-01-30 00:00:00+00:00,1.1934598684310913,1.1977481842041016,1.1934598684310913,1.1970313787460327,133
2026-01-30 01:00:00+00:00,1.1920371055603027,1.1943150758743286,1.1918951272964478,1.1933174133300781,338
2026-01-30 02:00:00+00:00,1.1921793222427368,1.1923214197158813,1.18990957736969,1.1917530298233032,330
2026-01-30 03:00:00+00:00,1.1924636363983154,1.1926058530807495,1.1917530298233032,1.1921793222427368,107
2026-01-30 04:00:00+00:00,1.1928904056549072,1.1937447786331177,1.1923214197158813,1.1923214197158813,814
2026-01-30 05:00:00+00:00,1.1927480697631836,1.1938873529434204,1.1918951272964478,1.1928904056549072,861
2026-01-30 06:00:00+00:00,1.1921793222427368,1.193602204322815,1.1917530298233032,1.1928904056549072,833
2026-01-30 07:00:00+00:00,1.1940299272537231,1.194457769393921,1.1918951272964478,1.1921793222427368,132
2026-01-30 08:00:00+00:00,1.193602204322815,1.1946003437042236,1.1927480697631836,1.1941723823547363,446
2026-01-30 09:00:00+00:00,1.1911852359771729,1.1943150758743286,1.190334439277649,1.1943150758743286,341
2026-01-30 10:00:00+00:00,1.1924636363983154,1.1928904056549072,1.1910432577133179,1.1913270950317383,702
2026-01-30 11:00:00+00:00,1.1953144073486328,1.1953144073486328,1.1924636363983154,1.1924636363983154,232
2026-01-30 12:00:00+00:00,1.1921793222427368,1.1958861351013184,1.1918951272964478,1.1954572200775146,745
2026-01-30 13:00:00+00:00,1.1916110515594482,1.1927480697631836,1.1907596588134766,1.1924636363983154,869
2026-01-30 14:00:00+00:00,1.1910432577133179,1.1924636363983154,1.1907596588134766,1.1920371055603027,312
2026-01-30 15:00:00+00:00,1.18990957736969,1.1907596588134766,1.1889193058013916,1.1906179189682007,105
2026-01-30 16:00:00+00:00,1.1889193058013916,1.1900511980056763,1.187930703163147,1.1900511980056763,119
2026-01-30 17:00:00+00:00,1.1875073909759521,1.1889193058013916,1.1870845556259155,1.1889193058013916,390
2026-01-30 18:00:00+00:00,1.1882128715515137,1.1886366605758667,1.1859582662582397,1.1875073909759521,417
2026-01-30 19:00:00+00:00,1.1872254610061646,1.1886366605758667,1.1870845556259155,1.1884952783584595,660
2026-01-30 20:00:00+00:00,1.1856770515441895,1.1870845556259155,1.1856770515441895,1.1870845556259155,678
2026-01-30 21:00:00+00:00,1.1853959560394287,1.1859582662582397,1.1853959560394287,1.1856770515441895,105
2026-01-30 22:00:00+00:00,1.1853959560394287,1.1853959560394287,1.1853959560394287,1.1853959560394287,300
2026-02-02 00:00:00+00:00,1.1869436502456665,1.1877895593643188,1.1852554082870483,1.1852554082870483,442
2026-02-02 01:00:00+00:00,1.1875073909759521,1.1875073909759521,1.1858175992965698,1.1869436502456665,489
2026-02-02 02:00:00+00:00,1.1868027448654175,1.1877895593643188,1.1868027448654175,1.1875073909759521,593
2026-02-02 03:00:00+00:00,1.1869436502456665,1.1875073909759521,1.186661958694458,1.186661958694458,920
2026-02-02 04:00:00+00:00,1.186521053314209,1.1873664855957031,1.1862396001815796,1.1868027448654175,683
2026-02-02 05:00:00+00:00,1.1853959560394287,1.186661958694458,1.1845533847808838,1.186661958694458,858
2026-02-02 06:00:00+00:00,1.1856770515441895,1.1858175992965698,1.1848341226577759,1.1855363845825195,376
2026-02-02 07:00:00+00:00,1.1858175992965698,1.186661958694458,1.1855363845825195,1.1856770515441895,768
2026-02-02 08:00:00+00:00,1.1848341226577759,1.1868027448654175,1.1848341226577759,1.1860989332199097,139
2026-02-02 09:00:00+00:00,1.186661958694458,1.1868027448654175,1.1849744319915771,1.1855363845825195,821
2026-02-02 10:00:00+00:00,1.1869436502456665,1.1872254610061646,1.1862396001815796,1.186380386352539,109
2026-02-02 11:00:00+00:00,1.1869436502456665,1.1875073909759521,1.186521053314209,1.1869436502456665,643
2026-02-02 12:00:00+00:00,1.1852554082870483,1.1872254610061646,1.1846938133239746,1.186661958694458,358
2026-02-02 13:00:00+00:00,1.1824523210525513,1.1852554082870483,1.1823126077651978,1.1852554082870483,235
2026-02-02 14:00:00+00:00,1.1825922727584839,1.1832919120788574,1.1809163093566895,1.1824523210525513,144
2026-02-02 15:00:00+00:00,1.1796625852584839,1.1818934679031372,1.1795234680175781,1.1817537546157837,339
2026-02-02 16:00:00+00:00,1.1809163093566895,1.1810559034347534,1.1795234680175781,1.1796625852584839,478
2026-02-02 17:00:00+00:00,1.1802195310592651,1.1816140413284302,1.1798018217086792,1.1810559034347534,425
2026-02-02 18:00:00+00:00,1.1782727241516113,1.1804981231689453,1.1782727241516113,1.1804981231689453,188
2026-02-02 19:00:00+00:00,1.1793843507766724,1.1795234680175781,1.177994966506958,1.1784114837646484,562
2026-02-02 20:00:00+00:00,1.1795234680175781,1.1795234680175781,1.1784114837646484,1.1791062355041504,278
2026-02-02 21:00:00+00:00,1.1792453527450562,1.1798018217086792,1.1792453527450562,1.1796625852584839,686
2026-02-02 22:00:00+00:00,1.1793843507766724,1.1798018217086792,1.1792453527450562,1.1792453527450562,379
2026-02-02 23:00:00+00:00,1.1802195310592651,1.1802195310592651,1.1791062355041504,1.1793843507766724,991
2026-02-03 00:00:00+00:00,1.1809163093566895,1.1810559034347534,1.1802195310592651,1.1802195310592651,760
2026-02-03 01:00:00+00:00,1.1817537546157837,1.1817537546157837,1.1806375980377197,1.1810559034347534,983
2026-02-03 02:00:00+00:00,1.1804981231689453,1.1817537546157837,1.1804981231689453,1.1817537546157837,816
2026-02-03 03:00:00+00:00,1.1816140413284302,1.1816140413284302,1.1804981231689453,1.1804981231689453,501
2026-02-03 04:00:00+00:00,1.1813349723815918,1.1820330619812012,1.1813349723815918,1.1813349723815918,587
2026-02-03 05:00:00+00:00,1.1813349723815918,1.1816140413284302,1.1809163093566895,1.1813349723815918,688
2026-02-03 06:00:00+00:00,1.1817537546157837,1.1820330619812012,1.1811953783035278,1.1811953783035278,566
2026-02-03 07:00:00+00:00,1.1818934679031372,1.182732105255127,1.1813349723815918,1.1816140413284302,823
2026-02-03 08:00:00+00:00,1.1820330619812012,1.1823126077651978,1.1807769536972046,1.1818934679031372,276
2026-02-03 09:00:00+00:00,1.1796625852584839,1.1818934679031372,1.1796625852584839,1.1818934679031372,251
2026-02-03 10:00:00+00:00,1.1791062355041504,1.1802195310592651,1.1791062355041504,1.1796625852584839,394
2026-02-03 11:00:00+00:00,1.1792453527450562,1.1798018217086792,1.1786893606185913,1.1791062355041504,140
2026-02-03 12:00:00+00:00,1.179940938949585,1.1802195310592651,1.1791062355041504,1.1792453527450562,419
2026-02-03 13:00:00+00:00,1.179940938949585,1.1810559034347534,1.1798018217086792,1.1800801753997803,402
2026-02-03 14:00:00+00:00,1.1795234680175781,1.1804981231689453,1.1784114837646484,1.1798018217086792,659
2026-02-03 15:00:00+00:00,1.1817537546157837,1.1817537546157837,1.1791062355041504,1.1795234680175781,759
2026-02-03 16:00:00+00:00,1.1821727752685547,1.1824523210525513,1.1814744472503662,1.1816140413284302,574
2026-02-03 17:00:00+00:00,1.1820330619812012,1.1831519603729248,1.1817537546157837,1.1823126077651978,181
2026-02-03 18:00:00+00:00,1.1813349723815918,1.1824523210525513,1.1813349723815918,1.1820330619812012,978
2026-02-03 19:00:00+00:00,1.1817537546157837,1.1820330619812012,1.1810559034347534,1.1811953783035278,660
2026-02-03 20:00:00+00:00,1.1824523210525513,1.1824523210525513,1.1813349723815918,1.1816140413284302,649
2026-02-03 21:00:00+00:00,1.1821727752685547,1.1828720569610596,1.1821727752685547,1.1824523210525513,328
2026-02-03 22:00:00+00:00,1.1824523210525513,1.182732105255127,1.1817537546157837,1.1824523210525513,440
2026-02-03 23:00:00+00:00,1.1818934679031372,1.1824523210525513,1.1816140413284302,1.1820330619812012,930
2026-02-04 00:00:00+00:00,1.1817537546157837,1.1820330619812012,1.1813349723815918,1.1818934679031372,690
2026-02-04 01:00:00+00:00,1.1830118894577026,1.1835720539093018,1.1816140413284302,1.1817537546157837,319
2026-02-04 02:00:00+00:00,1.1824523210525513,1.18343186378479,1.1823126077651978,1.1830118894577026,354
2026-02-04 03:00:00+00:00,1.1830118894577026,1.1831519603729248,1.1824523210525513,1.1825922727584839,126
2026-02-04 04:00:00+00:00,1.1838523149490356,1.1838523149490356,1.1830118894577026,1.1830118894577026,169
2026-02-04 05:00:00+00:00,1.183712124824524,1.1839923858642578,1.1835720539093018,1.1838523149490356,339
2026-02-04 06:00:00+00:00,1.1832919120788574,1.1838523149490356,1.1832919120788574,1.183712124824524,156
2026-02-04 07:00:00+00:00,1.18343186378479,1.1835720539093018,1.1828720569610596,1.18343186378479,784
2026-02-04 08:00:00+00:00,1.1832919120788574,1.1841325759887695,1.1828720569610596,1.18343186378479,193
2026-02-04 09:00:00+00:00,1.1818934679031372,1.1835720539093018,1.1814744472503662,1.1832919120788574,463
2026-02-04 10:00:00+00:00,1.1817537546157837,1.1820330619812012,1.1809163093566895,1.1817537546157837,225
2026-02-04 11:00:00+00:00,1.1814744472503662,1.1817537546157837,1.1810559034347534,1.1816140413284302,606
2026-02-04 12:00:00+00:00,1.1825922727584839,1.182732105255127,1.1814744472503662,1.1814744472503662,663
2026-02-04 13:00:00+00:00,1.1825922727584839,1.1828720569610596,1.1816140413284302,1.1825922727584839,996
2026-02-04 14:00:00+00:00,1.1818934679031372,1.1828720569610596,1.1810559034347534,1.1825922727584839,390
2026-02-04 15:00:00+00:00,1.179940938949585,1.1824523210525513,1.1796625852584839,1.1821727752685547,682
2026-02-04 16:00:00+00:00,1.1806375980377197,1.1807769536972046,1.1795234680175781,1.179940938949585,874
2026-02-04 17:00:00+00:00,1.1802195310592651,1.1817537546157837,1.1798018217086792,1.1804981231689453,455
2026-02-04 18:00:00+00:00,1.1804981231689453,1.1804981231689453,1.179940938949585,1.1800801753997803,767
2026-02-04 19:00:00+00:00,1.1811953783035278,1.1811953783035278,1.179940938949585,1.1804981231689453,721
2026-02-04 20:00:00+00:00,1.1806375980377197,1.1813349723815918,1.1804981231689453,1.1813349723815918,425
2026-02-04 21:00:00+00:00,1.1809163093566895,1.1811953783035278,1.1806375980377197,1.1807769536972046,815
2026-02-04 22:00:00+00:00,1.1807769536972046,1.1821727752685547,1.1804981231689453,1.1821727752685547,474
2026-02-04 23:00:00+00:00,1.1804981231689453,1.1810559034347534,1.1804981231689453,1.1809163093566895,147
2026-02-05 00:00:00+00:00,1.1806375980377197,1.1807769536972046,1.18035888671875,1.1804981231689453,403
2026-02-05 01:00:00+00:00,1.1807769536972046,1.1811953783035278,1.1806375980377197,1.1807769536972046,136
2026-02-05 02:00:00+00:00,1.1791062355041504,1.1807769536972046,1.1791062355041504,1.1806375980377197,292
2026-02-05 03:00:00+00:00,1.1792453527450562,1.1793843507766724,1.178828239440918,1.178828239440918,885
2026-02-05 04:00:00+00:00,1.1792453527450562,1.1795234680175781,1.1791062355041504,1.1792453527450562,653
2026-02-05 05:00:00+00:00,1.1793843507766724,1.1793843507766724,1.178828239440918,1.1791062355041504,756
2026-02-05 06:00:00+00:00,1.1793843507766724,1.1795234680175781,1.178828239440918,1.1793843507766724,809
2026-02-05 07:00:00+00:00,1.1802195310592651,1.1806375980377197,1.1793843507766724,1.1793843507766724,192
2026-02-05 08:00:00+00:00,1.18035888671875,1.1810559034347534,1.179940938949585,1.1802195310592651,319
2026-02-05 09:00:00+00:00,1.1784114837646484,1.1804981231689453,1.1784114837646484,1.1804981231689453,358
2026-02-05 10:00:00+00:00,1.1791062355041504,1.1795234680175781,1.1784114837646484,1.1784114837646484,534
2026-02-05 11:00:00+00:00,1.1796625852584839,1.179940938949585,1.1791062355041504,1.1791062355041504,618
2026-02-05 12:00:00+00:00,1.18035888671875,1.1806375980377197,1.1791062355041504,1.1793843507766724,755
2026-02-05 13:00:00+00:00,1.1817537546157837,1.1817537546157837,1.1795234680175781,1.1804981231689453,724
2026-02-05 14:00:00+00:00,1.1800801753997803,1.1824523210525513,1.1800801753997803,1.1813349723815918,496
2026-02-05 15:00:00+00:00,1.1796625852584839,1.1814744472503662,1.178550362586975,1.1814744472503662,751
2026-02-05 16:00:00+00:00,1.1806375980377197,1.1806375980377197,1.1789672374725342,1.1795234680175781,271
2026-02-05 17:00:00+00:00,1.18035888671875,1.1807769536972046,1.1800801753997803,1.18035888671875,795
2026-02-05 18:00:00+00:00,1.1796625852584839,1.1806375980377197,1.1796625852584839,1.1804981231689453,369
2026-02-05 19:00:00+00:00,1.1798018217086792,1.1800801753997803,1.1796625852584839,1.1796625852584839,269
2026-02-05 20:00:00+00:00,1.1784114837646484,1.1798018217086792,1.1784114837646484,1.1796625852584839,187
2026-02-05 21:00:00+00:00,1.177994966506958,1.178550362586975,1.1778563261032104,1.1784114837646484,665
2026-02-05 22:00:00+00:00,1.1781338453292847,1.178828239440918,1.1778563261032104,1.1784114837646484,621
2026-02-05 23:00:00+00:00,1.1781338453292847,1.1784114837646484,1.1778563261032104,1.1784114837646484,418
2026-02-06 00:00:00+00:00,1.178550362586975,1.178550362586975,1.177024483680725,1.177994966506958,544
2026-02-06 01:00:00+00:00,1.1786893606185913,1.1792453527450562,1.1782727241516113,1.178550362586975,238
2026-02-06 02:00:00+00:00,1.1791062355041504,1.1795234680175781,1.1789672374725342,1.1789672374725342,405
2026-02-06 03:00:00+00:00,1.1791062355041504,1.1793843507766724,1.1789672374725342,1.1791062355041504,632
2026-02-06 04:00:00+00:00,1.1798018217086792,1.179940938949585,1.1791062355041504,1.1791062355041504,918
2026-02-06 05:00:00+00:00,1.1802195310592651,1.18035888671875,1.1798018217086792,1.1798018217086792,522
2026-02-06 06:00:00+00:00,1.1800801753997803,1.1804981231689453,1.1798018217086792,1.1800801753997803,707
2026-02-06 07:00:00+00:00,1.1793843507766724,1.1800801753997803,1.1792453527450562,1.179940938949585,956
2026-02-06 08:00:00+00:00,1.1796625852584839,1.179940938949585,1.1791062355041504,1.1795234680175781,752
2026-02-06 09:00:00+00:00,1.1796625852584839,1.1800801753997803,1.1795234680175781,1.1796625852584839,959
2026-02-06 10:00:00+00:00,1.1796625852584839,1.18035888671875,1.1793843507766724,1.1795234680175781,508
2026-02-06 11:00:00+00:00,1.1793843507766724,1.1796625852584839,1.1789672374725342,1.1795234680175781,330
2026-02-06 12:00:00+00:00,1.1796625852584839,1.1796625852584839,1.1792453527450562,1.1793843507766724,336
2026-02-06 13:00:00+00:00,1.1813349723815918,1.1813349723815918,1.1796625852584839,1.1796625852584839,461
2026-02-06 14:00:00+00:00,1.1821727752685547,1.1828720569610596,1.1813349723815918,1.1813349723815918,988
2026-02-06 15:00:00+00:00,1.1823126077651978,1.1823126077651978,1.1809163093566895,1.1823126077651978,565
2026-02-06 16:00:00+00:00,1.1814744472503662,1.1824523210525513,1.1814744472503662,1.1823126077651978,138
2026-02-06 17:00:00+00:00,1.1823126077651978,1.1824523210525513,1.1814744472503662,1.1814744472503662,189
2026-02-06 18:00:00+00:00,1.1821727752685547,1.182732105255127,1.1821727752685547,1.1821727752685547,978
2026-02-06 19:00:00+00:00,1.1823126077651978,1.1824523210525513,1.1818934679031372,1.1823126077651978,418
2026-02-06 20:00:00+00:00,1.1825922727584839,1.1825922727584839,1.1821727752685547,1.1823126077651978,479
2026-02-06 21:00:00+00:00,1.1821727752685547,1.182732105255127,1.1817537546157837,1.1825922727584839,456
2026-02-06 22:00:00+00:00,1.1820330619812012,1.1820330619812012,1.1817537546157837,1.1817537546157837,114
2026-02-09 00:00:00+00:00,1.18343186378479,1.1835720539093018,1.182732105255127,1.1830118894577026,461
2026-02-09 01:00:00+00:00,1.1828720569610596,1.1835720539093018,1.1828720569610596,1.18343186378479,540
2026-02-09 02:00:00+00:00,1.1823126077651978,1.1828720569610596,1.1820330619812012,1.1828720569610596,830
2026-02-09 03:00:00+00:00,1.1821727752685547,1.1828720569610596,1.1821727752685547,1.1823126077651978,635
2026-02-09 04:00:00+00:00,1.1830118894577026,1.1830118894577026,1.1823126077651978,1.1823126077651978,387
2026-02-09 05:00:00+00:00,1.183712124824524,1.1839923858642578,1.1830118894577026,1.1830118894577026,213
2026-02-09 06:00:00+00:00,1.1856770515441895,1.1860989332199097,1.183712124824524,1.183712124824524,699
2026-02-09 07:00:00+00:00,1.1859582662582397,1.186380386352539,1.1851149797439575,1.1856770515441895,484
2026-02-09 08:00:00+00:00,1.186661958694458,1.1868027448654175,1.1855363845825195,1.1859582662582397,516
2026-02-09 09:00:00+00:00,1.186521053314209,1.1873664855957031,1.186380386352539,1.1868027448654175,239
2026-02-09 10:00:00+00:00,1.186380386352539,1.1872254610061646,1.1859582662582397,1.186521053314209,551
2026-02-09 11:00:00+00:00,1.1872254610061646,1.1875073909759521,1.1862396001815796,1.186380386352539,314
2026-02-09 12:00:00+00:00,1.1884952783584595,1.1886366605758667,1.1873664855957031,1.1873664855957031,919
2026-02-09 13:00:00+00:00,1.1906179189682007,1.1907596588134766,1.1884952783584595,1.1886366605758667,695
2026-02-09 14:00:00+00:00,1.1921793222427368,1.1921793222427368,1.1906179189682007,1.1906179189682007,390
2026-02-09 15:00:00+00:00,1.1913270950317383,1.1928904056549072,1.1907596588134766,1.1923214197158813,944
2026-02-09 16:00:00+00:00,1.1900511980056763,1.1920371055603027,1.1897679567337036,1.1914690732955933,588
2026-02-09 17:00:00+00:00,1.1911852359771729,1.1913270950317383,1.1901928186416626,1.1901928186416626,697
2026-02-09 18:00:00+00:00,1.1918951272964478,1.1920371055603027,1.190901517868042,1.1911852359771729,380
2026-02-09 19:00:00+00:00,1.1923214197158813,1.1926058530807495,1.1916110515594482,1.1920371055603027,820
2026-02-09 20:00:00+00:00,1.1918951272964478,1.1924636363983154,1.1917530298233032,1.1923214197158813,694
2026-02-09 21:00:00+00:00,1.1917530298233032,1.1918951272964478,1.1914690732955933,1.1918951272964478,391
2026-02-09 22:00:00+00:00,1.1920371055603027,1.1920371055603027,1.1914690732955933,1.1916110515594482,883
2026-02-09 23:00:00+00:00,1.1906179189682007,1.1918951272964478,1.1906179189682007,1.1918951272964478,641
2026-02-10 00:00:00+00:00,1.1904761791229248,1.190901517868042,1.1901928186416626,1.1907596588134766,404
2026-02-10 01:00:00+00:00,1.190901517868042,1.1913270950317383,1.1900511980056763,1.1906179189682007,552
2026-02-10 02:00:00+00:00,1.1917530298233032,1.1917530298233032,1.190901517868042,1.190901517868042,194
2026-02-10 03:00:00+00:00,1.1913270950317383,1.1920371055603027,1.1913270950317383,1.1917530298233032,788
2026-02-10 04:00:00+00:00,1.1911852359771729,1.1916110515594482,1.190901517868042,1.1914690732955933,954
2026-02-10 05:00:00+00:00,1.1911852359771729,1.1913270950317383,1.1907596588134766,1.1910432577133179,708
2026-02-10 06:00:00+00:00,1.1906179189682007,1.1916110515594482,1.1904761791229248,1.1910432577133179,952
2026-02-10 07:00:00+00:00,1.190901517868042,1.1913270950317383,1.190334439277649,1.190901517868042,351
2026-02-10 08:00:00+00:00,1.1913270950317383,1.1920371055603027,1.1906179189682007,1.1911852359771729,447
2026-02-10 09:00:00+00:00,1.1917530298233032,1.1923214197158813,1.1911852359771729,1.1913270950317383,193
2026-02-10 10:00:00+00:00,1.1914690732955933,1.1920371055603027,1.1913270950317383,1.1917530298233032,139
2026-02-10 11:00:00+00:00,1.1907596588134766,1.1913270950317383,1.1904761791229248,1.1913270950317383,213
2026-02-10 12:00:00+00:00,1.1896264553070068,1.1911852359771729,1.18948495388031,1.1907596588134766,153
2026-02-10 13:00:00+00:00,1.1907596588134766,1.1914690732955933,1.1893434524536133,1.1897679567337036,875
2026-02-10 14:00:00+00:00,1.1920371055603027,1.1930327415466309,1.1907596588134766,1.1910432577133179,615
2026-02-10 15:00:00+00:00,1.1918951272964478,1.1921793222427368,1.1901928186416626,1.1917530298233032,965
2026-02-10 16:00:00+00:00,1.1900511980056763,1.1917530298233032,1.1900511980056763,1.1917530298233032,907
2026-02-10 17:00:00+00:00,1.1900511980056763,1.190901517868042,1.1897679567337036,1.1901928186416626,101
2026-02-10 18:00:00+00:00,1.1896264553070068,1.1900511980056763,1.18948495388031,1.18990957736969,355
2026-02-10 19:00:00+00:00,1.1904761791229248,1.1906179189682007,1.189202070236206,1.1896264553070068,635
2026-02-10 20:00:00+00:00,1.18990957736969,1.1906179189682007,1.18990957736969,1.1906179189682007,714
2026-02-10 21:00:00+00:00,1.18990957736969,1.1900511980056763,1.1896264553070068,1.18990957736969,385
2026-02-10 22:00:00+00:00,1.18948495388031,1.1900511980056763,1.1884952783584595,1.1900511980056763,651
2026-02-10 23:00:00+00:00,1.189202070236206,1.1896264553070068,1.1890605688095093,1.1896264553070068,161
2026-02-11 00:00:00+00:00,1.1900511980056763,1.1904761791229248,1.1890605688095093,1.189202070236206,119
2026-02-11 01:00:00+00:00,1.1900511980056763,1.1906179189682007,1.1897679567337036,1.1900511980056763,800
2026-02-11 02:00:00+00:00,1.1910432577133179,1.1916110515594482,1.1901928186416626,1.1901928186416626,233
2026-02-11 03:00:00+00:00,1.1913270950317383,1.1917530298233032,1.1907596588134766,1.1911852359771729,266
2026-02-11 04:00:00+00:00,1.1911852359771729,1.1917530298233032,1.1910432577133179,1.1914690732955933,513
2026-02-11 05:00:00+00:00,1.1921793222427368,1.1921793222427368,1.1910432577133179,1.1911852359771729,495
2026-02-11 06:00:00+00:00,1.1918951272964478,1.1928904056549072,1.1916110515594482,1.1921793222427368,838
2026-02-11 07:00:00+00:00,1.1921793222427368,1.1921793222427368,1.1914690732955933,1.1917530298233032,411
2026-02-11 08:00:00+00:00,1.1920371055603027,1.1923214197158813,1.1916110515594482,1.1920371055603027,781
2026-02-11 09:00:00+00:00,1.1920371055603027,1.1923214197158813,1.1914690732955933,1.1921793222427368,690
2026-02-11 10:00:00+00:00,1.1927480697631836,1.1930327415466309,1.1920371055603027,1.1921793222427368,569
2026-02-11 11:00:00+00:00,1.1913270950317383,1.1924636363983154,1.1910432577133179,1.1924636363983154,139
2026-02-11 12:00:00+00:00,1.190334439277649,1.1911852359771729,1.190334439277649,1.1911852359771729,981
2026-02-11 13:00:00+00:00,1.1872254610061646,1.1907596588134766,1.1841325759887695,1.190334439277649,949
2026-02-11 14:00:00+00:00,1.1860989332199097,1.1884952783584595,1.1856770515441895,1.186521053314209,341
2026-02-11 15:00:00+00:00,1.1862396001815796,1.1875073909759521,1.1855363845825195,1.186521053314209,614
2026-02-11 16:00:00+00:00,1.1886366605758667,1.1886366605758667,1.1858175992965698,1.1862396001815796,513
2026-02-11 17:00:00+00:00,1.1889193058013916,1.1896264553070068,1.1880717277526855,1.1886366605758667,761
2026-02-11 18:00:00+00:00,1.1887779235839844,1.189202070236206,1.1883541345596313,1.1889193058013916,322
2026-02-11 19:00:00+00:00,1.1883541345596313,1.1887779235839844,1.1882128715515137,1.1884952783584595,186
2026-02-11 20:00:00+00:00,1.1875073909759521,1.1884952783584595,1.1875073909759521,1.1883541345596313,859
2026-02-11 21:00:00+00:00,1.1875073909759521,1.1877895593643188,1.1872254610061646,1.1873664855957031,892
2026-02-11 22:00:00+00:00,1.187930703163147,1.1880717277526855,1.1872254610061646,1.1875073909759521,921
2026-02-11 23:00:00+00:00,1.187930703163147,1.187930703163147,1.1873664855957031,1.187930703163147,882
2026-02-12 00:00:00+00:00,1.187930703163147,1.1880717277526855,1.1870845556259155,1.1877895593643188,513
2026-02-12 01:00:00+00:00,1.1883541345596313,1.1884952783584595,1.1877895593643188,1.187930703163147,705
2026-02-12 02:00:00+00:00,1.1882128715515137,1.1887779235839844,1.187930703163147,1.1884952783584595,399
2026-02-12 03:00:00+00:00,1.1872254610061646,1.1883541345596313,1.1869436502456665,1.1883541345596313,958
2026-02-12 04:00:00+00:00,1.186521053314209,1.1875073909759521,1.186380386352539,1.1873664855957031,174
2026-02-12 05:00:00+00:00,1.1868027448654175,1.1869436502456665,1.1862396001815796,1.186661958694458,301
2026-02-12 06:00:00+00:00,1.186661958694458,1.1870845556259155,1.1856770515441895,1.1868027448654175,788
2026-02-12 07:00:00+00:00,1.1876484155654907,1.187930703163147,1.186380386352539,1.186380386352539,164
2026-02-12 08:00:00+00:00,1.1883541345596313,1.1883541345596313,1.1875073909759521,1.1877895593643188,968
2026-02-12 09:00:00+00:00,1.1889193058013916,1.1890605688095093,1.1883541345596313,1.1883541345596313,602
2026-02-12 10:00:00+00:00,1.1880717277526855,1.1890605688095093,1.187930703163147,1.1890605688095093,151
2026-02-12 11:00:00+00:00,1.1887779235839844,1.1887779235839844,1.187930703163147,1.1880717277526855,575
2026-02-12 12:00:00+00:00,1.1876484155654907,1.1889193058013916,1.1870845556259155,1.1887779235839844,869
2026-02-12 13:00:00+00:00,1.1887779235839844,1.1887779235839844,1.1876484155654907,1.1876484155654907,275
2026-02-12 14:00:00+00:00,1.1884952783584595,1.1890605688095093,1.1882128715515137,1.1889193058013916,363
2026-02-12 15:00:00+00:00,1.1890605688095093,1.189202070236206,1.1882128715515137,1.1886366605758667,351
2026-02-12 16:00:00+00:00,1.1870845556259155,1.1893434524536133,1.1868027448654175,1.1889193058013916,437
2026-02-12 17:00:00+00:00,1.1868027448654175,1.187930703163147,1.186380386352539,1.1875073909759521,536
2026-02-12 18:00:00+00:00,1.1868027448654175,1.1872254610061646,1.1860989332199097,1.1869436502456665,530
2026-02-12 19:00:00+00:00,1.1873664855957031,1.1875073909759521,1.186521053314209,1.186661958694458,569
2026-02-12 20:00:00+00:00,1.1873664855957031,1.1873664855957031,1.186661958694458,1.1873664855957031,633
2026-02-12 21:00:00+00:00,1.1875073909759521,1.1876484155654907,1.1872254610061646,1.1873664855957031,135
2026-02-12 22:00:00+00:00,1.1869436502456665,1.1883541345596313,1.1868027448654175,1.1883541345596313,366
2026-02-12 23:00:00+00:00,1.1870845556259155,1.1877895593643188,1.1869436502456665,1.1877895593643188,568
2026-02-13 00:00:00+00:00,1.1875073909759521,1.1875073909759521,1.1870845556259155,1.1872254610061646,860
2026-02-13 01:00:00+00:00,1.1868027448654175,1.1876484155654907,1.1868027448654175,1.1876484155654907,377
2026-02-13 02:00:00+00:00,1.1872254610061646,1.1875073909759521,1.186661958694458,1.1869436502456665,479
2026-02-13 03:00:00+00:00,1.1870845556259155,1.1873664855957031,1.1869436502456665,1.1873664855957031,265
2026-02-13 04:00:00+00:00,1.186521053314209,1.1870845556259155,1.186380386352539,1.1870845556259155,770
2026-02-13 05:00:00+00:00,1.1862396001815796,1.1868027448654175,1.1862396001815796,1.186661958694458,652
2026-02-13 06:00:00+00:00,1.1859582662582397,1.186521053314209,1.1858175992965698,1.1862396001815796,414
2026-02-13 07:00:00+00:00,1.1862396001815796,1.186380386352539,1.1851149797439575,1.1858175992965698,809
2026-02-13 08:00:00+00:00,1.186661958694458,1.186661958694458,1.1859582662582397,1.1862396001815796,930
2026-02-13 09:00:00+00:00,1.186380386352539,1.1869436502456665,1.186380386352539,1.186521053314209,826
2026-02-13 10:00:00+00:00,1.1859582662582397,1.186380386352539,1.1856770515441895,1.186380386352539,864
2026-02-13 11:00:00+00:00,1.1860989332199097,1.186380386352539,1.1859582662582397,1.1860989332199097,711
2026-02-13 12:00:00+00:00,1.186521053314209,1.186661958694458,1.1859582662582397,1.1862396001815796,930
2026-02-13 13:00:00+00:00,1.1877895593643188,1.1883541345596313,1.1860989332199097,1.186661958694458,791
2026-02-13 14:00:00+00:00,1.186380386352539,1.1876484155654907,1.1860989332199097,1.1876484155654907,262
2026-02-13 15:00:00+00:00,1.1852554082870483,1.1873664855957031,1.1852554082870483,1.186380386352539,253
2026-02-13 16:00:00+00:00,1.1873664855957031,1.1876484155654907,1.1852554082870483,1.1852554082870483,804
2026-02-13 17:00:00+00:00,1.187930703163147,1.1886366605758667,1.1872254610061646,1.1873664855957031,572
2026-02-13 18:00:00+00:00,1.1876484155654907,1.1883541345596313,1.1876484155654907,1.187930703163147,952
2026-02-13 19:00:00+00:00,1.1869436502456665,1.1877895593643188,1.1869436502456665,1.1877895593643188,961
2026-02-13 20:00:00+00:00,1.1877895593643188,1.1877895593643188,1.1868027448654175,1.1869436502456665,998
2026-02-13 21:00:00+00:00,1.1872254610061646,1.1880717277526855,1.1872254610061646,1.1877895593643188,824
2026-02-13 22:00:00+00:00,1.1870845556259155,1.1870845556259155,1.1870845556259155,1.1870845556259155,388
2026-02-16 00:00:00+00:00,1.186521053314209,1.1870845556259155,1.186521053314209,1.1870845556259155,206
2026-02-16 01:00:00+00:00,1.1869436502456665,1.1869436502456665,1.186380386352539,1.186521053314209,976
2026-02-16 02:00:00+00:00,1.1869436502456665,1.1870845556259155,1.186521053314209,1.1869436502456665,841
2026-02-16 03:00:00+00:00,1.1870845556259155,1.1872254610061646,1.1868027448654175,1.1869436502456665,743
2026-02-16 04:00:00+00:00,1.186661958694458,1.1870845556259155,1.186521053314209,1.1870845556259155,712
2026-02-16 05:00:00+00:00,1.1868027448654175,1.1869436502456665,1.186521053314209,1.186521053314209,334
2026-02-16 06:00:00+00:00,1.1869436502456665,1.1873664855957031,1.1868027448654175,1.1868027448654175,444
2026-02-16 07:00:00+00:00,1.186661958694458,1.1869436502456665,1.186521053314209,1.1869436502456665,909
2026-02-16 08:00:00+00:00,1.1869436502456665,1.1873664855957031,1.1860989332199097,1.186661958694458,483
2026-02-16 09:00:00+00:00,1.1868027448654175,1.1872254610061646,1.186521053314209,1.1868027448654175,183
2026-02-16 10:00:00+00:00,1.1870845556259155,1.1870845556259155,1.186661958694458,1.1868027448654175,288
2026-02-16 11:00:00+00:00,1.186521053314209,1.1870845556259155,1.186380386352539,1.1870845556259155,849
2026-02-16 12:00:00+00:00,1.1855363845825195,1.186661958694458,1.1853959560394287,1.186521053314209,146
2026-02-16 13:00:00+00:00,1.1858175992965698,1.1860989332199097,1.1852554082870483,1.1859582662582397,932
2026-02-16 14:00:00+00:00,1.1859582662582397,1.186521053314209,1.1856770515441895,1.1859582662582397,590
2026-02-16 15:00:00+00:00,1.1858175992965698,1.1860989332199097,1.1855363845825195,1.1860989332199097,289
2026-02-16 16:00:00+00:00,1.1855363845825195,1.1859582662582397,1.1851149797439575,1.1856770515441895,996
2026-02-16 17:00:00+00:00,1.1852554082870483,1.1856770515441895,1.1849744319915771,1.1855363845825195,697
2026-02-16 18:00:00+00:00,1.1852554082870483,1.1853959560394287,1.1852554082870483,1.1853959560394287,819
2026-02-16 19:00:00+00:00,1.1858175992965698,1.1858175992965698,1.1852554082870483,1.1852554082870483,291
2026-02-16 20:00:00+00:00,1.1858175992965698,1.1858175992965698,1.1855363845825195,1.1858175992965698,830
2026-02-16 21:00:00+00:00,1.1855363845825195,1.1858175992965698,1.1853959560394287,1.1856770515441895,636
2026-02-16 22:00:00+00:00,1.1852554082870483,1.1859582662582397,1.1848341226577759,1.1848341226577759,979
2026-02-16 23:00:00+00:00,1.1852554082870483,1.1855363845825195,1.1851149797439575,1.1855363845825195,432
2026-02-17 00:00:00+00:00,1.1848341226577759,1.1855363845825195,1.1845533847808838,1.1853959560394287,226
2026-02-17 01:00:00+00:00,1.1846938133239746,1.1848341226577759,1.184413194656372,1.1848341226577759,882
2026-02-17 02:00:00+00:00,1.1845533847808838,1.1849744319915771,1.184413194656372,1.1848341226577759,485
2026-02-17 03:00:00+00:00,1.184413194656372,1.1845533847808838,1.1842728853225708,1.1845533847808838,281
2026-02-17 04:00:00+00:00,1.184413194656372,1.1845533847808838,1.1842728853225708,1.1845533847808838,544
2026-02-17 05:00:00+00:00,1.1845533847808838,1.1845533847808838,1.1839923858642578,1.1845533847808838,494
2026-02-17 06:00:00+00:00,1.1848341226577759,1.1849744319915771,1.1845533847808838,1.1845533847808838,127
2026-02-17 07:00:00+00:00,1.183712124824524,1.1845533847808838,1.1832919120788574,1.1845533847808838,947
2026-02-17 08:00:00+00:00,1.184413194656372,1.1848341226577759,1.18343186378479,1.183712124824524,210
2026-02-17 09:00:00+00:00,1.1849744319915771,1.1852554082870483,1.184413194656372,1.1845533847808838,394
2026-02-17 10:00:00+00:00,1.1846938133239746,1.1851149797439575,1.1845533847808838,1.1846938133239746,447
2026-02-17 11:00:00+00:00,1.1832919120788574,1.1848341226577759,1.1831519603729248,1.1846938133239746,328
2026-02-17 12:00:00+00:00,1.1831519603729248,1.1838523149490356,1.1831519603729248,1.18343186378479,234
2026-02-17 13:00:00+00:00,1.1824523210525513,1.18343186378479,1.1820330619812012,1.1831519603729248,208
2026-02-17 14:00:00+00:00,1.1825922727584839,1.1830118894577026,1.1820330619812012,1.1824523210525513,856
2026-02-17 15:00:00+00:00,1.1814744472503662,1.1824523210525513,1.1809163093566895,1.1824523210525513,854
2026-02-17 16:00:00+00:00,1.18343186378479,1.1838523149490356,1.1814744472503662,1.1814744472503662,815
2026-02-17 17:00:00+00:00,1.184413194656372,1.1845533847808838,1.1832919120788574,1.1832919120788574,562
2026-02-17 18:00:00+00:00,1.1852554082870483,1.1856770515441895,1.184413194656372,1.184413194656372,272
2026-02-17 19:00:00+00:00,1.1851149797439575,1.1853959560394287,1.1846938133239746,1.1852554082870483,349
2026-02-17 20:00:00+00:00,1.1855363845825195,1.1855363845825195,1.1851149797439575,1.1851149797439575,525
2026-02-17 21:00:00+00:00,1.1856770515441895,1.1858175992965698,1.1853959560394287,1.1855363845825195,412
2026-02-17 22:00:00+00:00,1.1856770515441895,1.1859582662582397,1.1851149797439575,1.1858175992965698,724
2026-02-17 23:00:00+00:00,1.1855363845825195,1.1860989332199097,1.1853959560394287,1.1859582662582397,648
2026-02-18 00:00:00+00:00,1.1851149797439575,1.1856770515441895,1.1851149797439575,1.1855363845825195,136
2026-02-18 01:00:00+00:00,1.1849744319915771,1.1851149797439575,1.1846938133239746,1.1849744319915771,987
2026-02-18 02:00:00+00:00,1.1848341226577759,1.1851149797439575,1.1845533847808838,1.1848341226577759,210
2026-02-18 03:00:00+00:00,1.184413194656372,1.1849744319915771,1.184413194656372,1.1848341226577759,831
2026-02-18 04:00:00+00:00,1.1845533847808838,1.1846938133239746,1.1842728853225708,1.1845533847808838,230
2026-02-18 05:00:00+00:00,1.1849744319915771,1.1849744319915771,1.1845533847808838,1.1845533847808838,672
2026-02-18 06:00:00+00:00,1.1849744319915771,1.1849744319915771,1.184413194656372,1.1849744319915771,979
2026-02-18 07:00:00+00:00,1.1838523149490356,1.1849744319915771,1.183712124824524,1.1849744319915771,693
2026-02-18 08:00:00+00:00,1.18343186378479,1.1841325759887695,1.1832919120788574,1.1838523149490356,676
2026-02-18 09:00:00+00:00,1.1839923858642578,1.1841325759887695,1.1832919120788574,1.18343186378479,179
2026-02-18 10:00:00+00:00,1.1835720539093018,1.184413194656372,1.18343186378479,1.1839923858642578,986
2026-02-18 11:00:00+00:00,1.1838523149490356,1.1841325759887695,1.18343186378479,1.1835720539093018,252
2026-02-18 12:00:00+00:00,1.184413194656372,1.1849744319915771,1.1838523149490356,1.1838523149490356,750
2026-02-18 13:00:00+00:00,1.182732105255127,1.1852554082870483,1.182732105255127,1.184413194656372,473
2026-02-18 14:00:00+00:00,1.1818934679031372,1.1831519603729248,1.1816140413284302,1.1828720569610596,806
2026-02-18 15:00:00+00:00,1.1825922727584839,1.1828720569610596,1.1818934679031372,1.1818934679031372,228
2026-02-18 16:00:00+00:00,1.1814744472503662,1.1828720569610596,1.1813349723815918,1.1824523210525513,975
2026-02-18 17:00:00+00:00,1.1807769536972046,1.1817537546157837,1.1806375980377197,1.1813349723815918,838
2026-02-18 18:00:00+00:00,1.1793843507766724,1.1810559034347534,1.1791062355041504,1.1809163093566895,111
2026-02-18 19:00:00+00:00,1.1791062355041504,1.1795234680175781,1.178828239440918,1.1791062355041504,158
2026-02-18 20:00:00+00:00,1.1786893606185913,1.1793843507766724,1.178550362586975,1.1789672374725342,702
2026-02-18 21:00:00+00:00,1.1786893606185913,1.1791062355041504,1.1786893606185913,1.1786893606185913,154
2026-02-18 22:00:00+00:00,1.1789672374725342,1.1795234680175781,1.1784114837646484,1.1795234680175781,116
2026-02-18 23:00:00+00:00,1.1792453527450562,1.1792453527450562,1.1789672374725342,1.1789672374725342,174
2026-02-19 00:00:00+00:00,1.1792453527450562,1.1795234680175781,1.178828239440918,1.1792453527450562,883
2026-02-19 01:00:00+00:00,1.1798018217086792,1.1798018217086792,1.1793843507766724,1.1793843507766724,382
2026-02-19 02:00:00+00:00,1.1793843507766724,1.179940938949585,1.1793843507766724,1.1798018217086792,817
2026-02-19 03:00:00+00:00,1.1795234680175781,1.1796625852584839,1.1792453527450562,1.1795234680175781,409
2026-02-19 04:00:00+00:00,1.1792453527450562,1.1795234680175781,1.178828239440918,1.1795234680175781,189
2026-02-19 05:00:00+00:00,1.1795234680175781,1.1796625852584839,1.1791062355041504,1.1792453527450562,604
2026-02-19 06:00:00+00:00,1.1802195310592651,1.18035888671875,1.1793843507766724,1.1795234680175781,120
2026-02-19 07:00:00+00:00,1.1804981231689453,1.1806375980377197,1.1796625852584839,1.179940938949585,685
2026-02-19 08:00:00+00:00,1.18035888671875,1.1807769536972046,1.1800801753997803,1.18035888671875,395
2026-02-19 09:00:00+00:00,1.18035888671875,1.1810559034347534,1.1802195310592651,1.1804981231689453,675
2026-02-19 10:00:00+00:00,1.1791062355041504,1.1806375980377197,1.1791062355041504,1.18035888671875,486
2026-02-19 11:00:00+00:00,1.1784114837646484,1.1793843507766724,1.1781338453292847,1.1792453527450562,823
2026-02-19 12:00:00+00:00,1.177163004875183,1.1784114837646484,1.177163004875183,1.1782727241516113,533
2026-02-19 13:00:00+00:00,1.176747441291809,1.1773016452789307,1.1756407022476196,1.1773016452789307,425
2026-02-19 14:00:00+00:00,1.175364375114441,1.176747441291809,1.1745359897613525,1.176747441291809,754
2026-02-19 15:00:00+00:00,1.1766090393066406,1.1777175664901733,1.1756407022476196,1.1756407022476196,273
2026-02-19 16:00:00+00:00,1.1763322353363037,1.1773016452789307,1.1761938333511353,1.1766090393066406,784
2026-02-19 17:00:00+00:00,1.177024483680725,1.177163004875183,1.1759172677993774,1.1764705181121826,427
2026-02-19 18:00:00+00:00,1.177163004875183,1.1777175664901733,1.176885962486267,1.176885962486267,318
2026-02-19 19:00:00+00:00,1.1766090393066406,1.1774401664733887,1.1763322353363037,1.1773016452789307,684
2026-02-19 20:00:00+00:00,1.177163004875183,1.177163004875183,1.176747441291809,1.176747441291809,566
2026-02-19 21:00:00+00:00,1.1775789260864258,1.1781338453292847,1.177163004875183,1.177163004875183,192
2026-02-19 22:00:00+00:00,1.1774401664733887,1.1778563261032104,1.1773016452789307,1.1773016452789307,945
2026-02-19 23:00:00+00:00,1.177163004875183,1.177994966506958,1.177163004875183,1.1774401664733887,635
2026-02-20 00:00:00+00:00,1.1773016452789307,1.1775789260864258,1.177024483680725,1.1773016452789307,158
2026-02-20 01:00:00+00:00,1.1761938333511353,1.1774401664733887,1.1759172677993774,1.1773016452789307,603
2026-02-20 02:00:00+00:00,1.1759172677993774,1.1761938333511353,1.1757789850234985,1.1761938333511353,855
2026-02-20 03:00:00+00:00,1.1761938333511353,1.1761938333511353,1.1759172677993774,1.1759172677993774,307
2026-02-20 04:00:00+00:00,1.1756407022476196,1.1763322353363037,1.1756407022476196,1.1761938333511353,507
2026-02-20 05:00:00+00:00,1.1759172677993774,1.1759172677993774,1.175364375114441,1.1756407022476196,404
2026-02-20 06:00:00+00:00,1.1759172677993774,1.1760554313659668,1.1755025386810303,1.1757789850234985,826
2026-02-20 07:00:00+00:00,1.1755025386810303,1.1766090393066406,1.175364375114441,1.1760554313659668,816
2026-02-20 08:00:00+00:00,1.1764705181121826,1.176747441291809,1.1748120784759521,1.1756407022476196,747
2026-02-20 09:00:00+00:00,1.177024483680725,1.177163004875183,1.1763322353363037,1.1764705181121826,764
2026-02-20 10:00:00+00:00,1.1766090393066406,1.177163004875183,1.1761938333511353,1.176885962486267,933
2026-02-20 11:00:00+00:00,1.177024483680725,1.1773016452789307,1.1763322353363037,1.176747441291809,107
2026-02-20 12:00:00+00:00,1.176885962486267,1.1773016452789307,1.176747441291809,1.177024483680725,647
2026-02-20 13:00:00+00:00,1.177024483680725,1.177994966506958,1.1761938333511353,1.176885962486267,203
2026-02-20 14:00:00+00:00,1.177163004875183,1.1773016452789307,1.1760554313659668,1.1773016452789307,271
2026-02-20 15:00:00+00:00,1.1789672374725342,1.1809163093566895,1.1760554313659668,1.177163004875183,883
2026-02-20 16:00:00+00:00,1.1782727241516113,1.1800801753997803,1.1777175664901733,1.1792453527450562,945
2026-02-20 17:00:00+00:00,1.1784114837646484,1.178828239440918,1.177024483680725,1.1782727241516113,359
2026-02-20 18:00:00+00:00,1.178828239440918,1.1800801753997803,1.1781338453292847,1.1784114837646484,114
2026-02-20 19:00:00+00:00,1.1784114837646484,1.1792453527450562,1.1782727241516113,1.1789672374725342,154
2026-02-20 20:00:00+00:00,1.1789672374725342,1.1791062355041504,1.1781338453292847,1.1782727241516113,846
2026-02-20 21:00:00+00:00,1.178550362586975,1.1795234680175781,1.178550362586975,1.1789672374725342,489
2026-02-20 22:00:00+00:00,1.178550362586975,1.178550362586975,1.178550362586975,1.178550362586975,787
2026-02-23 00:00:00+00:00,1.1832919120788574,1.183712124824524,1.182732105255127,1.1835720539093018,990
2026-02-23 01:00:00+00:00,1.1828720569610596,1.1835720539093018,1.1824523210525513,1.1835720539093018,787
2026-02-23 02:00:00+00:00,1.1830118894577026,1.18343186378479,1.182732105255127,1.1830118894577026,361
2026-02-23 03:00:00+00:00,1.182732105255127,1.1831519603729248,1.1821727752685547,1.1831519603729248,248
2026-02-23 04:00:00+00:00,1.1824523210525513,1.182732105255127,1.1821727752685547,1.182732105255127,643
2026-02-23 05:00:00+00:00,1.1824523210525513,1.1824523210525513,1.1818934679031372,1.1824523210525513,627
2026-02-23 06:00:00+00:00,1.1828720569610596,1.183712124824524,1.1821727752685547,1.1823126077651978,111
2026-02-23 07:00:00+00:00,1.1825922727584839,1.1830118894577026,1.1823126077651978,1.182732105255127,486
2026-02-23 08:00:00+00:00,1.1816140413284302,1.182732105255127,1.1810559034347534,1.182732105255127,311
2026-02-23 09:00:00+00:00,1.1804981231689453,1.1816140413284302,1.18035888671875,1.1813349723815918,972
2026-02-23 10:00:00+00:00,1.1802195310592651,1.1804981231689453,1.179940938949585,1.1804981231689453,532
2026-02-23 11:00:00+00:00,1.1789672374725342,1.1802195310592651,1.1784114837646484,1.1802195310592651,364
2026-02-23 12:00:00+00:00,1.1784114837646484,1.1789672374725342,1.1778563261032104,1.1789672374725342,568
2026-02-23 13:00:00+00:00,1.179940938949585,1.1800801753997803,1.1784114837646484,1.178550362586975,495
2026-02-23 14:00:00+00:00,1.1809163093566895,1.1810559034347534,1.1798018217086792,1.1800801753997803,216
2026-02-23 15:00:00+00:00,1.1798018217086792,1.1813349723815918,1.1798018217086792,1.1810559034347534,168
2026-02-23 16:00:00+00:00,1.1804981231689453,1.1809163093566895,1.1792453527450562,1.1796625852584839,845
2026-02-23 17:00:00+00:00,1.1802195310592651,1.1810559034347534,1.1793843507766724,1.1807769536972046,897
2026-02-23 18:00:00+00:00,1.1802195310592651,1.18035888671875,1.179940938949585,1.1802195310592651,518
2026-02-23 19:00:00+00:00,1.1795234680175781,1.18035888671875,1.1792453527450562,1.1802195310592651,159
2026-02-23 20:00:00+00:00,1.1792453527450562,1.1796625852584839,1.1791062355041504,1.1795234680175781,863
2026-02-23 21:00:00+00:00,1.1789672374725342,1.1795234680175781,1.1789672374725342,1.1792453527450562,860
2026-02-23 22:00:00+00:00,1.178828239440918,1.179940938949585,1.178550362586975,1.178828239440918,221
2026-02-23 23:00:00+00:00,1.1796625852584839,1.1798018217086792,1.1791062355041504,1.1791062355041504,368
2026-02-24 00:00:00+00:00,1.1792453527450562,1.179940938949585,1.1791062355041504,1.1796625852584839,885
2026-02-24 01:00:00+00:00,1.1782727241516113,1.1789672374725342,1.1775789260864258,1.1789672374725342,858
2026-02-24 02:00:00+00:00,1.1786893606185913,1.178828239440918,1.1781338453292847,1.178550362586975,909
2026-02-24 03:00:00+00:00,1.1778563261032104,1.178828239440918,1.1778563261032104,1.1786893606185913,149
2026-02-24 04:00:00+00:00,1.1773016452789307,1.177994966506958,1.177163004875183,1.1778563261032104,564
2026-02-24 05:00:00+00:00,1.1782727241516113,1.1782727241516113,1.1773016452789307,1.1773016452789307,647
2026-02-24 06:00:00+00:00,1.1784114837646484,1.178550362586975,1.1781338453292847,1.1782727241516113,506
2026-02-24 07:00:00+00:00,1.1781338453292847,1.178550362586975,1.1774401664733887,1.1782727241516113,268
2026-02-24 08:00:00+00:00,1.1789672374725342,1.1792453527450562,1.1778563261032104,1.1782727241516113,411
2026-02-24 09:00:00+00:00,1.1792453527450562,1.1796625852584839,1.1786893606185913,1.1786893606185913,311
2026-02-24 10:00:00+00:00,1.1789672374725342,1.1793843507766724,1.1786893606185913,1.1791062355041504,903
2026-02-24 11:00:00+00:00,1.1784114837646484,1.1789672374725342,1.1782727241516113,1.1789672374725342,112
2026-02-24 12:00:00+00:00,1.1784114837646484,1.178550362586975,1.1777175664901733,1.1784114837646484,757
2026-02-24 13:00:00+00:00,1.1775789260864258,1.1784114837646484,1.177163004875183,1.1784114837646484,328
2026-02-24 14:00:00+00:00,1.1778563261032104,1.1781338453292847,1.177163004875183,1.1775789260864258,732
2026-02-24 15:00:00+00:00,1.1775789260864258,1.1784114837646484,1.177024483680725,1.1775789260864258,762
2026-02-24 16:00:00+00:00,1.1791062355041504,1.1793843507766724,1.1775789260864258,1.1775789260864258,356
2026-02-24 17:00:00+00:00,1.1789672374725342,1.1792453527450562,1.178550362586975,1.1792453527450562,826
2026-02-24 18:00:00+00:00,1.1781338453292847,1.1791062355041504,1.1781338453292847,1.1789672374725342,860
2026-02-24 19:00:00+00:00,1.1782727241516113,1.1786893606185913,1.177994966506958,1.1782727241516113,811
2026-02-24 20:00:00+00:00,1.177994966506958,1.1786893606185913,1.177994966506958,1.1782727241516113,894
2026-02-24 21:00:00+00:00,1.1777175664901733,1.177994966506958,1.1777175664901733,1.1778563261032104,237
2026-02-24 22:00:00+00:00,1.1778563261032104,1.1781338453292847,1.1773016452789307,1.1774401664733887,588
2026-02-24 23:00:00+00:00,1.1777175664901733,1.177994966506958,1.1777175664901733,1.1777175664901733,809
2026-02-25 00:00:00+00:00,1.1782727241516113,1.1782727241516113,1.1777175664901733,1.1778563261032104,761
2026-02-25 01:00:00+00:00,1.1781338453292847,1.178550362586975,1.177994966506958,1.1781338453292847,318
2026-02-25 02:00:00+00:00,1.1793843507766724,1.1796625852584839,1.1781338453292847,1.1781338453292847,987
2026-02-25 03:00:00+00:00,1.1793843507766724,1.1796625852584839,1.1789672374725342,1.1796625852584839,925
2026-02-25 04:00:00+00:00,1.1798018217086792,1.179940938949585,1.1792453527450562,1.1792453527450562,559
2026-02-25 05:00:00+00:00,1.1804981231689453,1.1809163093566895,1.179940938949585,1.179940938949585,410
2026-02-25 06:00:00+00:00,1.1809163093566895,1.1809163093566895,1.1802195310592651,1.1804981231689453,934
2026-02-25 07:00:00+00:00,1.1802195310592651,1.1810559034347534,1.1802195310592651,1.1809163093566895,921
2026-02-25 08:00:00+00:00,1.1795234680175781,1.18035888671875,1.1793843507766724,1.1800801753997803,910
2026-02-25 09:00:00+00:00,1.1792453527450562,1.1796625852584839,1.1789672374725342,1.1792453527450562,421
2026-02-25 10:00:00+00:00,1.1784114837646484,1.1791062355041504,1.1784114837646484,1.1791062355041504,813
2026-02-25 11:00:00+00:00,1.1777175664901733,1.1784114837646484,1.1774401664733887,1.1781338453292847,921
2026-02-25 12:00:00+00:00,1.1789672374725342,1.1789672374725342,1.1778563261032104,1.1778563261032104,253
2026-02-25 13:00:00+00:00,1.1777175664901733,1.1793843507766724,1.1777175664901733,1.1789672374725342,786
2026-02-25 14:00:00+00:00,1.1792453527450562,1.1792453527450562,1.1777175664901733,1.1778563261032104,267
2026-02-25 15:00:00+00:00,1.1802195310592651,1.18035888671875,1.178828239440918,1.1789672374725342,266
2026-02-25 16:00:00+00:00,1.1807769536972046,1.1810559034347534,1.1802195310592651,1.1804981231689453,284
2026-02-25 17:00:00+00:00,1.1810559034347534,1.1817537546157837,1.1806375980377197,1.1807769536972046,286
2026-02-25 18:00:00+00:00,1.1807769536972046,1.1814744472503662,1.1807769536972046,1.1811953783035278,245
2026-02-25 19:00:00+00:00,1.1810559034347534,1.1813349723815918,1.1806375980377197,1.1807769536972046,207
2026-02-25 20:00:00+00:00,1.1809163093566895,1.1811953783035278,1.1809163093566895,1.1809163093566895,709
2026-02-25 21:00:00+00:00,1.1813349723815918,1.1816140413284302,1.1806375980377197,1.1809163093566895,124
2026-02-25 22:00:00+00:00,1.1814744472503662,1.1817537546157837,1.1809163093566895,1.1816140413284302,832
2026-02-25 23:00:00+00:00,1.1818934679031372,1.1818934679031372,1.1814744472503662,1.1816140413284302,919
2026-02-26 00:00:00+00:00,1.1820330619812012,1.1823126077651978,1.1816140413284302,1.1818934679031372,529
2026-02-26 01:00:00+00:00,1.1831519603729248,1.1832919120788574,1.1821727752685547,1.1821727752685547,173
2026-02-26 02:00:00+00:00,1.1821727752685547,1.1831519603729248,1.1817537546157837,1.1831519603729248,594
2026-02-26 03:00:00+00:00,1.1821727752685547,1.1825922727584839,1.1820330619812012,1.1821727752685547,482
2026-02-26 04:00:00+00:00,1.1821727752685547,1.1821727752685547,1.1816140413284302,1.1820330619812012,634
2026-02-26 05:00:00+00:00,1.1821727752685547,1.1825922727584839,1.1820330619812012,1.1821727752685547,606
2026-02-26 06:00:00+00:00,1.1823126077651978,1.1825922727584839,1.1818934679031372,1.1823126077651978,400
2026-02-26 07:00:00+00:00,1.1820330619812012,1.1821727752685547,1.1811953783035278,1.1821727752685547,593
2026-02-26 08:00:00+00:00,1.1807769536972046,1.1818934679031372,1.1806375980377197,1.1818934679031372,393
2026-02-26 09:00:00+00:00,1.1802195310592651,1.1809163093566895,1.1800801753997803,1.1806375980377197,381
2026-02-26 10:00:00+00:00,1.1802195310592651,1.1802195310592651,1.1798018217086792,1.1800801753997803,317
2026-02-26 11:00:00+00:00,1.1804981231689453,1.1809163093566895,1.1802195310592651,1.1802195310592651,819
2026-02-26 12:00:00+00:00,1.1811953783035278,1.1813349723815918,1.18035888671875,1.1804981231689453,147
2026-02-26 13:00:00+00:00,1.1810559034347534,1.1820330619812012,1.1806375980377197,1.1813349723815918,974
2026-02-26 14:00:00+00:00,1.1814744472503662,1.1818934679031372,1.1806375980377197,1.1810559034347534,393
2026-02-26 15:00:00+00:00,1.1802195310592651,1.1816140413284302,1.178550362586975,1.1816140413284302,726
2026-02-26 16:00:00+00:00,1.1795234680175781,1.1802195310592651,1.1789672374725342,1.1802195310592651,429
2026-02-26 17:00:00+00:00,1.1777175664901733,1.1795234680175781,1.1777175664901733,1.1795234680175781,861
2026-02-26 18:00:00+00:00,1.1786893606185913,1.1789672374725342,1.1778563261032104,1.177994966506958,496
2026-02-26 19:00:00+00:00,1.1800801753997803,1.1800801753997803,1.178828239440918,1.178828239440918,170
2026-02-26 20:00:00+00:00,1.1806375980377197,1.1806375980377197,1.179940938949585,1.1800801753997803,762
2026-02-26 21:00:00+00:00,1.1800801753997803,1.1806375980377197,1.1800801753997803,1.1804981231689453,587
2026-02-26 22:00:00+00:00,1.1802195310592651,1.1804981231689453,1.1793843507766724,1.1804981231689453,297
2026-02-26 23:00:00+00:00,1.1806375980377197,1.1806375980377197,1.1800801753997803,1.1800801753997803,895
2026-02-27 00:00:00+00:00,1.179940938949585,1.1809163093566895,1.179940938949585,1.1806375980377197,341
2026-02-27 01:00:00+00:00,1.1793843507766724,1.1804981231689453,1.1793843507766724,1.1800801753997803,617
2026-02-27 02:00:00+00:00,1.18035888671875,1.1804981231689453,1.1793843507766724,1.1793843507766724,193
2026-02-27 03:00:00+00:00,1.1807769536972046,1.1810559034347534,1.18035888671875,1.18035888671875,430
2026-02-27 04:00:00+00:00,1.1814744472503662,1.1816140413284302,1.1806375980377197,1.1807769536972046,258
2026-02-27 05:00:00+00:00,1.1811953783035278,1.1814744472503662,1.1810559034347534,1.1814744472503662,735
2026-02-27 06:00:00+00:00,1.1809163093566895,1.1814744472503662,1.1806375980377197,1.1811953783035278,334
2026-02-27 07:00:00+00:00,1.1818934679031372,1.1821727752685547,1.1800801753997803,1.1806375980377197,787
2026-02-27 08:00:00+00:00,1.1811953783035278,1.1824523210525513,1.1811953783035278,1.1818934679031372,487
2026-02-27 09:00:00+00:00,1.1798018217086792,1.1814744472503662,1.1798018217086792,1.1809163093566895,446
2026-02-27 10:00:00+00:00,1.1802195310592651,1.1806375980377197,1.1798018217086792,1.1798018217086792,337
2026-02-27 11:00:00+00:00,1.18035888671875,1.1807769536972046,1.179940938949585,1.1802195310592651,427
2026-02-27 12:00:00+00:00,1.1806375980377197,1.1811953783035278,1.1802195310592651,1.18035888671875,181
2026-02-27 13:00:00+00:00,1.1798018217086792,1.1809163093566895,1.1795234680175781,1.1806375980377197,617
2026-02-27 14:00:00+00:00,1.1800801753997803,1.1817537546157837,1.1795234680175781,1.1796625852584839,182
2026-02-27 15:00:00+00:00,1.1810559034347534,1.1820330619812012,1.1800801753997803,1.1800801753997803,549
2026-02-27 16:00:00+00:00,1.1824523210525513,1.1828720569610596,1.1810559034347534,1.1810559034347534,760
2026-02-27 17:00:00+00:00,1.1821727752685547,1.1830118894577026,1.1820330619812012,1.1825922727584839,906
2026-02-27 18:00:00+00:00,1.1821727752685547,1.1821727752685547,1.1816140413284302,1.1820330619812012,381
2026-02-27 19:00:00+00:00,1.1823126077651978,1.1825922727584839,1.1820330619812012,1.1821727752685547,355
2026-02-27 20:00:00+00:00,1.1818934679031372,1.1828720569610596,1.1818934679031372,1.1823126077651978,558
2026-02-27 21:00:00+00:00,1.1825922727584839,1.1825922727584839,1.1814744472503662,1.1818934679031372,223
2026-02-27 22:00:00+00:00,1.1817537546157837,1.1817537546157837,1.1817537546157837,1.1817537546157837,278
2026-03-02 00:00:00+00:00,1.1777175664901733,1.1778563261032104,1.1761938333511353,1.1761938333511353,768
2026-03-02 01:00:00+00:00,1.1793843507766724,1.1798018217086792,1.1778563261032104,1.1781338453292847,448
2026-03-02 02:00:00+00:00,1.1792453527450562,1.1795234680175781,1.178550362586975,1.1795234680175781,782
2026-03-02 03:00:00+00:00,1.1792453527450562,1.179940938949585,1.1792453527450562,1.1792453527450562,712
2026-03-02 04:00:00+00:00,1.1789672374725342,1.1793843507766724,1.178550362586975,1.1792453527450562,633
2026-03-02 05:00:00+00:00,1.177024483680725,1.178828239440918,1.177024483680725,1.178828239440918,317
2026-03-02 06:00:00+00:00,1.1735711097717285,1.177024483680725,1.173433542251587,1.177024483680725,317
2026-03-02 07:00:00+00:00,1.1719207763671875,1.1737089157104492,1.1709601879119873,1.1735711097717285,850
2026-03-02 08:00:00+00:00,1.1726078987121582,1.1727453470230103,1.1701380014419556,1.172195553779602,626
2026-03-02 09:00:00+00:00,1.1737089157104492,1.1746740341186523,1.1724703311920166,1.1724703311920166,923
2026-03-02 10:00:00+00:00,1.1741223335266113,1.1749500036239624,1.1737089157104492,1.17384672164917,412
2026-03-02 11:00:00+00:00,1.1737089157104492,1.1743981838226318,1.1730204820632935,1.1741223335266113,580
2026-03-02 12:00:00+00:00,1.170823097229004,1.1737089157104492,1.1706860065460205,1.173433542251587,449
2026-03-02 13:00:00+00:00,1.1701380014419556,1.1719207763671875,1.1700011491775513,1.170823097229004,477
2026-03-02 14:00:00+00:00,1.17205810546875,1.1724703311920166,1.169864296913147,1.1700011491775513,243
2026-03-02 15:00:00+00:00,1.1683608293533325,1.171783447265625,1.1683608293533325,1.1716461181640625,277
2026-03-02 16:00:00+00:00,1.1695905923843384,1.1697274446487427,1.1675423383712769,1.1683608293533325,202
2026-03-02 17:00:00+00:00,1.1710972785949707,1.1710972785949707,1.1691803932189941,1.1693171262741089,717
2026-03-02 18:00:00+00:00,1.169864296913147,1.1709601879119873,1.1690436601638794,1.1709601879119873,980
2026-03-02 19:00:00+00:00,1.1715089082717896,1.1716461181640625,1.169864296913147,1.169864296913147,192
2026-03-02 20:00:00+00:00,1.1694538593292236,1.1716461181640625,1.1683608293533325,1.1715089082717896,376
2026-03-02 21:00:00+00:00,1.1693171262741089,1.169864296913147,1.1693171262741089,1.1693171262741089,100
2026-03-02 22:00:00+00:00,1.1690436601638794,1.1695905923843384,1.1690436601638794,1.1695905923843384,904
2026-03-02 23:00:00+00:00,1.1700011491775513,1.1701380014419556,1.1690436601638794,1.1690436601638794,737
2026-03-03 00:00:00+00:00,1.1697274446487427,1.169864296913147,1.1690436601638794,1.1697274446487427,674
2026-03-03 01:00:00+00:00,1.1700011491775513,1.1709601879119873,1.1697274446487427,1.169864296913147,819
2026-03-03 02:00:00+00:00,1.1697274446487427,1.1701380014419556,1.1690436601638794,1.169864296913147,585
2026-03-03 03:00:00+00:00,1.1694538593292236,1.1700011491775513,1.1690436601638794,1.169864296913147,113
2026-03-03 04:00:00+00:00,1.1683608293533325,1.1695905923843384,1.1683608293533325,1.1694538593292236,771
2026-03-03 05:00:00+00:00,1.1671334505081177,1.168770432472229,1.1668611764907837,1.1684973239898682,935
2026-03-03 06:00:00+00:00,1.1672697067260742,1.1674060821533203,1.1665889024734497,1.1669973134994507,487
2026-03-03 07:00:00+00:00,1.1648223400115967,1.1672697067260742,1.1648223400115967,1.1672697067260742,477
2026-03-03 08:00:00+00:00,1.162520408630371,1.164686679840088,1.16225004196167,1.164686679840088,523
2026-03-03 09:00:00+00:00,1.1610356569290161,1.1631964445114136,1.1603620052337646,1.1627906560897827,462
2026-03-03 10:00:00+00:00,1.1594202518463135,1.1615750789642334,1.1594202518463135,1.1610356569290161,763
2026-03-03 11:00:00+00:00,1.1599582433700562,1.160496711730957,1.1586142778396606,1.1595547199249268,316
2026-03-03 12:00:00+00:00,1.1618449687957764,1.1618449687957764,1.1594202518463135,1.1599582433700562,796
2026-03-03 13:00:00+00:00,1.1595547199249268,1.1617100238800049,1.1595547199249268,1.1615750789642334,789
2026-03-03 14:00:00+00:00,1.1570056676864624,1.160092830657959,1.1570056676864624,1.15968918800354,545
2026-03-03 15:00:00+00:00,1.1576753854751587,1.1584800481796265,1.1535356044769287,1.157273530960083,911
2026-03-03 16:00:00+00:00,1.1609008312225342,1.1609008312225342,1.1574074029922485,1.1576753854751587,664
2026-03-03 17:00:00+00:00,1.1595547199249268,1.1606314182281494,1.159151554107666,1.160496711730957,561
2026-03-03 18:00:00+00:00,1.1619800329208374,1.1623852252960205,1.1594202518463135,1.1594202518463135,800
2026-03-03 19:00:00+00:00,1.1618449687957764,1.1627906560897827,1.160496711730957,1.1619800329208374,805
2026-03-03 20:00:00+00:00,1.1621150970458984,1.1626555919647217,1.1615750789642334,1.1617100238800049,317
2026-03-03 21:00:00+00:00,1.1615750789642334,1.1621150970458984,1.16130530834198,1.1621150970458984,743
2026-03-03 22:00:00+00:00,1.161440134048462,1.16225004196167,1.1609008312225342,1.1619800329208374,793
2026-03-03 23:00:00+00:00,1.1615750789642334,1.1623852252960205,1.161440134048462,1.1618449687957764,718
2026-03-04 00:00:00+00:00,1.15968918800354,1.16130530834198,1.15968918800354,1.16130530834198,963
2026-03-04 01:00:00+00:00,1.15968918800354,1.160092830657959,1.1579434871673584,1.15968918800354,691
2026-03-04 02:00:00+00:00,1.1602274179458618,1.1607661247253418,1.1595547199249268,1.15968918800354,361
2026-03-04 03:00:00+00:00,1.161170482635498,1.16130530834198,1.1599582433700562,1.160092830657959,805
2026-03-04 04:00:00+00:00,1.1598236560821533,1.16130530834198,1.1595547199249268,1.16130530834198,146
2026-03-04 05:00:00+00:00,1.1598236560821533,1.1602274179458618,1.1590172052383423,1.1595547199249268,187
2026-03-04 06:00:00+00:00,1.161440134048462,1.1621150970458984,1.1592857837677002,1.15968918800354,777
2026-03-04 07:00:00+00:00,1.1621150970458984,1.1627906560897827,1.1615750789642334,1.1615750789642334,313
2026-03-04 08:00:00+00:00,1.1602274179458618,1.1619800329208374,1.160092830657959,1.1619800329208374,466
2026-03-04 09:00:00+00:00,1.161170482635498,1.1623852252960205,1.1599582433700562,1.1602274179458618,162
2026-03-04 10:00:00+00:00,1.1637378931045532,1.1648223400115967,1.16130530834198,1.16130530834198,462
2026-03-04 11:00:00+00:00,1.163873314857483,1.1657729148864746,1.163602590560913,1.1637378931045532,190
2026-03-04 12:00:00+00:00,1.163061261177063,1.1650937795639038,1.163061261177063,1.163873314857483,673
2026-03-04 13:00:00+00:00,1.163602590560913,1.1653653383255005,1.1634671688079834,1.163602590560913,905
2026-03-04 14:00:00+00:00,1.1627906560897827,1.1642799377441406,1.1626555919647217,1.1634671688079834,811
2026-03-04 15:00:00+00:00,1.1641442775726318,1.1642799377441406,1.1621150970458984,1.1627906560897827,522
2026-03-04 16:00:00+00:00,1.1640088558197021,1.1648223400115967,1.1633317470550537,1.1644154787063599,122
2026-03-04 17:00:00+00:00,1.163602590560913,1.1645511388778687,1.163061261177063,1.1641442775726318,849
2026-03-04 18:00:00+00:00,1.1626555919647217,1.163602590560913,1.1626555919647217,1.163602590560913,489
2026-03-04 19:00:00+00:00,1.1644154787063599,1.1644154787063599,1.1629259586334229,1.1629259586334229,697
2026-03-04 20:00:00+00:00,1.1645511388778687,1.164686679840088,1.1642799377441406,1.1644154787063599,253
2026-03-04 21:00:00+00:00,1.1642799377441406,1.1645511388778687,1.163873314857483,1.1644154787063599,345
2026-03-04 22:00:00+00:00,1.1637378931045532,1.1640088558197021,1.1633317470550537,1.163602590560913,876
2026-03-04 23:00:00+00:00,1.163873314857483,1.1642799377441406,1.1637378931045532,1.163873314857483,687
2026-03-05 00:00:00+00:00,1.1648223400115967,1.164958119392395,1.163602590560913,1.1637378931045532,687
2026-03-05 01:00:00+00:00,1.1631964445114136,1.164958119392395,1.1631964445114136,1.1648223400115967,373
2026-03-05 02:00:00+00:00,1.1629259586334229,1.1634671688079834,1.1626555919647217,1.163061261177063,237
2026-03-05 03:00:00+00:00,1.1615750789642334,1.163061261177063,1.16130530834198,1.1629259586334229,952
2026-03-05 04:00:00+00:00,1.161170482635498,1.1618449687957764,1.1610356569290161,1.1615750789642334,540
2026-03-05 05:00:00+00:00,1.1598236560821533,1.1617100238800049,1.1598236560821533,1.161170482635498,468
2026-03-05 06:00:00+00:00,1.1609008312225342,1.1617100238800049,1.159151554107666,1.1598236560821533,858
2026-03-05 07:00:00+00:00,1.1609008312225342,1.1619800329208374,1.160496711730957,1.161170482635498,187
2026-03-05 08:00:00+00:00,1.1602274179458618,1.1606314182281494,1.1586142778396606,1.1606314182281494,617
2026-03-05 09:00:00+00:00,1.1626555919647217,1.1642799377441406,1.160092830657959,1.160092830657959,575
2026-03-05 10:00:00+00:00,1.161440134048462,1.163061261177063,1.1609008312225342,1.1626555919647217,620
2026-03-05 11:00:00+00:00,1.161440134048462,1.1619800329208374,1.1607661247253418,1.161440134048462,131
2026-03-05 12:00:00+00:00,1.162520408630371,1.1627906560897827,1.1610356569290161,1.16130530834198,235
2026-03-05 13:00:00+00:00,1.160092830657959,1.1626555919647217,1.1594202518463135,1.16225004196167,672
2026-03-05 14:00:00+00:00,1.160496711730957,1.161170482635498,1.15968918800354,1.160092830657959,688
2026-03-05 15:00:00+00:00,1.1587486267089844,1.161170482635498,1.1574074029922485,1.1609008312225342,933
2026-03-05 16:00:00+00:00,1.1586142778396606,1.1590172052383423,1.156336784362793,1.1584800481796265,851
2026-03-05 17:00:00+00:00,1.159151554107666,1.1592857837677002,1.1576753854751587,1.1587486267089844,678
2026-03-05 18:00:00+00:00,1.1590172052383423,1.1595547199249268,1.1575413942337036,1.159151554107666,846
2026-03-05 19:00:00+00:00,1.1574074029922485,1.1590172052383423,1.1574074029922485,1.1588828563690186,231
2026-03-05 20:00:00+00:00,1.1607661247253418,1.16130530834198,1.1574074029922485,1.1576753854751587,996
2026-03-05 21:00:00+00:00,1.161170482635498,1.16130530834198,1.1606314182281494,1.1607661247253418,983
2026-03-05 22:00:00+00:00,1.1615750789642334,1.1617100238800049,1.160092830657959,1.161440134048462,404
2026-03-05 23:00:00+00:00,1.161170482635498,1.161440134048462,1.1607661247253418,1.16130530834198,823
2026-03-06 00:00:00+00:00,1.161440134048462,1.1617100238800049,1.1607661247253418,1.1609008312225342,747
2026-03-06 01:00:00+00:00,1.1618449687957764,1.1623852252960205,1.1610356569290161,1.161440134048462,463
2026-03-06 02:00:00+00:00,1.1619800329208374,1.16225004196167,1.1617100238800049,1.1618449687957764,151
2026-03-06 03:00:00+00:00,1.1623852252960205,1.1623852252960205,1.1618449687957764,1.1619800329208374,955
2026-03-06 04:00:00+00:00,1.1617100238800049,1.1623852252960205,1.1617100238800049,1.1623852252960205,950
2026-03-06 05:00:00+00:00,1.1609008312225342,1.1619800329208374,1.1609008312225342,1.1615750789642334,279
2026-03-06 06:00:00+00:00,1.161440134048462,1.1615750789642334,1.1606314182281494,1.161170482635498,762
2026-03-06 07:00:00+00:00,1.1617100238800049,1.1621150970458984,1.1610356569290161,1.161440134048462,810
2026-03-06 08:00:00+00:00,1.1606314182281494,1.1617100238800049,1.1606314182281494,1.1617100238800049,445
2026-03-06 09:00:00+00:00,1.1578094959259033,1.160496711730957,1.1575413942337036,1.160496711730957,837
2026-03-06 10:00:00+00:00,1.1583458185195923,1.1587486267089844,1.1576753854751587,1.1578094959259033,115
2026-03-06 11:00:00+00:00,1.1566041707992554,1.1583458185195923,1.1564704179763794,1.1582117080688477,985
2026-03-06 12:00:00+00:00,1.1558021306991577,1.157139539718628,1.1556684970855713,1.156738042831421,903
2026-03-06 13:00:00+00:00,1.1560693979263306,1.1594202518463135,1.1555349826812744,1.1560693979263306,751
2026-03-06 14:00:00+00:00,1.1574074029922485,1.1578094959259033,1.1551345586776733,1.1560693979263306,247
2026-03-06 15:00:00+00:00,1.1582117080688477,1.1594202518463135,1.1575413942337036,1.1579434871673584,558
2026-03-06 16:00:00+00:00,1.1610356569290161,1.1615750789642334,1.1583458185195923,1.1583458185195923,910
2026-03-06 17:00:00+00:00,1.1599582433700562,1.1610356569290161,1.1598236560821533,1.1609008312225342,613
2026-03-06 18:00:00+00:00,1.160496711730957,1.16225004196167,1.15968918800354,1.1599582433700562,989
2026-03-06 19:00:00+00:00,1.1606314182281494,1.161170482635498,1.160092830657959,1.1602274179458618,315
2026-03-06 20:00:00+00:00,1.1609008312225342,1.161170482635498,1.1599582433700562,1.1606314182281494,372
2026-03-06 21:00:00+00:00,1.1621150970458984,1.16225004196167,1.1609008312225342,1.1609008312225342,640
2026-03-06 22:00:00+00:00,1.1621150970458984,1.162520408630371,1.1621150970458984,1.162520408630371,712
2026-03-09 00:00:00+00:00,1.1520737409591675,1.15340256690979,1.1519410610198975,1.1526048183441162,220
2026-03-09 01:00:00+00:00,1.1512778997421265,1.1526048183441162,1.151145339012146,1.1519410610198975,661
2026-03-09 02:00:00+00:00,1.1528706550598145,1.1530035734176636,1.1512778997421265,1.151543140411377,868
2026-03-09 03:00:00+00:00,1.1519410610198975,1.1531364917755127,1.1516757011413574,1.1531364917755127,121
2026-03-09 04:00:00+00:00,1.1528706550598145,1.1532695293426514,1.1519410610198975,1.1522064208984375,678
2026-03-09 05:00:00+00:00,1.157139539718628,1.1574074029922485,1.1528706550598145,1.1528706550598145,174
2026-03-09 06:00:00+00:00,1.155001163482666,1.157139539718628,1.155001163482666,1.1568717956542969,872
2026-03-09 07:00:00+00:00,1.1566041707992554,1.156738042831421,1.154068112373352,1.1555349826812744,819
2026-03-09 08:00:00+00:00,1.1538017988204956,1.1568717956542969,1.1520737409591675,1.1568717956542969,648
2026-03-09 09:00:00+00:00,1.1558021306991577,1.1574074029922485,1.1535356044769287,1.1539349555969238,435
2026-03-09 10:00:00+00:00,1.1564704179763794,1.1566041707992554,1.1551345586776733,1.1556684970855713,149
2026-03-09 11:00:00+00:00,1.156336784362793,1.1570056676864624,1.1559356451034546,1.156336784362793,533
2026-03-09 12:00:00+00:00,1.1556684970855713,1.157139539718628,1.155401587486267,1.1564704179763794,857
2026-03-09 13:00:00+00:00,1.1579434871673584,1.1590172052383423,1.1558021306991577,1.1559356451034546,377
2026-03-09 14:00:00+00:00,1.1576753854751587,1.1579434871673584,1.1551345586776733,1.1578094959259033,166
2026-03-09 15:00:00+00:00,1.1595547199249268,1.15968918800354,1.1579434871673584,1.1579434871673584,226
2026-03-09 16:00:00+00:00,1.159151554107666,1.1602274179458618,1.1590172052383423,1.15968918800354,307
2026-03-09 17:00:00+00:00,1.1582117080688477,1.159151554107666,1.1582117080688477,1.159151554107666,691
2026-03-09 18:00:00+00:00,1.1579434871673584,1.1587486267089844,1.1579434871673584,1.1583458185195923,493
2026-03-09 19:00:00+00:00,1.161170482635498,1.1634671688079834,1.1579434871673584,1.1579434871673584,393
2026-03-09 20:00:00+00:00,1.163873314857483,1.1640088558197021,1.1615750789642334,1.1617100238800049,130
2026-03-09 21:00:00+00:00,1.1640088558197021,1.1642799377441406,1.1631964445114136,1.1640088558197021,829
2026-03-09 22:00:00+00:00,1.1631964445114136,1.1648223400115967,1.1626555919647217,1.1644154787063599,837
2026-03-09 23:00:00+00:00,1.1619800329208374,1.1634671688079834,1.1618449687957764,1.1631964445114136,179
2026-03-10 00:00:00+00:00,1.1629259586334229,1.163873314857483,1.1615750789642334,1.1619800329208374,153
2026-03-10 01:00:00+00:00,1.1623852252960205,1.1631964445114136,1.1615750789642334,1.1629259586334229,458
2026-03-10 02:00:00+00:00,1.1615750789642334,1.163061261177063,1.1615750789642334,1.162520408630371,422
2026-03-10 03:00:00+00:00,1.16130530834198,1.1618449687957764,1.161170482635498,1.1617100238800049,928
2026-03-10 04:00:00+00:00,1.1615750789642334,1.1618449687957764,1.1610356569290161,1.1610356569290161,322
2026-03-10 05:00:00+00:00,1.16225004196167,1.16225004196167,1.1615750789642334,1.1615750789642334,465
2026-03-10 06:00:00+00:00,1.163602590560913,1.1640088558197021,1.162520408630371,1.162520408630371,451
2026-03-10 07:00:00+00:00,1.1664528846740723,1.1665889024734497,1.1631964445114136,1.1633317470550537,900
2026-03-10 08:00:00+00:00,1.164958119392395,1.1663167476654053,1.164686679840088,1.16604483127594,494
2026-03-10 09:00:00+00:00,1.1655012369155884,1.1661807298660278,1.1648223400115967,1.1648223400115967,251
2026-03-10 10:00:00+00:00,1.1642799377441406,1.1653653383255005,1.1623852252960205,1.1653653383255005,500
2026-03-10 11:00:00+00:00,1.1642799377441406,1.1656370162963867,1.1640088558197021,1.1642799377441406,864
2026-03-10 12:00:00+00:00,1.1637378931045532,1.1644154787063599,1.162520408630371,1.1644154787063599,760
2026-03-10 13:00:00+00:00,1.163602590560913,1.1650937795639038,1.1633317470550537,1.1640088558197021,774
2026-03-10 14:00:00+00:00,1.1652295589447021,1.1652295589447021,1.1631964445114136,1.1631964445114136,878
2026-03-10 15:00:00+00:00,1.1650937795639038,1.1657729148864746,1.1644154787063599,1.1653653383255005,757
2026-03-10 16:00:00+00:00,1.1655012369155884,1.1657729148864746,1.1642799377441406,1.1648223400115967,667
2026-03-10 17:00:00+00:00,1.1648223400115967,1.1669973134994507,1.1645511388778687,1.1656370162963867,464
2026-03-10 18:00:00+00:00,1.1627906560897827,1.1648223400115967,1.1618449687957764,1.1648223400115967,393
2026-03-10 19:00:00+00:00,1.1617100238800049,1.1631964445114136,1.16130530834198,1.1627906560897827,784
2026-03-10 20:00:00+00:00,1.161440134048462,1.1618449687957764,1.161170482635498,1.1617100238800049,649
2026-03-10 21:00:00+00:00,1.1609008312225342,1.1619800329208374,1.1609008312225342,1.1615750789642334,213
2026-03-10 22:00:00+00:00,1.1609008312225342,1.1615750789642334,1.1606314182281494,1.16130530834198,114
2026-03-10 23:00:00+00:00,1.161440134048462,1.161440134048462,1.1609008312225342,1.1610356569290161,464
2026-03-11 00:00:00+00:00,1.16225004196167,1.1627906560897827,1.1610356569290161,1.1615750789642334,990
2026-03-11 01:00:00+00:00,1.163061261177063,1.163061261177063,1.1615750789642334,1.16225004196167,307
2026-03-11 02:00:00+00:00,1.1629259586334229,1.1631964445114136,1.16225004196167,1.163061261177063,574
2026-03-11 03:00:00+00:00,1.1633317470550537,1.1634671688079834,1.1629259586334229,1.163061261177063,101
2026-03-11 04:00:00+00:00,1.1637378931045532,1.163873314857483,1.1631964445114136,1.1633317470550537,300
2026-03-11 05:00:00+00:00,1.163602590560913,1.163873314857483,1.1633317470550537,1.1637378931045532,772
2026-03-11 06:00:00+00:00,1.1637378931045532,1.1642799377441406,1.1633317470550537,1.1637378931045532,968
2026-03-11 07:00:00+00:00,1.1621150970458984,1.1644154787063599,1.1618449687957764,1.1637378931045532,579
2026-03-11 08:00:00+00:00,1.1615750789642334,1.1623852252960205,1.1609008312225342,1.1618449687957764,891
2026-03-11 09:00:00+00:00,1.1595547199249268,1.1609008312225342,1.1594202518463135,1.1609008312225342,281
2026-03-11 10:00:00+00:00,1.1610356569290161,1.161440134048462,1.1595547199249268,1.1595547199249268,594
2026-03-11 11:00:00+00:00,1.1599582433700562,1.16130530834198,1.1599582433700562,1.1610356569290161,842
2026-03-11 12:00:00+00:00,1.1584800481796265,1.160496711730957,1.1582117080688477,1.1598236560821533,470
2026-03-11 13:00:00+00:00,1.1595547199249268,1.1595547199249268,1.1583458185195923,1.1588828563690186,685
2026-03-11 14:00:00+00:00,1.1584800481796265,1.16130530834198,1.1584800481796265,1.1602274179458618,883
2026-03-11 15:00:00+00:00,1.1570056676864624,1.1586142778396606,1.1570056676864624,1.1586142778396606,779
2026-03-11 16:00:00+00:00,1.1574074029922485,1.1578094959259033,1.156738042831421,1.1568717956542969,953
2026-03-11 17:00:00+00:00,1.1574074029922485,1.1579434871673584,1.156738042831421,1.1574074029922485,507
2026-03-11 18:00:00+00:00,1.1575413942337036,1.1578094959259033,1.156738042831421,1.1575413942337036,377
2026-03-11 19:00:00+00:00,1.1576753854751587,1.1579434871673584,1.157273530960083,1.1574074029922485,870
2026-03-11 20:00:00+00:00,1.1570056676864624,1.1575413942337036,1.1568717956542969,1.1575413942337036,485
2026-03-11 21:00:00+00:00,1.1578094959259033,1.1578094959259033,1.1570056676864624,1.1570056676864624,650
2026-03-11 22:00:00+00:00,1.155401587486267,1.1575413942337036,1.1552680730819702,1.1575413942337036,413
2026-03-11 23:00:00+00:00,1.1546010971069336,1.1555349826812744,1.154334545135498,1.1555349826812744,332
2026-03-12 00:00:00+00:00,1.1548677682876587,1.1552680730819702,1.1538017988204956,1.1544678211212158,676
2026-03-12 01:00:00+00:00,1.155401587486267,1.1558021306991577,1.1548677682876587,1.155001163482666,835
2026-03-12 02:00:00+00:00,1.1542012691497803,1.1556684970855713,1.1536686420440674,1.155401587486267,309
2026-03-12 03:00:00+00:00,1.1542012691497803,1.154334545135498,1.1536686420440674,1.1542012691497803,343
2026-03-12 04:00:00+00:00,1.1536686420440674,1.154334545135498,1.1535356044769287,1.1542012691497803,798
2026-03-12 05:00:00+00:00,1.154334545135498,1.1548677682876587,1.1536686420440674,1.1536686420440674,715
2026-03-12 06:00:00+00:00,1.1551345586776733,1.155401587486267,1.1544678211212158,1.1544678211212158,667
2026-03-12 07:00:00+00:00,1.155401587486267,1.1555349826812744,1.1546010971069336,1.155001163482666,676
2026-03-12 08:00:00+00:00,1.155001163482666,1.1559356451034546,1.1547343730926514,1.1556684970855713,822
2026-03-12 09:00:00+00:00,1.156336784362793,1.156336784362793,1.1548677682876587,1.1548677682876587,822
2026-03-12 10:00:00+00:00,1.156203031539917,1.1566041707992554,1.1552680730819702,1.156336784362793,455
2026-03-12 11:00:00+00:00,1.1559356451034546,1.1568717956542969,1.1555349826812744,1.156203031539917,162
2026-03-12 12:00:00+00:00,1.1542012691497803,1.1559356451034546,1.1536686420440674,1.1559356451034546,179
2026-03-12 13:00:00+00:00,1.1530035734176636,1.1552680730819702,1.1524720191955566,1.1546010971069336,945
2026-03-12 14:00:00+00:00,1.1524720191955566,1.1536686420440674,1.1520737409591675,1.15340256690979,793
2026-03-12 15:00:00+00:00,1.1524720191955566,1.1528706550598145,1.151410460472107,1.1519410610198975,652
2026-03-12 16:00:00+00:00,1.1524720191955566,1.1532695293426514,1.1518083810806274,1.1526048183441162,709
2026-03-12 17:00:00+00:00,1.1524720191955566,1.15340256690979,1.1524720191955566,1.1527377367019653,915
2026-03-12 18:00:00+00:00,1.151543140411377,1.1526048183441162,1.151543140411377,1.1526048183441162,143
2026-03-12 19:00:00+00:00,1.1518083810806274,1.1522064208984375,1.151410460472107,1.151410460472107,323
2026-03-12 20:00:00+00:00,1.151410460472107,1.1519410610198975,1.151410460472107,1.1516757011413574,777
2026-03-12 21:00:00+00:00,1.151410460472107,1.1518083810806274,1.151145339012146,1.1516757011413574,497
2026-03-12 22:00:00+00:00,1.1522064208984375,1.152339220046997,1.151543140411377,1.1516757011413574,387
2026-03-12 23:00:00+00:00,1.1526048183441162,1.1526048183441162,1.1519410610198975,1.1522064208984375,473
2026-03-13 00:00:00+00:00,1.1527377367019653,1.1531364917755127,1.1524720191955566,1.1526048183441162,186
2026-03-13 01:00:00+00:00,1.1519410610198975,1.1532695293426514,1.1518083810806274,1.1528706550598145,298
2026-03-13 02:00:00+00:00,1.1516757011413574,1.1524720191955566,1.151410460472107,1.1520737409591675,938
2026-03-13 03:00:00+00:00,1.1512778997421265,1.1516757011413574,1.1508804559707642,1.1516757011413574,723
2026-03-13 04:00:00+00:00,1.1507480144500732,1.1512778997421265,1.15035080909729,1.1512778997421265,622
2026-03-13 05:00:00+00:00,1.15035080909729,1.1508804559707642,1.15035080909729,1.1507480144500732,933
2026-03-13 06:00:00+00:00,1.1486331224441528,1.1506155729293823,1.1486331224441528,1.1506155729293823,987
2026-03-13 07:00:00+00:00,1.1461317539215088,1.1485011577606201,1.1458691358566284,1.1481056213378906,372
2026-03-13 08:00:00+00:00,1.144819736480713,1.145737886428833,1.1436413526535034,1.145737886428833,319
2026-03-13 09:00:00+00:00,1.1456066370010376,1.1463946104049683,1.145081877708435,1.145213007926941,948
2026-03-13 10:00:00+00:00,1.1461317539215088,1.147446870803833,1.1456066370010376,1.1458691358566284,411
2026-03-13 11:00:00+00:00,1.147315263748169,1.147446870803833,1.1458691358566284,1.1463946104049683,722
2026-03-13 12:00:00+00:00,1.1481056213378906,1.1488970518112183,1.1465259790420532,1.1470520496368408,596
2026-03-13 13:00:00+00:00,1.1482374668121338,1.1491611003875732,1.1477103233337402,1.148369312286377,733
2026-03-13 14:00:00+00:00,1.1460003852844238,1.1487650871276855,1.1460003852844238,1.1478420495986938,689
2026-03-13 15:00:00+00:00,1.144688606262207,1.1463946104049683,1.1439030170440674,1.1458691358566284,497
2026-03-13 16:00:00+00:00,1.1445575952529907,1.145213007926941,1.1440337896347046,1.1445575952529907,757
2026-03-13 17:00:00+00:00,1.1445575952529907,1.144819736480713,1.1437721252441406,1.144426703453064,301
2026-03-13 18:00:00+00:00,1.1439030170440674,1.1445575952529907,1.1436413526535034,1.1445575952529907,625
2026-03-13 19:00:00+00:00,1.1425960063934326,1.1440337896347046,1.1423349380493164,1.1439030170440674,164
2026-03-13 20:00:00+00:00,1.1419435739517212,1.1425960063934326,1.141422152519226,1.1424654722213745,996
2026-03-13 21:00:00+00:00,1.1423349380493164,1.1423349380493164,1.1419435739517212,1.1419435739517212,955
2026-03-16 00:00:00+00:00,1.1458691358566284,1.1458691358566284,1.144164800643921,1.144164800643921,671
2026-03-16 01:00:00+00:00,1.145213007926941,1.1458691358566284,1.144426703453064,1.1458691358566284,420
2026-03-16 02:00:00+00:00,1.145213007926941,1.1454753875732422,1.1449507474899292,1.145213007926941,637
2026-03-16 03:00:00+00:00,1.1453442573547363,1.145737886428833,1.1449507474899292,1.145213007926941,903
2026-03-16 04:00:00+00:00,1.1445575952529907,1.1454753875732422,1.1445575952529907,1.1453442573547363,727
2026-03-16 05:00:00+00:00,1.1437721252441406,1.144688606262207,1.1436413526535034,1.1445575952529907,472
2026-03-16 06:00:00+00:00,1.1435105800628662,1.1440337896347046,1.1428571939468384,1.1436413526535034,528
2026-03-16 07:00:00+00:00,1.1428571939468384,1.1437721252441406,1.1419435739517212,1.143379807472229,697
2026-03-16 08:00:00+00:00,1.144688606262207,1.144819736480713,1.142987847328186,1.1432491540908813,141
2026-03-16 09:00:00+00:00,1.1453442573547363,1.1456066370010376,1.144426703453064,1.144688606262207,138
2026-03-16 10:00:00+00:00,1.1478420495986938,1.1479737758636475,1.145213007926941,1.145213007926941,293
2026-03-16 11:00:00+00:00,1.1482374668121338,1.1488970518112183,1.147446870803833,1.1475785970687866,543
2026-03-16 12:00:00+00:00,1.1477103233337402,1.1491611003875732,1.1475785970687866,1.1482374668121338,198
2026-03-16 13:00:00+00:00,1.15035080909729,1.15035080909729,1.1479737758636475,1.1479737758636475,489
2026-03-16 14:00:00+00:00,1.1491611003875732,1.150483250617981,1.1485011577606201,1.1502184867858887,698
2026-03-16 15:00:00+00:00,1.1490291357040405,1.15035080909729,1.1485011577606201,1.1492931842803955,924
2026-03-16 16:00:00+00:00,1.1496896743774414,1.1502184867858887,1.1481056213378906,1.1488970518112183,843
2026-03-16 17:00:00+00:00,1.1495574712753296,1.1507480144500732,1.1494252681732178,1.1502184867858887,685
2026-03-16 18:00:00+00:00,1.1520737409591675,1.1526048183441162,1.1496896743774414,1.1496896743774414,170
2026-03-16 19:00:00+00:00,1.151012897491455,1.1527377367019653,1.151012897491455,1.152339220046997,638
2026-03-16 20:00:00+00:00,1.151145339012146,1.1512778997421265,1.1506155729293823,1.1512778997421265,834
2026-03-16 21:00:00+00:00,1.1508804559707642,1.1512778997421265,1.1506155729293823,1.1508804559707642,619
2026-03-16 22:00:00+00:00,1.1502184867858887,1.1507480144500732,1.1502184867858887,1.1507480144500732,261
2026-03-16 23:00:00+00:00,1.1502184867858887,1.15035080909729,1.1498217582702637,1.15035080909729,657
2026-03-17 00:00:00+00:00,1.1495574712753296,1.1499539613723755,1.1492931842803955,1.1499539613723755,231
2026-03-17 01:00:00+00:00,1.1496896743774414,1.1498217582702637,1.1490291357040405,1.1495574712753296,251
2026-03-17 02:00:00+00:00,1.1498217582702637,1.1502184867858887,1.1495574712753296,1.1495574712753296,716
2026-03-17 03:00:00+00:00,1.1495574712753296,1.150483250617981,1.1495574712753296,1.1496896743774414,849
2026-03-17 04:00:00+00:00,1.1500862836837769,1.15035080909729,1.1492931842803955,1.1495574712753296,757
2026-03-17 05:00:00+00:00,1.148369312286377,1.1502184867858887,1.1482374668121338,1.1499539613723755,798
2026-03-17 06:00:00+00:00,1.1485011577606201,1.1485011577606201,1.1470520496368408,1.1482374668121338,510
2026-03-17 07:00:00+00:00,1.1498217582702637,1.15035080909729,1.148369312286377,1.1485011577606201,793
2026-03-17 08:00:00+00:00,1.151410460472107,1.1519410610198975,1.1491611003875732,1.1498217582702637,575
2026-03-17 09:00:00+00:00,1.1519410610198975,1.1527377367019653,1.1512778997421265,1.151543140411377,843
2026-03-17 10:00:00+00:00,1.151012897491455,1.1518083810806274,1.1507480144500732,1.151410460472107,233
2026-03-17 11:00:00+00:00,1.151012897491455,1.1522064208984375,1.1508804559707642,1.1508804559707642,833
2026-03-17 12:00:00+00:00,1.1527377367019653,1.1527377367019653,1.1507480144500732,1.151012897491455,759
2026-03-17 13:00:00+00:00,1.15340256690979,1.1544678211212158,1.1530035734176636,1.1530035734176636,759
2026-03-17 14:00:00+00:00,1.1536686420440674,1.154068112373352,1.1524720191955566,1.1531364917755127,760
2026-03-17 15:00:00+00:00,1.1528706550598145,1.154068112373352,1.1524720191955566,1.1538017988204956,420
2026-03-17 16:00:00+00:00,1.1531364917755127,1.1535356044769287,1.152339220046997,1.1526048183441162,681
2026-03-17 17:00:00+00:00,1.1542012691497803,1.154334545135498,1.1530035734176636,1.1530035734176636,520
2026-03-17 18:00:00+00:00,1.1542012691497803,1.1551345586776733,1.1542012691497803,1.1544678211212158,861
2026-03-17 19:00:00+00:00,1.1538017988204956,1.1544678211212158,1.1538017988204956,1.154334545135498,782
2026-03-17 20:00:00+00:00,1.1544678211212158,1.1544678211212158,1.1539349555969238,1.1539349555969238,600
2026-03-17 21:00:00+00:00,1.154068112373352,1.1546010971069336,1.1536686420440674,1.154334545135498,202
2026-03-17 22:00:00+00:00,1.154334545135498,1.1547343730926514,1.1542012691497803,1.1542012691497803,925
2026-03-17 23:00:00+00:00,1.1542012691497803,1.1544678211212158,1.1542012691497803,1.154334545135498,667
2026-03-18 00:00:00+00:00,1.1536686420440674,1.1546010971069336,1.1536686420440674,1.154068112373352,617
2026-03-18 01:00:00+00:00,1.1536686420440674,1.154334545135498,1.1536686420440674,1.1536686420440674,427
2026-03-18 02:00:00+00:00,1.1536686420440674,1.1542012691497803,1.1535356044769287,1.1538017988204956,239
2026-03-18 03:00:00+00:00,1.1539349555969238,1.1539349555969238,1.1535356044769287,1.1535356044769287,133
2026-03-18 04:00:00+00:00,1.1544678211212158,1.1546010971069336,1.154068112373352,1.154068112373352,746
2026-03-18 05:00:00+00:00,1.155001163482666,1.155001163482666,1.154334545135498,1.1544678211212158,461
2026-03-18 06:00:00+00:00,1.1546010971069336,1.1552680730819702,1.154334545135498,1.155001163482666,145
2026-03-18 07:00:00+00:00,1.1530035734176636,1.1548677682876587,1.1527377367019653,1.1544678211212158,178
2026-03-18 08:00:00+00:00,1.1535356044769287,1.1536686420440674,1.1522064208984375,1.1528706550598145,481
2026-03-18 09:00:00+00:00,1.1542012691497803,1.1542012691497803,1.1530035734176636,1.15340256690979,844
2026-03-18 10:00:00+00:00,1.154334545135498,1.1547343730926514,1.1538017988204956,1.1542012691497803,675
2026-03-18 11:00:00+00:00,1.155001163482666,1.1556684970855713,1.1536686420440674,1.1544678211212158,454
2026-03-18 12:00:00+00:00,1.151145339012146,1.1551345586776733,1.1508804559707642,1.1548677682876587,771
2026-03-18 13:00:00+00:00,1.1518083810806274,1.1518083810806274,1.1496896743774414,1.151012897491455,194
2026-03-18 14:00:00+00:00,1.1520737409591675,1.1528706550598145,1.1508804559707642,1.1518083810806274,175
2026-03-18 15:00:00+00:00,1.151543140411377,1.1530035734176636,1.151543140411377,1.1524720191955566,368
2026-03-18 16:00:00+00:00,1.151410460472107,1.1524720191955566,1.151012897491455,1.1516757011413574,845
2026-03-18 17:00:00+00:00,1.1519410610198975,1.1519410610198975,1.1506155729293823,1.151543140411377,748
2026-03-18 18:00:00+00:00,1.1482374668121338,1.1527377367019653,1.1482374668121338,1.1527377367019653,315
2026-03-18 19:00:00+00:00,1.147315263748169,1.1485011577606201,1.147315263748169,1.1481056213378906,290
2026-03-18 20:00:00+00:00,1.1454753875732422,1.147315263748169,1.1454753875732422,1.1471836566925049,457
2026-03-18 21:00:00+00:00,1.1470520496368408,1.1475785970687866,1.145213007926941,1.145213007926941,497
2026-03-18 22:00:00+00:00,1.1460003852844238,1.1467890739440918,1.1454753875732422,1.1466574668884277,442
2026-03-18 23:00:00+00:00,1.1466574668884277,1.1469204425811768,1.1461317539215088,1.1461317539215088,394
2026-03-19 00:00:00+00:00,1.1478420495986938,1.1478420495986938,1.1466574668884277,1.1466574668884277,342
2026-03-19 01:00:00+00:00,1.1479737758636475,1.1486331224441528,1.1478420495986938,1.1478420495986938,641
2026-03-19 02:00:00+00:00,1.1486331224441528,1.1492931842803955,1.1475785970687866,1.1478420495986938,918
2026-03-19 03:00:00+00:00,1.1478420495986938,1.1486331224441528,1.1478420495986938,1.1486331224441528,926
2026-03-19 04:00:00+00:00,1.1471836566925049,1.1478420495986938,1.1470520496368408,1.1477103233337402,155
2026-03-19 05:00:00+00:00,1.1469204425811768,1.147446870803833,1.1467890739440918,1.147315263748169,332
2026-03-19 06:00:00+00:00,1.1467890739440918,1.1479737758636475,1.1463946104049683,1.1469204425811768,801
2026-03-19 07:00:00+00:00,1.1456066370010376,1.1477103233337402,1.1454753875732422,1.1470520496368408,952
2026-03-19 08:00:00+00:00,1.1454753875732422,1.1461317539215088,1.144688606262207,1.145737886428833,325
2026-03-19 09:00:00+00:00,1.148369312286377,1.1488970518112183,1.145737886428833,1.145737886428833,335
2026-03-19 10:00:00+00:00,1.1477103233337402,1.1481056213378906,1.1470520496368408,1.1479737758636475,192
2026-03-19 11:00:00+00:00,1.1482374668121338,1.148369312286377,1.1470520496368408,1.1477103233337402,625
2026-03-19 12:00:00+00:00,1.1491611003875732,1.1492931842803955,1.1467890739440918,1.1482374668121338,207
2026-03-19 13:00:00+00:00,1.1519410610198975,1.152339220046997,1.1475785970687866,1.1490291357040405,595
2026-03-19 14:00:00+00:00,1.1520737409591675,1.1528706550598145,1.1506155729293823,1.1522064208984375,135
2026-03-19 15:00:00+00:00,1.1518083810806274,1.1542012691497803,1.1502184867858887,1.1518083810806274,770
2026-03-19 16:00:00+00:00,1.1539349555969238,1.1539349555969238,1.1518083810806274,1.1518083810806274,847
2026-03-19 17:00:00+00:00,1.156336784362793,1.1568717956542969,1.154068112373352,1.154068112373352,551
2026-03-19 18:00:00+00:00,1.1584800481796265,1.1586142778396606,1.1555349826812744,1.156203031539917,982
2026-03-19 19:00:00+00:00,1.1590172052383423,1.1618449687957764,1.158077597618103,1.1588828563690186,840
2026-03-19 20:00:00+00:00,1.159151554107666,1.1592857837677002,1.1584800481796265,1.1588828563690186,651
2026-03-19 21:00:00+00:00,1.1586142778396606,1.1599582433700562,1.1584800481796265,1.159151554107666,639
2026-03-19 22:00:00+00:00,1.158077597618103,1.1598236560821533,1.158077597618103,1.159151554107666,368
2026-03-19 23:00:00+00:00,1.158077597618103,1.1584800481796265,1.1579434871673584,1.1584800481796265,441
2026-03-20 00:00:00+00:00,1.1576753854751587,1.1582117080688477,1.1575413942337036,1.1579434871673584,593
2026-03-20 01:00:00+00:00,1.1568717956542969,1.1579434871673584,1.156738042831421,1.1578094959259033,572
2026-03-20 02:00:00+00:00,1.156738042831421,1.1570056676864624,1.1566041707992554,1.1568717956542969,383
2026-03-20 03:00:00+00:00,1.1560693979263306,1.1566041707992554,1.1559356451034546,1.1566041707992554,526
2026-03-20 04:00:00+00:00,1.1559356451034546,1.156336784362793,1.1558021306991577,1.1560693979263306,706
2026-03-20 05:00:00+00:00,1.1555349826812744,1.156336784362793,1.1555349826812744,1.1559356451034546,240
2026-03-20 06:00:00+00:00,1.156336784362793,1.1568717956542969,1.1558021306991577,1.1558021306991577,596
2026-03-20 07:00:00+00:00,1.1576753854751587,1.1578094959259033,1.1559356451034546,1.156203031539917,714
2026-03-20 08:00:00+00:00,1.157273530960083,1.1583458185195923,1.157273530960083,1.1576753854751587,960
2026-03-20 09:00:00+00:00,1.1552680730819702,1.1575413942337036,1.1551345586776733,1.1570056676864624,613
2026-03-20 10:00:00+00:00,1.156336784362793,1.1564704179763794,1.1539349555969238,1.1548677682876587,211
2026-03-20 11:00:00+00:00,1.1575413942337036,1.1583458185195923,1.156203031539917,1.156203031539917,829
2026-03-20 12:00:00+00:00,1.156738042831421,1.1582117080688477,1.1566041707992554,1.1575413942337036,264
2026-03-20 13:00:00+00:00,1.1546010971069336,1.1568717956542969,1.1546010971069336,1.1568717956542969,294
2026-03-20 14:00:00+00:00,1.1539349555969238,1.1546010971069336,1.1527377367019653,1.1542012691497803,215
2026-03-20 15:00:00+00:00,1.1547343730926514,1.1559356451034546,1.1539349555969238,1.154068112373352,185
2026-03-20 16:00:00+00:00,1.156203031539917,1.1568717956542969,1.1547343730926514,1.1547343730926514,939
2026-03-20 17:00:00+00:00,1.1560693979263306,1.157273530960083,1.1555349826812744,1.156336784362793,928
2026-03-20 18:00:00+00:00,1.155401587486267,1.157273530960083,1.1551345586776733,1.1564704179763794,390
2026-03-20 19:00:00+00:00,1.1560693979263306,1.156336784362793,1.1551345586776733,1.1555349826812744,285
2026-03-20 20:00:00+00:00,1.1574074029922485,1.1575413942337036,1.156336784362793,1.156336784362793,770
2026-03-20 21:00:00+00:00,1.1575413942337036,1.1575413942337036,1.1574074029922485,1.1574074029922485,798
2026-03-23 00:00:00+00:00,1.1548677682876587,1.156738042831421,1.154334545135498,1.1564704179763794,379
2026-03-23 01:00:00+00:00,1.1556684970855713,1.156336784362793,1.155001163482666,1.155001163482666,323
2026-03-23 02:00:00+00:00,1.155001163482666,1.1560693979263306,1.1547343730926514,1.1558021306991577,263
2026-03-23 03:00:00+00:00,1.155001163482666,1.1552680730819702,1.1546010971069336,1.155001163482666,339
2026-03-23 04:00:00+00:00,1.155401587486267,1.155401587486267,1.155001163482666,1.1552680730819702,807
2026-03-23 05:00:00+00:00,1.1538017988204956,1.1555349826812744,1.1538017988204956,1.1552680730819702,323
2026-03-23 06:00:00+00:00,1.15340256690979,1.1536686420440674,1.1524720191955566,1.1536686420440674,547
2026-03-23 07:00:00+00:00,1.1530035734176636,1.1542012691497803,1.1527377367019653,1.1535356044769287,252
2026-03-23 08:00:00+00:00,1.15340256690979,1.1548677682876587,1.1531364917755127,1.1532695293426514,772
2026-03-23 09:00:00+00:00,1.1498217582702637,1.1532695293426514,1.1495574712753296,1.1532695293426514,982
2026-03-23 10:00:00+00:00,1.1488970518112183,1.1498217582702637,1.1488970518112183,1.1496896743774414,773
2026-03-23 11:00:00+00:00,1.1558021306991577,1.16225004196167,1.1490291357040405,1.1492931842803955,284
2026-03-23 12:00:00+00:00,1.161440134048462,1.161440134048462,1.1551345586776733,1.1558021306991577,776
2026-03-23 13:00:00+00:00,1.1602274179458618,1.161440134048462,1.1583458185195923,1.161440134048462,917
2026-03-23 14:00:00+00:00,1.1619800329208374,1.1642799377441406,1.15968918800354,1.15968918800354,235
2026-03-23 15:00:00+00:00,1.1590172052383423,1.1633317470550537,1.1587486267089844,1.1621150970458984,842
2026-03-23 16:00:00+00:00,1.1594202518463135,1.1603620052337646,1.158077597618103,1.1587486267089844,883
2026-03-23 17:00:00+00:00,1.160496711730957,1.161170482635498,1.1590172052383423,1.15968918800354,246
2026-03-23 18:00:00+00:00,1.163873314857483,1.1640088558197021,1.1598236560821533,1.1606314182281494,952
2026-03-23 19:00:00+00:00,1.1617100238800049,1.163602590560913,1.1617100238800049,1.1631964445114136,832
2026-03-23 20:00:00+00:00,1.1617100238800049,1.1618449687957764,1.16130530834198,1.1615750789642334,716
2026-03-23 21:00:00+00:00,1.1619800329208374,1.1626555919647217,1.161440134048462,1.1617100238800049,936
2026-03-23 22:00:00+00:00,1.1618449687957764,1.1621150970458984,1.16130530834198,1.1617100238800049,396
2026-03-23 23:00:00+00:00,1.1610356569290161,1.1618449687957764,1.1610356569290161,1.1618449687957764,191
2026-03-24 00:00:00+00:00,1.1592857837677002,1.1610356569290161,1.1587486267089844,1.1610356569290161,389
2026-03-24 01:00:00+00:00,1.1588828563690186,1.1599582433700562,1.1583458185195923,1.1592857837677002,665
2026-03-24 02:00:00+00:00,1.1588828563690186,1.1594202518463135,1.1586142778396606,1.1587486267089844,472
2026-03-24 03:00:00+00:00,1.1586142778396606,1.1592857837677002,1.1584800481796265,1.1588828563690186,688
2026-03-24 04:00:00+00:00,1.1583458185195923,1.1586142778396606,1.1579434871673584,1.1586142778396606,419
2026-03-24 05:00:00+00:00,1.1586142778396606,1.159151554107666,1.1579434871673584,1.1583458185195923,418
2026-03-24 06:00:00+00:00,1.1595547199249268,1.1595547199249268,1.1583458185195923,1.1584800481796265,725
2026-03-24 07:00:00+00:00,1.161170482635498,1.1618449687957764,1.1595547199249268,1.15968918800354,373
2026-03-24 08:00:00+00:00,1.159151554107666,1.161170482635498,1.1587486267089844,1.161170482635498,723
2026-03-24 09:00:00+00:00,1.1598236560821533,1.1599582433700562,1.1583458185195923,1.159151554107666,827
2026-03-24 10:00:00+00:00,1.1595547199249268,1.1598236560821533,1.1587486267089844,1.1598236560821533,188
2026-03-24 11:00:00+00:00,1.1592857837677002,1.1602274179458618,1.1584800481796265,1.1595547199249268,719
2026-03-24 12:00:00+00:00,1.1587486267089844,1.1598236560821533,1.1584800481796265,1.1594202518463135,347
2026-03-24 13:00:00+00:00,1.158077597618103,1.1592857837677002,1.157273530960083,1.1587486267089844,978
2026-03-24 14:00:00+00:00,1.159151554107666,1.1606314182281494,1.1582117080688477,1.1584800481796265,867
2026-03-24 15:00:00+00:00,1.158077597618103,1.1599582433700562,1.158077597618103,1.1595547199249268,525
2026-03-24 16:00:00+00:00,1.1586142778396606,1.1594202518463135,1.1579434871673584,1.158077597618103,226
2026-03-24 17:00:00+00:00,1.1579434871673584,1.1586142778396606,1.156336784362793,1.1586142778396606,776
2026-03-24 18:00:00+00:00,1.1586142778396606,1.1595547199249268,1.157139539718628,1.158077597618103,676
2026-03-24 19:00:00+00:00,1.1590172052383423,1.1595547199249268,1.1587486267089844,1.1588828563690186,616
2026-03-24 20:00:00+00:00,1.161170482635498,1.163061261177063,1.1586142778396606,1.1588828563690186,999
2026-03-24 21:00:00+00:00,1.1615750789642334,1.1615750789642334,1.160496711730957,1.161440134048462,663
2026-03-24 22:00:00+00:00,1.1618449687957764,1.16225004196167,1.1609008312225342,1.1617100238800049,290
2026-03-24 23:00:00+00:00,1.1617100238800049,1.1621150970458984,1.16130530834198,1.1617100238800049,569
2026-03-25 00:00:00+00:00,1.1626555919647217,1.1633317470550537,1.1618449687957764,1.1618449687957764,608
2026-03-25 01:00:00+00:00,1.1615750789642334,1.1626555919647217,1.1615750789642334,1.162520408630371,150
2026-03-25 02:00:00+00:00,1.1607661247253418,1.161440134048462,1.160496711730957,1.161440134048462,628
2026-03-25 03:00:00+00:00,1.1606314182281494,1.1609008312225342,1.160496711730957,1.1607661247253418,367
2026-03-25 04:00:00+00:00,1.160092830657959,1.1607661247253418,1.160092830657959,1.1606314182281494,990
2026-03-25 05:00:00+00:00,1.1595547199249268,1.160092830657959,1.1592857837677002,1.1599582433700562,290
2026-03-25 06:00:00+00:00,1.1599582433700562,1.1603620052337646,1.159151554107666,1.1595547199249268,832
2026-03-25 07:00:00+00:00,1.160092830657959,1.1607661247253418,1.159151554107666,1.1602274179458618,280
2026-03-25 08:00:00+00:00,1.1606314182281494,1.1618449687957764,1.1595547199249268,1.15968918800354,250
2026-03-25 09:00:00+00:00,1.1603620052337646,1.161170482635498,1.1595547199249268,1.1606314182281494,191
2026-03-25 10:00:00+00:00,1.1607661247253418,1.1607661247253418,1.1599582433700562,1.1606314182281494,960
2026-03-25 11:00:00+00:00,1.1609008312225342,1.161440134048462,1.1599582433700562,1.1609008312225342,624
2026-03-25 12:00:00+00:00,1.1594202518463135,1.1615750789642334,1.1590172052383423,1.161170482635498,130
2026-03-25 13:00:00+00:00,1.1576753854751587,1.160092830657959,1.1576753854751587,1.1598236560821533,888
2026-03-25 14:00:00+00:00,1.1588828563690186,1.1590172052383423,1.1570056676864624,1.157273530960083,850
2026-03-25 15:00:00+00:00,1.1574074029922485,1.159151554107666,1.156738042831421,1.159151554107666,299
2026-03-25 16:00:00+00:00,1.157139539718628,1.1579434871673584,1.1559356451034546,1.1574074029922485,661
2026-03-25 17:00:00+00:00,1.1582117080688477,1.1584800481796265,1.1570056676864624,1.157139539718628,963
2026-03-25 18:00:00+00:00,1.1570056676864624,1.1583458185195923,1.1564704179763794,1.1582117080688477,553
2026-03-25 19:00:00+00:00,1.1566041707992554,1.1570056676864624,1.156336784362793,1.156738042831421,370
2026-03-25 20:00:00+00:00,1.156203031539917,1.1564704179763794,1.1559356451034546,1.1564704179763794,352
2026-03-25 21:00:00+00:00,1.156203031539917,1.156738042831421,1.1560693979263306,1.156203031539917,899
2026-03-25 22:00:00+00:00,1.156336784362793,1.1566041707992554,1.1559356451034546,1.156203031539917,603
2026-03-25 23:00:00+00:00,1.1564704179763794,1.1564704179763794,1.156203031539917,1.1564704179763794,653
2026-03-26 00:00:00+00:00,1.156203031539917,1.156738042831421,1.1558021306991577,1.1566041707992554,955
2026-03-26 01:00:00+00:00,1.156738042831421,1.1570056676864624,1.1564704179763794,1.1564704179763794,349
2026-03-26 02:00:00+00:00,1.156203031539917,1.1568717956542969,1.1559356451034546,1.156738042831421,397
2026-03-26 03:00:00+00:00,1.157139539718628,1.157273530960083,1.1560693979263306,1.1560693979263306,872
2026-03-26 04:00:00+00:00,1.157273530960083,1.1575413942337036,1.1570056676864624,1.157139539718628,325
2026-03-26 05:00:00+00:00,1.156203031539917,1.157273530960083,1.156203031539917,1.157139539718628,775
2026-03-26 06:00:00+00:00,1.1570056676864624,1.1570056676864624,1.1556684970855713,1.156203031539917,397
2026-03-26 07:00:00+00:00,1.1556684970855713,1.1566041707992554,1.1555349826812744,1.1566041707992554,379
2026-03-26 08:00:00+00:00,1.156336784362793,1.156336784362793,1.1551345586776733,1.155401587486267,210
2026-03-26 09:00:00+00:00,1.156336784362793,1.156738042831421,1.1556684970855713,1.156203031539917,747
2026-03-26 10:00:00+00:00,1.1560693979263306,1.156738042831421,1.1558021306991577,1.156203031539917,705
2026-03-26 11:00:00+00:00,1.1527377367019653,1.156203031539917,1.1527377367019653,1.156203031539917,288
2026-03-26 12:00:00+00:00,1.1538017988204956,1.1538017988204956,1.1527377367019653,1.1528706550598145,708
2026-03-26 13:00:00+00:00,1.1546010971069336,1.155401587486267,1.1539349555969238,1.1539349555969238,701
2026-03-26 14:00:00+00:00,1.155001163482666,1.1558021306991577,1.154068112373352,1.1546010971069336,438
2026-03-26 15:00:00+00:00,1.1544678211212158,1.155401587486267,1.1535356044769287,1.1552680730819702,782
2026-03-26 16:00:00+00:00,1.1539349555969238,1.1546010971069336,1.1535356044769287,1.1544678211212158,704
2026-03-26 17:00:00+00:00,1.1528706550598145,1.1539349555969238,1.1528706550598145,1.1539349555969238,142
2026-03-26 18:00:00+00:00,1.1536686420440674,1.1536686420440674,1.1528706550598145,1.1528706550598145,336
2026-03-26 19:00:00+00:00,1.1524720191955566,1.1536686420440674,1.1524720191955566,1.1536686420440674,737
2026-03-26 20:00:00+00:00,1.1528706550598145,1.1560693979263306,1.152339220046997,1.1524720191955566,906
2026-03-26 21:00:00+00:00,1.1538017988204956,1.1542012691497803,1.1528706550598145,1.1530035734176636,509
2026-03-26 22:00:00+00:00,1.1542012691497803,1.154334545135498,1.1536686420440674,1.1538017988204956,518
2026-03-26 23:00:00+00:00,1.1536686420440674,1.154334545135498,1.1536686420440674,1.1542012691497803,672
2026-03-27 00:00:00+00:00,1.15340256690979,1.1542012691497803,1.1527377367019653,1.1538017988204956,464
2026-03-27 01:00:00+00:00,1.154334545135498,1.154334545135498,1.15340256690979,1.1535356044769287,666
2026-03-27 02:00:00+00:00,1.1542012691497803,1.1544678211212158,1.154068112373352,1.1544678211212158,206
2026-03-27 03:00:00+00:00,1.1542012691497803,1.154334545135498,1.1536686420440674,1.154334545135498,774
2026-03-27 04:00:00+00:00,1.1546010971069336,1.1546010971069336,1.154068112373352,1.1542012691497803,757
2026-03-27 05:00:00+00:00,1.154334545135498,1.1548677682876587,1.154068112373352,1.1544678211212158,516
2026-03-27 06:00:00+00:00,1.1538017988204956,1.1547343730926514,1.1538017988204956,1.1544678211212158,604
2026-03-27 07:00:00+00:00,1.1522064208984375,1.1538017988204956,1.1520737409591675,1.1536686420440674,120
2026-03-27 08:00:00+00:00,1.1524720191955566,1.1527377367019653,1.1520737409591675,1.1522064208984375,884
2026-03-27 09:00:00+00:00,1.1522064208984375,1.1530035734176636,1.1518083810806274,1.1524720191955566,813
2026-03-27 10:00:00+00:00,1.151410460472107,1.1528706550598145,1.151410460472107,1.152339220046997,913
2026-03-27 11:00:00+00:00,1.151145339012146,1.1516757011413574,1.1508804559707642,1.151410460472107,593
2026-03-27 12:00:00+00:00,1.1519410610198975,1.1520737409591675,1.150483250617981,1.151012897491455,651
2026-03-27 13:00:00+00:00,1.1527377367019653,1.1535356044769287,1.1518083810806274,1.1519410610198975,495
2026-03-27 14:00:00+00:00,1.1532695293426514,1.1538017988204956,1.1530035734176636,1.1530035734176636,208
2026-03-27 15:00:00+00:00,1.1524720191955566,1.155001163482666,1.1522064208984375,1.1532695293426514,143
2026-03-27 16:00:00+00:00,1.152339220046997,1.1528706550598145,1.1518083810806274,1.152339220046997,937
2026-03-27 17:00:00+00:00,1.151543140411377,1.152339220046997,1.151012897491455,1.1520737409591675,645
2026-03-27 18:00:00+00:00,1.1516757011413574,1.1519410610198975,1.151145339012146,1.1516757011413574,153
2026-03-27 19:00:00+00:00,1.1520737409591675,1.1520737409591675,1.151410460472107,1.1516757011413574,916
2026-03-27 20:00:00+00:00,1.151145339012146,1.1522064208984375,1.151145339012146,1.1519410610198975,998
2026-03-27 21:00:00+00:00,1.151012897491455,1.151012897491455,1.151012897491455,1.151012897491455,401
2026-03-29 23:00:00+00:00,1.1494252681732178,1.1496896743774414,1.1491611003875732,1.1491611003875732,124
2026-03-30 00:00:00+00:00,1.151012897491455,1.151543140411377,1.1494252681732178,1.1495574712753296,537
2026-03-30 01:00:00+00:00,1.1507480144500732,1.151410460472107,1.1507480144500732,1.151145339012146,713
2026-03-30 02:00:00+00:00,1.151410460472107,1.1518083810806274,1.150483250617981,1.1507480144500732,408
2026-03-30 03:00:00+00:00,1.1519410610198975,1.1522064208984375,1.151410460472107,1.151410460472107,424
2026-03-30 04:00:00+00:00,1.1516757011413574,1.1524720191955566,1.1516757011413574,1.1519410610198975,878
2026-03-30 05:00:00+00:00,1.1519410610198975,1.1520737409591675,1.1512778997421265,1.1516757011413574,450
2026-03-30 06:00:00+00:00,1.151543140411377,1.152339220046997,1.151543140411377,1.1518083810806274,981
2026-03-30 07:00:00+00:00,1.1500862836837769,1.151543140411377,1.1498217582702637,1.151543140411377,217
2026-03-30 08:00:00+00:00,1.1499539613723755,1.1502184867858887,1.1494252681732178,1.1500862836837769,369
2026-03-30 09:00:00+00:00,1.1499539613723755,1.1500862836837769,1.1488970518112183,1.1498217582702637,921
2026-03-30 10:00:00+00:00,1.1492931842803955,1.1500862836837769,1.1492931842803955,1.1496896743774414,446
2026-03-30 11:00:00+00:00,1.1488970518112183,1.1499539613723755,1.1488970518112183,1.1492931842803955,528
2026-03-30 12:00:00+00:00,1.1486331224441528,1.1488970518112183,1.1475785970687866,1.1487650871276855,788
2026-03-30 13:00:00+00:00,1.1466574668884277,1.1490291357040405,1.1465259790420532,1.1487650871276855,498
2026-03-30 14:00:00+00:00,1.1467890739440918,1.1471836566925049,1.1458691358566284,1.1469204425811768,635
2026-03-30 15:00:00+00:00,1.145737886428833,1.1469204425811768,1.144819736480713,1.1467890739440918,906
2026-03-30 16:00:00+00:00,1.1461317539215088,1.1462632417678833,1.145213007926941,1.145737886428833,589
2026-03-30 17:00:00+00:00,1.1460003852844238,1.1466574668884277,1.1458691358566284,1.1463946104049683,414
2026-03-30 18:00:00+00:00,1.1465259790420532,1.1469204425811768,1.1460003852844238,1.1460003852844238,913
2026-03-30 19:00:00+00:00,1.1461317539215088,1.1465259790420532,1.1458691358566284,1.1463946104049683,330
2026-03-30 20:00:00+00:00,1.1465259790420532,1.1465259790420532,1.1460003852844238,1.1462632417678833,398
2026-03-30 21:00:00+00:00,1.1466574668884277,1.1471836566925049,1.1458691358566284,1.1461317539215088,432
2026-03-30 22:00:00+00:00,1.1463946104049683,1.1469204425811768,1.1463946104049683,1.1463946104049683,124
2026-03-30 23:00:00+00:00,1.1458691358566284,1.1461317539215088,1.1456066370010376,1.1461317539215088,288
2026-03-31 00:00:00+00:00,1.1479737758636475,1.1479737758636475,1.145213007926941,1.1460003852844238,775
2026-03-31 01:00:00+00:00,1.1479737758636475,1.1492931842803955,1.1477103233337402,1.1478420495986938,141
2026-03-31 02:00:00+00:00,1.1479737758636475,1.1482374668121338,1.1477103233337402,1.1478420495986938,416
2026-03-31 03:00:00+00:00,1.147315263748169,1.1479737758636475,1.1470520496368408,1.1479737758636475,457
2026-03-31 04:00:00+00:00,1.147315263748169,1.1475785970687866,1.147315263748169,1.147315263748169,810
2026-03-31 05:00:00+00:00,1.1466574668884277,1.147446870803833,1.1466574668884277,1.147315263748169,212
2026-03-31 06:00:00+00:00,1.1475785970687866,1.1477103233337402,1.1463946104049683,1.1467890739440918,423
2026-03-31 07:00:00+00:00,1.1475785970687866,1.1475785970687866,1.1467890739440918,1.147446870803833,658
2026-03-31 08:00:00+00:00,1.1471836566925049,1.1478420495986938,1.1467890739440918,1.1475785970687866,283
2026-03-31 09:00:00+00:00,1.1470520496368408,1.1475785970687866,1.1465259790420532,1.1470520496368408,502
2026-03-31 10:00:00+00:00,1.1462632417678833,1.147315263748169,1.1461317539215088,1.1471836566925049,427
2026-03-31 11:00:00+00:00,1.1491611003875732,1.1494252681732178,1.1461317539215088,1.1462632417678833,470
2026-03-31 12:00:00+00:00,1.1507480144500732,1.1512778997421265,1.1492931842803955,1.1495574712753296,868
2026-03-31 13:00:00+00:00,1.15340256690979,1.1535356044769287,1.150483250617981,1.1507480144500732,679
2026-03-31 14:00:00+00:00,1.1524720191955566,1.1542012691497803,1.151543140411377,1.1536686420440674,440
2026-03-31 15:00:00+00:00,1.1519410610198975,1.1536686420440674,1.151543140411377,1.1524720191955566,753
2026-03-31 16:00:00+00:00,1.154334545135498,1.1560693979263306,1.1518083810806274,1.1519410610198975,744
2026-03-31 17:00:00+00:00,1.1546010971069336,1.1558021306991577,1.1546010971069336,1.1546010971069336,893
2026-03-31 18:00:00+00:00,1.155001163482666,1.1552680730819702,1.154334545135498,1.154334545135498,342
2026-03-31 19:00:00+00:00,1.156336784362793,1.156336784362793,1.154334545135498,1.1547343730926514,869
2026-03-31 20:00:00+00:00,1.1556684970855713,1.1566041707992554,1.1556684970855713,1.156336784362793,523
2026-03-31 21:00:00+00:00,1.1558021306991577,1.1560693979263306,1.155001163482666,1.1558021306991577,575
2026-03-31 22:00:00+00:00,1.156203031539917,1.156336784362793,1.1556684970855713,1.1560693979263306,883
2026-03-31 23:00:00+00:00,1.1576753854751587,1.1576753854751587,1.1560693979263306,1.156203031539917,349
2026-04-01 00:00:00+00:00,1.1578094959259033,1.1582117080688477,1.157273530960083,1.1576753854751587,915
2026-04-01 01:00:00+00:00,1.1564704179763794,1.1576753854751587,1.1559356451034546,1.1576753854751587,581
2026-04-01 02:00:00+00:00,1.157273530960083,1.1574074029922485,1.1564704179763794,1.1566041707992554,544
2026-04-01 03:00:00+00:00,1.1564704179763794,1.157139539718628,1.156336784362793,1.157139539718628,808
2026-04-01 04:00:00+00:00,1.1568717956542969,1.1570056676864624,1.156336784362793,1.156336784362793,737
2026-04-01 05:00:00+00:00,1.1574074029922485,1.1579434871673584,1.1568717956542969,1.1568717956542969,330
2026-04-01 06:00:00+00:00,1.1594202518463135,1.1595547199249268,1.1566041707992554,1.157273530960083,673
2026-04-01 07:00:00+00:00,1.1586142778396606,1.160092830657959,1.1582117080688477,1.1595547199249268,332
2026-04-01 08:00:00+00:00,1.160092830657959,1.161440134048462,1.158077597618103,1.1584800481796265,205
2026-04-01 09:00:00+00:00,1.1598236560821533,1.160496711730957,1.1584800481796265,1.1599582433700562,673
2026-04-01 10:00:00+00:00,1.1603620052337646,1.1607661247253418,1.15968918800354,1.1598236560821533,970
2026-04-01 11:00:00+00:00,1.1610356569290161,1.16130530834198,1.1602274179458618,1.1602274179458618,279
2026-04-01 12:00:00+00:00,1.1606314182281494,1.1619800329208374,1.1598236560821533,1.161170482635498,160
2026-04-01 13:00:00+00:00,1.161440134048462,1.1626555919647217,1.1603620052337646,1.1607661247253418,621
2026-04-01 14:00:00+00:00,1.1627906560897827,1.163061261177063,1.1609008312225342,1.1610356569290161,838
2026-04-01 15:00:00+00:00,1.1617100238800049,1.1629259586334229,1.1609008312225342,1.1626555919647217,103
2026-04-01 16:00:00+00:00,1.16225004196167,1.16225004196167,1.1607661247253418,1.1617100238800049,614
2026-04-01 17:00:00+00:00,1.1598236560821533,1.162520408630371,1.1598236560821533,1.16225004196167,332
2026-04-01 18:00:00+00:00,1.1584800481796265,1.15968918800354,1.1582117080688477,1.15968918800354,568
2026-04-01 19:00:00+00:00,1.1588828563690186,1.1590172052383423,1.158077597618103,1.158077597618103,301
2026-04-01 20:00:00+00:00,1.1595547199249268,1.1595547199249268,1.1586142778396606,1.1588828563690186,706
2026-04-01 21:00:00+00:00,1.1594202518463135,1.1598236560821533,1.1584800481796265,1.159151554107666,993
2026-04-01 22:00:00+00:00,1.1594202518463135,1.15968918800354,1.159151554107666,1.1594202518463135,860
2026-04-01 23:00:00+00:00,1.1592857837677002,1.1598236560821533,1.1592857837677002,1.1595547199249268,658
2026-04-02 00:00:00+00:00,1.160092830657959,1.160092830657959,1.1590172052383423,1.1592857837677002,864
2026-04-02 01:00:00+00:00,1.1555349826812744,1.1606314182281494,1.155001163482666,1.1599582433700562,710
2026-04-02 02:00:00+00:00,1.1551345586776733,1.156336784362793,1.1547343730926514,1.1555349826812744,691
2026-04-02 03:00:00+00:00,1.154334545135498,1.1552680730819702,1.1542012691497803,1.1548677682876587,242
2026-04-02 04:00:00+00:00,1.1539349555969238,1.1544678211212158,1.1536686420440674,1.154334545135498,299
2026-04-02 05:00:00+00:00,1.1528706550598145,1.1542012691497803,1.1528706550598145,1.1542012691497803,630
2026-04-02 06:00:00+00:00,1.1539349555969238,1.1539349555969238,1.1519410610198975,1.1532695293426514,395
2026-04-02 07:00:00+00:00,1.1536686420440674,1.1539349555969238,1.1522064208984375,1.1538017988204956,157
2026-04-02 08:00:00+00:00,1.1528706550598145,1.1538017988204956,1.1527377367019653,1.1536686420440674,540
2026-04-02 09:00:00+00:00,1.1527377367019653,1.15340256690979,1.1526048183441162,1.1528706550598145,357
2026-04-02 10:00:00+00:00,1.151543140411377,1.1528706550598145,1.151543140411377,1.1528706550598145,559
2026-04-02 11:00:00+00:00,1.1522064208984375,1.1522064208984375,1.1512778997421265,1.1516757011413574,230
2026-04-02 12:00:00+00:00,1.1527377367019653,1.15340256690979,1.1522064208984375,1.1522064208984375,326
2026-04-02 13:00:00+00:00,1.15340256690979,1.15340256690979,1.152339220046997,1.1527377367019653,709
2026-04-02 14:00:00+00:00,1.1555349826812744,1.1558021306991577,1.1531364917755127,1.1532695293426514,433
2026-04-02 15:00:00+00:00,1.1548677682876587,1.1560693979263306,1.1547343730926514,1.1556684970855713,735
2026-04-02 16:00:00+00:00,1.1546010971069336,1.155001163482666,1.154334545135498,1.1548677682876587,681
2026-04-02 17:00:00+00:00,1.154068112373352,1.1551345586776733,1.154068112373352,1.154334545135498,445
2026-04-02 18:00:00+00:00,1.1542012691497803,1.1542012691497803,1.1536686420440674,1.1542012691497803,550
2026-04-02 19:00:00+00:00,1.1538017988204956,1.1544678211212158,1.1538017988204956,1.154068112373352,620
2026-04-02 20:00:00+00:00,1.1542012691497803,1.154334545135498,1.1536686420440674,1.1536686420440674,563
2026-04-02 21:00:00+00:00,1.1546010971069336,1.1546010971069336,1.1536686420440674,1.154334545135498,426
2026-04-02 22:00:00+00:00,1.154334545135498,1.1547343730926514,1.1542012691497803,1.1547343730926514,354
2026-04-02 23:00:00+00:00,1.1544678211212158,1.1546010971069336,1.154334545135498,1.154334545135498,755
2026-04-03 00:00:00+00:00,1.1542012691497803,1.1547343730926514,1.1542012691497803,1.1544678211212158,476
2026-04-03 01:00:00+00:00,1.1538017988204956,1.154334545135498,1.1538017988204956,1.1542012691497803,382
2026-04-03 02:00:00+00:00,1.1539349555969238,1.1542012691497803,1.1535356044769287,1.1538017988204956,550
2026-04-03 03:00:00+00:00,1.1539349555969238,1.154068112373352,1.1538017988204956,1.1539349555969238,170
2026-04-03 04:00:00+00:00,1.1538017988204956,1.1539349555969238,1.1538017988204956,1.1539349555969238,741
2026-04-03 05:00:00+00:00,1.1542012691497803,1.1542012691497803,1.1532695293426514,1.1538017988204956,734
2026-04-03 06:00:00+00:00,1.154334545135498,1.154334545135498,1.1538017988204956,1.154068112373352,818
2026-04-03 07:00:00+00:00,1.1546010971069336,1.155001163482666,1.154334545135498,1.154334545135498,392
2026-04-03 08:00:00+00:00,1.1546010971069336,1.1548677682876587,1.154334545135498,1.1546010971069336,701
2026-04-03 09:00:00+00:00,1.1546010971069336,1.1548677682876587,1.1544678211212158,1.1547343730926514,629
2026-04-03 10:00:00+00:00,1.1548677682876587,1.1551345586776733,1.1546010971069336,1.1547343730926514,522
2026-04-03 11:00:00+00:00,1.1547343730926514,1.155001163482666,1.1544678211212158,1.1548677682876587,870
2026-04-03 12:00:00+00:00,1.15340256690979,1.1548677682876587,1.1526048183441162,1.1548677682876587,601
2026-04-03 13:00:00+00:00,1.1539349555969238,1.1542012691497803,1.1531364917755127,1.1532695293426514,715
2026-04-03 14:00:00+00:00,1.1524720191955566,1.1539349555969238,1.1524720191955566,1.1539349555969238,875
2026-04-03 15:00:00+00:00,1.1524720191955566,1.1531364917755127,1.1524720191955566,1.1524720191955566,154
2026-04-03 16:00:00+00:00,1.152339220046997,1.1524720191955566,1.1520737409591675,1.1524720191955566,733
2026-04-03 17:00:00+00:00,1.1522064208984375,1.1524720191955566,1.1520737409591675,1.1522064208984375,107
2026-04-03 18:00:00+00:00,1.1518083810806274,1.152339220046997,1.1516757011413574,1.152339220046997,444
2026-04-03 19:00:00+00:00,1.1519410610198975,1.1520737409591675,1.1518083810806274,1.1518083810806274,299
2026-04-03 20:00:00+00:00,1.1522064208984375,1.1532695293426514,1.1518083810806274,1.1519410610198975,497
2026-04-03 21:00:00+00:00,1.1522064208984375,1.152339220046997,1.1522064208984375,1.152339220046997,870
2026-04-05 23:00:00+00:00,1.1512778997421265,1.1519410610198975,1.1512778997421265,1.1518083810806274,726
2026-04-06 00:00:00+00:00,1.151543140411377,1.1522064208984375,1.151410460472107,1.151410460472107,342
2026-04-06 01:00:00+00:00,1.151012897491455,1.1516757011413574,1.151012897491455,1.151543140411377,763
2026-04-06 02:00:00+00:00,1.1524720191955566,1.1531364917755127,1.1512778997421265,1.1512778997421265,676
2026-04-06 03:00:00+00:00,1.1522064208984375,1.1526048183441162,1.1520737409591675,1.1524720191955566,340
2026-04-06 04:00:00+00:00,1.1527377367019653,1.1528706550598145,1.1522064208984375,1.152339220046997,184
2026-04-06 05:00:00+00:00,1.1528706550598145,1.1532695293426514,1.1527377367019653,1.1527377367019653,688
2026-04-06 06:00:00+00:00,1.1536686420440674,1.1539349555969238,1.1526048183441162,1.1527377367019653,578
2026-04-06 07:00:00+00:00,1.156738042831421,1.157139539718628,1.1528706550598145,1.1536686420440674,192
2026-04-06 08:00:00+00:00,1.1559356451034546,1.1570056676864624,1.1558021306991577,1.1570056676864624,109
2026-04-06 09:00:00+00:00,1.155401587486267,1.156203031539917,1.1551345586776733,1.1559356451034546,254
2026-04-06 10:00:00+00:00,1.1551345586776733,1.1556684970855713,1.1546010971069336,1.155401587486267,870
2026-04-06 11:00:00+00:00,1.1548677682876587,1.1552680730819702,1.1544678211212158,1.1552680730819702,251
2026-04-06 12:00:00+00:00,1.1556684970855713,1.1558021306991577,1.1546010971069336,1.1548677682876587,268
2026-04-06 13:00:00+00:00,1.156336784362793,1.156336784362793,1.155401587486267,1.1556684970855713,369
2026-04-06 14:00:00+00:00,1.1546010971069336,1.157273530960083,1.1546010971069336,1.1566041707992554,897
2026-04-06 15:00:00+00:00,1.1547343730926514,1.1547343730926514,1.1539349555969238,1.1544678211212158,781
2026-04-06 16:00:00+00:00,1.1548677682876587,1.1551345586776733,1.1546010971069336,1.1548677682876587,622
2026-04-06 17:00:00+00:00,1.1544678211212158,1.155001163482666,1.1538017988204956,1.1546010971069336,859
2026-04-06 18:00:00+00:00,1.1548677682876587,1.1555349826812744,1.154334545135498,1.154334545135498,248
2026-04-06 19:00:00+00:00,1.1546010971069336,1.155001163482666,1.1544678211212158,1.1547343730926514,271
2026-04-06 20:00:00+00:00,1.1544678211212158,1.1547343730926514,1.1544678211212158,1.1546010971069336,999
2026-04-06 21:00:00+00:00,1.1546010971069336,1.1551345586776733,1.1542012691497803,1.1544678211212158,391
2026-04-06 22:00:00+00:00,1.1546010971069336,1.1548677682876587,1.1546010971069336,1.1547343730926514,537
2026-04-06 23:00:00+00:00,1.1544678211212158,1.1547343730926514,1.154334545135498,1.1546010971069336,201
2026-04-07 00:00:00+00:00,1.154068112373352,1.1546010971069336,1.154068112373352,1.1544678211212158,409
2026-04-07 01:00:00+00:00,1.1532695293426514,1.154334545135498,1.1531364917755127,1.1539349555969238,741
2026-04-07 02:00:00+00:00,1.1532695293426514,1.1535356044769287,1.1528706550598145,1.1532695293426514,706
2026-04-07 03:00:00+00:00,1.1538017988204956,1.1538017988204956,1.1532695293426514,1.1532695293426514,282
2026-04-07 04:00:00+00:00,1.1542012691497803,1.1542012691497803,1.1536686420440674,1.1538017988204956,386
2026-04-07 05:00:00+00:00,1.1538017988204956,1.154334545135498,1.15340256690979,1.1542012691497803,710
2026-04-07 06:00:00+00:00,1.1547343730926514,1.1548677682876587,1.1536686420440674,1.1539349555969238,539
2026-04-07 07:00:00+00:00,1.1546010971069336,1.1548677682876587,1.154068112373352,1.1547343730926514,394
2026-04-07 08:00:00+00:00,1.1578094959259033,1.1578094959259033,1.1546010971069336,1.1546010971069336,644
2026-04-07 09:00:00+00:00,1.1566041707992554,1.1578094959259033,1.1566041707992554,1.1578094959259033,679
2026-04-07 10:00:00+00:00,1.1556684970855713,1.1566041707992554,1.1551345586776733,1.1566041707992554,660
2026-04-07 11:00:00+00:00,1.156203031539917,1.1564704179763794,1.1552680730819702,1.1556684970855713,680
2026-04-07 12:00:00+00:00,1.1564704179763794,1.1570056676864624,1.1558021306991577,1.156336784362793,915
2026-04-07 13:00:00+00:00,1.156738042831421,1.1568717956542969,1.1560693979263306,1.156336784362793,134
2026-04-07 14:00:00+00:00,1.1575413942337036,1.1582117080688477,1.156203031539917,1.156738042831421,437
2026-04-07 15:00:00+00:00,1.1575413942337036,1.1579434871673584,1.1570056676864624,1.1574074029922485,708
2026-04-07 16:00:00+00:00,1.1574074029922485,1.1582117080688477,1.157273530960083,1.1574074029922485,836
2026-04-07 17:00:00+00:00,1.158077597618103,1.1582117080688477,1.1570056676864624,1.1575413942337036,894
2026-04-07 18:00:00+00:00,1.1578094959259033,1.1586142778396606,1.1575413942337036,1.1582117080688477,756
2026-04-07 19:00:00+00:00,1.1598236560821533,1.160496711730957,1.1576753854751587,1.1578094959259033,228
2026-04-07 20:00:00+00:00,1.1599582433700562,1.1607661247253418,1.15968918800354,1.15968918800354,935
2026-04-07 21:00:00+00:00,1.1602274179458618,1.1607661247253418,1.1595547199249268,1.1595547199249268,766
2026-04-07 22:00:00+00:00,1.1667250394821167,1.1667250394821167,1.1606314182281494,1.1606314182281494,681
2026-04-07 23:00:00+00:00,1.1689070463180542,1.1693171262741089,1.1667250394821167,1.1671334505081177,646
2026-04-08 00:00:00+00:00,1.1675423383712769,1.169864296913147,1.1669973134994507,1.1690436601638794,211
2026-04-08 01:00:00+00:00,1.1678149700164795,1.1690436601638794,1.1675423383712769,1.1675423383712769,333
2026-04-08 02:00:00+00:00,1.1676785945892334,1.1684973239898682,1.1672697067260742,1.1680878400802612,538
2026-04-08 03:00:00+00:00,1.1675423383712769,1.1678149700164795,1.1671334505081177,1.1678149700164795,742
2026-04-08 04:00:00+00:00,1.1678149700164795,1.1683608293533325,1.1674060821533203,1.1674060821533203,878
2026-04-08 05:00:00+00:00,1.1695905923843384,1.1710972785949707,1.1678149700164795,1.1679514646530151,424
2026-04-08 06:00:00+00:00,1.1700011491775513,1.1710972785949707,1.1689070463180542,1.1695905923843384,306
2026-04-08 07:00:00+00:00,1.169864296913147,1.1702749729156494,1.1683608293533325,1.169864296913147,850
2026-04-08 08:00:00+00:00,1.1684973239898682,1.1700011491775513,1.1675423383712769,1.169864296913147,320
2026-04-08 09:00:00+00:00,1.1683608293533325,1.1691803932189941,1.1682243347167969,1.1684973239898682,969
2026-04-08 10:00:00+00:00,1.1694538593292236,1.1695905923843384,1.1682243347167969,1.1682243347167969,942
2026-04-08 11:00:00+00:00,1.1704120635986328,1.1710972785949707,1.1690436601638794,1.1691803932189941,872
2026-04-08 12:00:00+00:00,1.171783447265625,1.17205810546875,1.1697274446487427,1.1704120635986328,209
2026-04-08 13:00:00+00:00,1.1695905923843384,1.1724703311920166,1.1691803932189941,1.1716461181640625,460
2026-04-08 14:00:00+00:00,1.169864296913147,1.170548915863037,1.1694538593292236,1.169864296913147,434
2026-04-08 15:00:00+00:00,1.1691803932189941,1.1700011491775513,1.1689070463180542,1.1697274446487427,145
2026-04-08 16:00:00+00:00,1.1684973239898682,1.1690436601638794,1.1682243347167969,1.1689070463180542,365
2026-04-08 17:00:00+00:00,1.1678149700164795,1.1689070463180542,1.1674060821533203,1.1684973239898682,503
2026-04-08 18:00:00+00:00,1.1655012369155884,1.1683608293533325,1.1655012369155884,1.1675423383712769,432
2026-04-08 19:00:00+00:00,1.1674060821533203,1.1674060821533203,1.164958119392395,1.164958119392395,323
2026-04-08 20:00:00+00:00,1.1665889024734497,1.1671334505081177,1.1664528846740723,1.1671334505081177,621
2026-04-08 21:00:00+00:00,1.1668611764907837,1.1671334505081177,1.1659088134765625,1.1667250394821167,183
2026-04-08 22:00:00+00:00,1.1665889024734497,1.1669973134994507,1.1664528846740723,1.1669973134994507,149
2026-04-08 23:00:00+00:00,1.1661807298660278,1.1665889024734497,1.1661807298660278,1.1664528846740723,955
2026-04-09 00:00:00+00:00,1.1661807298660278,1.1663167476654053,1.1657729148864746,1.1661807298660278,880
2026-04-09 01:00:00+00:00,1.1665889024734497,1.1665889024734497,1.1653653383255005,1.1661807298660278,884
2026-04-09 02:00:00+00:00,1.1668611764907837,1.1669973134994507,1.1663167476654053,1.1667250394821167,629
2026-04-09 03:00:00+00:00,1.1665889024734497,1.1669973134994507,1.1664528846740723,1.1668611764907837,629
2026-04-09 04:00:00+00:00,1.1669973134994507,1.1674060821533203,1.1665889024734497,1.1667250394821167,197
2026-04-09 05:00:00+00:00,1.1664528846740723,1.1671334505081177,1.1663167476654053,1.1669973134994507,756
2026-04-09 06:00:00+00:00,1.1665889024734497,1.1665889024734497,1.1657729148864746,1.1664528846740723,572
2026-04-09 07:00:00+00:00,1.1665889024734497,1.1671334505081177,1.16604483127594,1.1668611764907837,351
2026-04-09 08:00:00+00:00,1.1675423383712769,1.1678149700164795,1.1663167476654053,1.1665889024734497,455
2026-04-09 09:00:00+00:00,1.1678149700164795,1.1682243347167969,1.1672697067260742,1.1675423383712769,705
2026-04-09 10:00:00+00:00,1.1678149700164795,1.1682243347167969,1.1678149700164795,1.1678149700164795,590
2026-04-09 11:00:00+00:00,1.1691803932189941,1.1693171262741089,1.1674060821533203,1.1674060821533203,638
2026-04-09 12:00:00+00:00,1.1689070463180542,1.1691803932189941,1.1683608293533325,1.1691803932189941,178
2026-04-09 13:00:00+00:00,1.1686338186264038,1.169864296913147,1.1686338186264038,1.1689070463180542,523
2026-04-09 14:00:00+00:00,1.168770432472229,1.1691803932189941,1.1678149700164795,1.1683608293533325,431
2026-04-09 15:00:00+00:00,1.170823097229004,1.1709601879119873,1.1680878400802612,1.168770432472229,974
2026-04-09 16:00:00+00:00,1.1713716983795166,1.171783447265625,1.170823097229004,1.170823097229004,254
2026-04-09 17:00:00+00:00,1.171783447265625,1.1726078987121582,1.1713716983795166,1.1715089082717896,534
2026-04-09 18:00:00+00:00,1.1704120635986328,1.171783447265625,1.1701380014419556,1.171783447265625,575
2026-04-09 19:00:00+00:00,1.1704120635986328,1.1712344884872437,1.1701380014419556,1.1702749729156494,471
2026-04-09 20:00:00+00:00,1.1702749729156494,1.1704120635986328,1.169864296913147,1.1702749729156494,969
2026-04-09 21:00:00+00:00,1.1704120635986328,1.1706860065460205,1.1695905923843384,1.1702749729156494,846
2026-04-09 22:00:00+00:00,1.1697274446487427,1.170548915863037,1.1695905923843384,1.1704120635986328,593
2026-04-09 23:00:00+00:00,1.1694538593292236,1.1700011491775513,1.1694538593292236,1.1697274446487427,583
2026-04-10 00:00:00+00:00,1.1690436601638794,1.1694538593292236,1.1689070463180542,1.1694538593292236,496
2026-04-10 01:00:00+00:00,1.1695905923843384,1.169864296913147,1.1690436601638794,1.1690436601638794,245
2026-04-10 02:00:00+00:00,1.1694538593292236,1.1697274446487427,1.1690436601638794,1.1697274446487427,985
2026-04-10 03:00:00+00:00,1.169864296913147,1.1700011491775513,1.1693171262741089,1.1694538593292236,702
2026-04-10 04:00:00+00:00,1.1695905923843384,1.1700011491775513,1.1694538593292236,1.169864296913147,660
2026-04-10 05:00:00+00:00,1.1694538593292236,1.1695905923843384,1.1691803932189941,1.1695905923843384,340
2026-04-10 06:00:00+00:00,1.168770432472229,1.1695905923843384,1.168770432472229,1.1693171262741089,556
2026-04-10 07:00:00+00:00,1.1682243347167969,1.1693171262741089,1.1682243347167969,1.1689070463180542,701
2026-04-10 08:00:00+00:00,1.1689070463180542,1.1693171262741089,1.1680878400802612,1.1683608293533325,445
2026-04-10 09:00:00+00:00,1.1712344884872437,1.1713716983795166,1.1689070463180542,1.1690436601638794,960
2026-04-10 10:00:00+00:00,1.1716461181640625,1.1719207763671875,1.1709601879119873,1.1713716983795166,975
2026-04-10 11:00:00+00:00,1.171783447265625,1.172195553779602,1.1715089082717896,1.1716461181640625,985
2026-04-10 12:00:00+00:00,1.172195553779602,1.1728830337524414,1.1713716983795166,1.171783447265625,804
2026-04-10 13:00:00+00:00,1.1730204820632935,1.17384672164917,1.172195553779602,1.172195553779602,974
2026-04-10 14:00:00+00:00,1.1731581687927246,1.1741223335266113,1.1726078987121582,1.1730204820632935,244
2026-04-10 15:00:00+00:00,1.1726078987121582,1.1741223335266113,1.1726078987121582,1.1731581687927246,714
2026-04-10 16:00:00+00:00,1.1724703311920166,1.1728830337524414,1.1716461181640625,1.1724703311920166,254
2026-04-10 17:00:00+00:00,1.1727453470230103,1.1728830337524414,1.172333002090454,1.172333002090454,413
2026-04-10 18:00:00+00:00,1.173433542251587,1.17384672164917,1.172333002090454,1.1726078987121582,559
2026-04-10 19:00:00+00:00,1.1731581687927246,1.1735711097717285,1.1731581687927246,1.173433542251587,294
2026-04-10 20:00:00+00:00,1.1727453470230103,1.173433542251587,1.1727453470230103,1.1730204820632935,959
2026-04-10 21:00:00+00:00,1.1728830337524414,1.1728830337524414,1.1728830337524414,1.1728830337524414,776
2026-04-12 23:00:00+00:00,1.1676785945892334,1.1678149700164795,1.1667250394821167,1.1675423383712769,313
2026-04-13 00:00:00+00:00,1.1689070463180542,1.1689070463180542,1.1674060821533203,1.1679514646530151,495
2026-04-13 01:00:00+00:00,1.1690436601638794,1.1691803932189941,1.1683608293533325,1.1691803932189941,874
2026-04-13 02:00:00+00:00,1.1691803932189941,1.1693171262741089,1.1689070463180542,1.1690436601638794,717
2026-04-13 03:00:00+00:00,1.1691803932189941,1.1691803932189941,1.1689070463180542,1.1691803932189941,409
2026-04-13 04:00:00+00:00,1.1689070463180542,1.1693171262741089,1.1689070463180542,1.1691803932189941,223
2026-04-13 05:00:00+00:00,1.1691803932189941,1.1691803932189941,1.168770432472229,1.1690436601638794,421
2026-04-13 06:00:00+00:00,1.1689070463180542,1.1697274446487427,1.1682243347167969,1.1691803932189941,192
2026-04-13 07:00:00+00:00,1.1701380014419556,1.1702749729156494,1.1690436601638794,1.1690436601638794,852
2026-04-13 08:00:00+00:00,1.1689070463180542,1.1700011491775513,1.168770432472229,1.1700011491775513,123
2026-04-13 09:00:00+00:00,1.1690436601638794,1.1694538593292236,1.168770432472229,1.1690436601638794,865
2026-04-13 10:00:00+00:00,1.1695905923843384,1.169864296913147,1.1686338186264038,1.1689070463180542,402
2026-04-13 11:00:00+00:00,1.1686338186264038,1.1702749729156494,1.1686338186264038,1.169864296913147,794
2026-04-13 12:00:00+00:00,1.1701380014419556,1.1701380014419556,1.1684973239898682,1.1684973239898682,585
2026-04-13 13:00:00+00:00,1.1706860065460205,1.1715089082717896,1.1700011491775513,1.1702749729156494,381
2026-04-13 14:00:00+00:00,1.1715089082717896,1.172195553779602,1.170548915863037,1.1709601879119873,567
2026-04-13 15:00:00+00:00,1.1712344884872437,1.1715089082717896,1.170548915863037,1.1713716983795166,204
2026-04-13 16:00:00+00:00,1.1728830337524414,1.1731581687927246,1.1710972785949707,1.1713716983795166,362
2026-04-13 17:00:00+00:00,1.1737089157104492,1.1741223335266113,1.1728830337524414,1.1728830337524414,571
2026-04-13 18:00:00+00:00,1.1764705181121826,1.1764705181121826,1.1737089157104492,1.1737089157104492,256
2026-04-13 19:00:00+00:00,1.1764705181121826,1.176885962486267,1.1757789850234985,1.176885962486267,706
2026-04-13 20:00:00+00:00,1.1761938333511353,1.1766090393066406,1.1760554313659668,1.1764705181121826,144
2026-04-13 21:00:00+00:00,1.1760554313659668,1.1764705181121826,1.1759172677993774,1.1761938333511353,782
2026-04-13 22:00:00+00:00,1.1763322353363037,1.176747441291809,1.1763322353363037,1.1763322353363037,176
2026-04-13 23:00:00+00:00,1.177024483680725,1.177024483680725,1.1764705181121826,1.1764705181121826,831
2026-04-14 00:00:00+00:00,1.176885962486267,1.177024483680725,1.1766090393066406,1.177024483680725,546
2026-04-14 01:00:00+00:00,1.1763322353363037,1.177024483680725,1.1763322353363037,1.177024483680725,524
2026-04-14 02:00:00+00:00,1.1764705181121826,1.1766090393066406,1.1760554313659668,1.1763322353363037,335
2026-04-14 03:00:00+00:00,1.177163004875183,1.177163004875183,1.1763322353363037,1.1764705181121826,154
2026-04-14 04:00:00+00:00,1.177163004875183,1.1773016452789307,1.176885962486267,1.177024483680725,716
2026-04-14 05:00:00+00:00,1.176747441291809,1.1773016452789307,1.1763322353363037,1.177024483680725,786
2026-04-14 06:00:00+00:00,1.1781338453292847,1.1781338453292847,1.1761938333511353,1.176885962486267,691
2026-04-14 07:00:00+00:00,1.1784114837646484,1.1796625852584839,1.1781338453292847,1.1781338453292847,185
2026-04-14 08:00:00+00:00,1.178550362586975,1.1786893606185913,1.1778563261032104,1.1782727241516113,330
2026-04-14 09:00:00+00:00,1.1789672374725342,1.1795234680175781,1.178550362586975,1.1786893606185913,232
2026-04-14 10:00:00+00:00,1.1800801753997803,1.1802195310592651,1.1792453527450562,1.1792453527450562,181
2026-04-14 11:00:00+00:00,1.1807769536972046,1.1807769536972046,1.179940938949585,1.179940938949585,933
2026-04-14 12:00:00+00:00,1.1807769536972046,1.1807769536972046,1.1796625852584839,1.1800801753997803,977
2026-04-14 13:00:00+00:00,1.1802195310592651,1.1810559034347534,1.1798018217086792,1.1807769536972046,821
2026-04-14 14:00:00+00:00,1.1813349723815918,1.1813349723815918,1.1798018217086792,1.18035888671875,974
2026-04-14 15:00:00+00:00,1.1793843507766724,1.1811953783035278,1.1791062355041504,1.1811953783035278,532
2026-04-14 16:00:00+00:00,1.1798018217086792,1.179940938949585,1.1792453527450562,1.1793843507766724,532
2026-04-14 17:00:00+00:00,1.179940938949585,1.1802195310592651,1.1795234680175781,1.1798018217086792,313
2026-04-14 18:00:00+00:00,1.1796625852584839,1.1800801753997803,1.1793843507766724,1.1800801753997803,651
2026-04-14 19:00:00+00:00,1.1795234680175781,1.1798018217086792,1.1793843507766724,1.1795234680175781,447
2026-04-14 20:00:00+00:00,1.179940938949585,1.179940938949585,1.1795234680175781,1.1795234680175781,329
2026-04-14 21:00:00+00:00,1.1793843507766724,1.1802195310592651,1.1791062355041504,1.179940938949585,494
2026-04-14 22:00:00+00:00,1.1798018217086792,1.1802195310592651,1.1796625852584839,1.1796625852584839,641
2026-04-14 23:00:00+00:00,1.1802195310592651,1.18035888671875,1.1798018217086792,1.179940938949585,709
2026-04-15 00:00:00+00:00,1.1798018217086792,1.1802195310592651,1.1793843507766724,1.1802195310592651,380
2026-04-15 01:00:00+00:00,1.1795234680175781,1.179940938949585,1.1793843507766724,1.1798018217086792,673
2026-04-15 02:00:00+00:00,1.1786893606185913,1.1793843507766724,1.1782727241516113,1.1793843507766724,594
2026-04-15 03:00:00+00:00,1.1791062355041504,1.1792453527450562,1.1784114837646484,1.1786893606185913,120
2026-04-15 04:00:00+00:00,1.1792453527450562,1.1793843507766724,1.1789672374725342,1.1791062355041504,888
2026-04-15 05:00:00+00:00,1.1795234680175781,1.1800801753997803,1.1792453527450562,1.1792453527450562,454
2026-04-15 06:00:00+00:00,1.1789672374725342,1.1802195310592651,1.178828239440918,1.1796625852584839,613
2026-04-15 07:00:00+00:00,1.178828239440918,1.1793843507766724,1.1786893606185913,1.178828239440918,210
2026-04-15 08:00:00+00:00,1.1793843507766724,1.1798018217086792,1.1789672374725342,1.1789672374725342,640
2026-04-15 09:00:00+00:00,1.178550362586975,1.1795234680175781,1.177994966506958,1.1792453527450562,623
2026-04-15 10:00:00+00:00,1.1781338453292847,1.1789672374725342,1.1777175664901733,1.178550362586975,898
2026-04-15 11:00:00+00:00,1.178550362586975,1.1786893606185913,1.1777175664901733,1.177994966506958,573
2026-04-15 12:00:00+00:00,1.1792453527450562,1.1793843507766724,1.1781338453292847,1.1786893606185913,478
2026-04-15 13:00:00+00:00,1.1792453527450562,1.179940938949585,1.178828239440918,1.1792453527450562,401
2026-04-15 14:00:00+00:00,1.1800801753997803,1.18035888671875,1.1789672374725342,1.1792453527450562,496
2026-04-15 15:00:00+00:00,1.18035888671875,1.1810559034347534,1.179940938949585,1.1800801753997803,377
2026-04-15 16:00:00+00:00,1.1804981231689453,1.1806375980377197,1.1800801753997803,1.1802195310592651,649
2026-04-15 17:00:00+00:00,1.179940938949585,1.1804981231689453,1.1796625852584839,1.1804981231689453,627
2026-04-15 18:00:00+00:00,1.18035888671875,1.1804981231689453,1.1798018217086792,1.1798018217086792,806
2026-04-15 19:00:00+00:00,1.1804981231689453,1.1807769536972046,1.1802195310592651,1.18035888671875,358
2026-04-15 20:00:00+00:00,1.1802195310592651,1.18035888671875,1.179940938949585,1.18035888671875,488
2026-04-15 21:00:00+00:00,1.1800801753997803,1.1806375980377197,1.179940938949585,1.1802195310592651,809
2026-04-15 22:00:00+00:00,1.1806375980377197,1.1806375980377197,1.1804981231689453,1.1804981231689453,547
2026-04-15 23:00:00+00:00,1.1810559034347534,1.1811953783035278,1.1806375980377197,1.1806375980377197,409
2026-04-16 00:00:00+00:00,1.1810559034347534,1.1810559034347534,1.1806375980377197,1.1810559034347534,804
2026-04-16 01:00:00+00:00,1.1804981231689453,1.1811953783035278,1.1800801753997803,1.1810559034347534,948
2026-04-16 02:00:00+00:00,1.1820330619812012,1.1820330619812012,1.1806375980377197,1.1806375980377197,864
2026-04-16 03:00:00+00:00,1.1816140413284302,1.182732105255127,1.1816140413284302,1.1820330619812012,303
2026-04-16 04:00:00+00:00,1.1813349723815918,1.1816140413284302,1.1811953783035278,1.1816140413284302,297
2026-04-16 05:00:00+00:00,1.1807769536972046,1.1813349723815918,1.1807769536972046,1.1813349723815918,972
2026-04-16 06:00:00+00:00,1.1806375980377197,1.1809163093566895,1.1796625852584839,1.1809163093566895,216
2026-04-16 07:00:00+00:00,1.1796625852584839,1.1807769536972046,1.1795234680175781,1.1807769536972046,994
2026-04-16 08:00:00+00:00,1.1789672374725342,1.1796625852584839,1.1781338453292847,1.1795234680175781,354
2026-04-16 09:00:00+00:00,1.1782727241516113,1.1791062355041504,1.1781338453292847,1.178828239440918,165
2026-04-16 10:00:00+00:00,1.1782727241516113,1.1784114837646484,1.1777175664901733,1.1782727241516113,845
2026-04-16 11:00:00+00:00,1.178828239440918,1.1791062355041504,1.1784114837646484,1.1784114837646484,826
2026-04-16 12:00:00+00:00,1.178550362586975,1.1786893606185913,1.1778563261032104,1.1786893606185913,776
2026-04-16 13:00:00+00:00,1.1773016452789307,1.1786893606185913,1.177163004875183,1.178550362586975,805
2026-04-16 14:00:00+00:00,1.1775789260864258,1.1784114837646484,1.1773016452789307,1.1775789260864258,775
2026-04-16 15:00:00+00:00,1.1784114837646484,1.1784114837646484,1.1774401664733887,1.1775789260864258,579
2026-04-16 16:00:00+00:00,1.1778563261032104,1.1791062355041504,1.1774401664733887,1.178550362586975,306
2026-04-16 17:00:00+00:00,1.1775789260864258,1.1778563261032104,1.177163004875183,1.1778563261032104,140
2026-04-16 18:00:00+00:00,1.1782727241516113,1.1784114837646484,1.1777175664901733,1.1777175664901733,218
2026-04-16 19:00:00+00:00,1.178550362586975,1.178828239440918,1.1784114837646484,1.1784114837646484,302
2026-04-16 20:00:00+00:00,1.178550362586975,1.1786893606185913,1.1782727241516113,1.178550362586975,213
2026-04-16 21:00:00+00:00,1.1786893606185913,1.1786893606185913,1.1777175664901733,1.1786893606185913,720
2026-04-16 22:00:00+00:00,1.178828239440918,1.1791062355041504,1.1784114837646484,1.1784114837646484,445
2026-04-16 23:00:00+00:00,1.1784114837646484,1.1789672374725342,1.1784114837646484,1.178828239440918,239
2026-04-17 00:00:00+00:00,1.1782727241516113,1.1786893606185913,1.1781338453292847,1.1784114837646484,641
2026-04-17 01:00:00+00:00,1.177994966506958,1.1782727241516113,1.1778563261032104,1.1782727241516113,796
2026-04-17 02:00:00+00:00,1.1781338453292847,1.1781338453292847,1.1777175664901733,1.177994966506958,436
2026-04-17 03:00:00+00:00,1.1786893606185913,1.178828239440918,1.1778563261032104,1.1781338453292847,631
2026-04-17 04:00:00+00:00,1.1786893606185913,1.178828239440918,1.178550362586975,1.1786893606185913,261
2026-04-17 05:00:00+00:00,1.178550362586975,1.178828239440918,1.1784114837646484,1.178550362586975,767
2026-04-17 06:00:00+00:00,1.1778563261032104,1.178550362586975,1.1777175664901733,1.1782727241516113,305
2026-04-17 07:00:00+00:00,1.178550362586975,1.178550362586975,1.1778563261032104,1.177994966506958,938
2026-04-17 08:00:00+00:00,1.1798018217086792,1.1798018217086792,1.1784114837646484,1.1786893606185913,824
2026-04-17 09:00:00+00:00,1.1798018217086792,1.1802195310592651,1.1795234680175781,1.1798018217086792,152
2026-04-17 10:00:00+00:00,1.1798018217086792,1.179940938949585,1.1795234680175781,1.1796625852584839,422
2026-04-17 11:00:00+00:00,1.1798018217086792,1.1802195310592651,1.1795234680175781,1.1798018217086792,158
2026-04-17 12:00:00+00:00,1.183712124824524,1.1838523149490356,1.1798018217086792,1.1798018217086792,215
2026-04-17 13:00:00+00:00,1.183712124824524,1.1852554082870483,1.1828720569610596,1.1839923858642578,439
2026-04-17 14:00:00+00:00,1.1818934679031372,1.1838523149490356,1.1816140413284302,1.183712124824524,434
2026-04-17 15:00:00+00:00,1.18035888671875,1.1817537546157837,1.18035888671875,1.1816140413284302,494
2026-04-17 16:00:00+00:00,1.1802195310592651,1.1807769536972046,1.1796625852584839,1.18035888671875,577
2026-04-17 17:00:00+00:00,1.1798018217086792,1.1800801753997803,1.1789672374725342,1.1800801753997803,446
2026-04-17 18:00:00+00:00,1.1782727241516113,1.179940938949585,1.177994966506958,1.179940938949585,603
2026-04-17 19:00:00+00:00,1.177163004875183,1.1786893606185913,1.177163004875183,1.1782727241516113,532
2026-04-17 20:00:00+00:00,1.176747441291809,1.1774401664733887,1.1766090393066406,1.1773016452789307,542
2026-04-17 21:00:00+00:00,1.176747441291809,1.176747441291809,1.176747441291809,1.176747441291809,786
2026-04-19 23:00:00+00:00,1.1742602586746216,1.1748120784759521,1.1739845275878906,1.1743981838226318,745
2026-04-20 00:00:00+00:00,1.1757789850234985,1.1760554313659668,1.1741223335266113,1.1741223335266113,613
2026-04-20 01:00:00+00:00,1.1760554313659668,1.1763322353363037,1.1755025386810303,1.1759172677993774,997
2026-04-20 02:00:00+00:00,1.1760554313659668,1.1764705181121826,1.1757789850234985,1.1760554313659668,547
2026-04-20 03:00:00+00:00,1.1763322353363037,1.1764705181121826,1.1757789850234985,1.1760554313659668,683
2026-04-20 04:00:00+00:00,1.1763322353363037,1.1764705181121826,1.1760554313659668,1.1763322353363037,405
2026-04-20 05:00:00+00:00,1.1756407022476196,1.1764705181121826,1.1750881671905518,1.1763322353363037,105
2026-04-20 06:00:00+00:00,1.1755025386810303,1.1757789850234985,1.1755025386810303,1.1757789850234985,804
2026-04-20 09:00:00+00:00,1.176885962486267,1.176885962486267,1.1763322353363037,1.1763322353363037,263
2026-04-20 10:00:00+00:00,1.1774401664733887,1.1774401664733887,1.1766090393066406,1.176885962486267,633
2026-04-20 11:00:00+00:00,1.177163004875183,1.1778563261032104,1.177024483680725,1.1774401664733887,899
2026-04-20 12:00:00+00:00,1.176747441291809,1.177024483680725,1.1760554313659668,1.176885962486267,128
2026-04-20 13:00:00+00:00,1.1778563261032104,1.178550362586975,1.1764705181121826,1.1766090393066406,677
2026-04-20 14:00:00+00:00,1.1775789260864258,1.1781338453292847,1.177024483680725,1.1775789260864258,786
2026-04-20 15:00:00+00:00,1.178828239440918,1.1792453527450562,1.1773016452789307,1.1777175664901733,913
2026-04-20 16:00:00+00:00,1.178828239440918,1.1791062355041504,1.178550362586975,1.1789672374725342,779
2026-04-20 17:00:00+00:00,1.1786893606185913,1.1792453527450562,1.178550362586975,1.1789672374725342,217
2026-04-20 18:00:00+00:00,1.1784114837646484,1.1792453527450562,1.1784114837646484,1.178828239440918,125
2026-04-20 19:00:00+00:00,1.1789672374725342,1.1792453527450562,1.178550362586975,1.178550362586975,470
2026-04-20 20:00:00+00:00,1.1791062355041504,1.1792453527450562,1.178828239440918,1.178828239440918,205
2026-04-20 21:00:00+00:00,1.1786893606185913,1.1793843507766724,1.178550362586975,1.1793843507766724,347
2026-04-20 22:00:00+00:00,1.1792453527450562,1.1793843507766724,1.178828239440918,1.1792453527450562,603
2026-04-20 23:00:00+00:00,1.178828239440918,1.1793843507766724,1.1786893606185913,1.1793843507766724,382
2026-04-21 00:00:00+00:00,1.1786893606185913,1.178828239440918,1.1784114837646484,1.178828239440918,876
2026-04-21 01:00:00+00:00,1.1784114837646484,1.1789672374725342,1.1784114837646484,1.178550362586975,488
2026-04-21 02:00:00+00:00,1.1782727241516113,1.178550362586975,1.1781338453292847,1.1784114837646484,228
2026-04-21 03:00:00+00:00,1.1778563261032104,1.1782727241516113,1.1777175664901733,1.1782727241516113,874
2026-04-21 04:00:00+00:00,1.177994966506958,1.177994966506958,1.1777175664901733,1.177994966506958,574
2026-04-21 05:00:00+00:00,1.1782727241516113,1.178550362586975,1.1778563261032104,1.177994966506958,956
2026-04-21 06:00:00+00:00,1.1778563261032104,1.1781338453292847,1.1775789260864258,1.1781338453292847,784
2026-04-21 07:00:00+00:00,1.176747441291809,1.177994966506958,1.176747441291809,1.1778563261032104,164
2026-04-21 08:00:00+00:00,1.176747441291809,1.177163004875183,1.1760554313659668,1.176885962486267,128
2026-04-21 09:00:00+00:00,1.1763322353363037,1.176885962486267,1.1760554313659668,1.176885962486267,537
2026-04-21 10:00:00+00:00,1.1764705181121826,1.1764705181121826,1.1760554313659668,1.1761938333511353,575
2026-04-21 11:00:00+00:00,1.177024483680725,1.177163004875183,1.1760554313659668,1.1764705181121826,995
2026-04-21 12:00:00+00:00,1.1761938333511353,1.177163004875183,1.1760554313659668,1.177163004875183,473
2026-04-21 13:00:00+00:00,1.176885962486267,1.1773016452789307,1.1764705181121826,1.1764705181121826,916
2026-04-21 14:00:00+00:00,1.1756407022476196,1.1778563261032104,1.1756407022476196,1.177024483680725,686
2026-04-21 15:00:00+00:00,1.1755025386810303,1.1761938333511353,1.1745359897613525,1.1755025386810303,279
2026-04-21 16:00:00+00:00,1.1745359897613525,1.1757789850234985,1.1743981838226318,1.1755025386810303,604
2026-04-21 17:00:00+00:00,1.1746740341186523,1.1761938333511353,1.1724703311920166,1.1743981838226318,986
2026-04-21 18:00:00+00:00,1.1743981838226318,1.1749500036239624,1.1732958555221558,1.1749500036239624,819
2026-04-21 19:00:00+00:00,1.1730204820632935,1.175364375114441,1.1724703311920166,1.1745359897613525,366
2026-04-21 20:00:00+00:00,1.1746740341186523,1.1756407022476196,1.1727453470230103,1.1728830337524414,219
2026-04-21 21:00:00+00:00,1.1741223335266113,1.1759172677993774,1.17384672164917,1.1748120784759521,903
2026-04-21 22:00:00+00:00,1.1742602586746216,1.1745359897613525,1.1742602586746216,1.1745359897613525,784
2026-04-21 23:00:00+00:00,1.1746740341186523,1.1748120784759521,1.1741223335266113,1.1742602586746216,664
2026-04-22 00:00:00+00:00,1.1746740341186523,1.1755025386810303,1.1746740341186523,1.1749500036239624,820
2026-04-22 01:00:00+00:00,1.1748120784759521,1.1750881671905518,1.1742602586746216,1.1749500036239624,109
2026-04-22 02:00:00+00:00,1.1743981838226318,1.1750881671905518,1.1743981838226318,1.1749500036239624,778
2026-04-22 03:00:00+00:00,1.1742602586746216,1.1746740341186523,1.1741223335266113,1.1743981838226318,931
2026-04-22 04:00:00+00:00,1.1742602586746216,1.1745359897613525,1.1742602586746216,1.1742602586746216,415
2026-04-22 05:00:00+00:00,1.1755025386810303,1.1764705181121826,1.1743981838226318,1.1743981838226318,733
2026-04-22 06:00:00+00:00,1.1752262115478516,1.1757789850234985,1.1749500036239624,1.1755025386810303,534
2026-04-22 07:00:00+00:00,1.1759172677993774,1.1759172677993774,1.1750881671905518,1.1755025386810303,147
2026-04-22 08:00:00+00:00,1.1757789850234985,1.1761938333511353,1.1750881671905518,1.1759172677993774,604
2026-04-22 09:00:00+00:00,1.1750881671905518,1.1760554313659668,1.1750881671905518,1.1756407022476196,311
2026-04-22 10:00:00+00:00,1.1755025386810303,1.1756407022476196,1.1749500036239624,1.1749500036239624,567
2026-04-22 11:00:00+00:00,1.1737089157104492,1.175364375114441,1.1735711097717285,1.175364375114441,104
2026-04-22 12:00:00+00:00,1.1731581687927246,1.1741223335266113,1.1728830337524414,1.17384672164917,437
2026-04-22 13:00:00+00:00,1.1743981838226318,1.1745359897613525,1.1728830337524414,1.1730204820632935,815
2026-04-22 14:00:00+00:00,1.172195553779602,1.1746740341186523,1.172195553779602,1.1746740341186523,673
2026-04-22 15:00:00+00:00,1.1716461181640625,1.1726078987121582,1.1716461181640625,1.172195553779602,113
2026-04-22 16:00:00+00:00,1.1716461181640625,1.1719207763671875,1.1713716983795166,1.171783447265625,334
2026-04-22 17:00:00+00:00,1.1715089082717896,1.17205810546875,1.1715089082717896,1.1715089082717896,803
2026-04-22 18:00:00+00:00,1.1712344884872437,1.1716461181640625,1.1710972785949707,1.1712344884872437,188
2026-04-22 19:00:00+00:00,1.170823097229004,1.1715089082717896,1.170823097229004,1.1712344884872437,899
2026-04-22 20:00:00+00:00,1.1709601879119873,1.1710972785949707,1.1706860065460205,1.1709601879119873,345
2026-04-22 21:00:00+00:00,1.1710972785949707,1.1713716983795166,1.1706860065460205,1.1710972785949707,810
2026-04-22 22:00:00+00:00,1.1709601879119873,1.1712344884872437,1.170823097229004,1.1710972785949707,632
2026-04-22 23:00:00+00:00,1.1709601879119873,1.1710972785949707,1.170823097229004,1.1709601879119873,307
2026-04-23 00:00:00+00:00,1.1715089082717896,1.1716461181640625,1.1695905923843384,1.170823097229004,305
2026-04-23 01:00:00+00:00,1.1712344884872437,1.1715089082717896,1.1710972785949707,1.1715089082717896,754
2026-04-23 02:00:00+00:00,1.1701380014419556,1.1713716983795166,1.1700011491775513,1.1713716983795166,839
2026-04-23 03:00:00+00:00,1.169864296913147,1.1704120635986328,1.169864296913147,1.1700011491775513,974
2026-04-23 04:00:00+00:00,1.1704120635986328,1.1704120635986328,1.169864296913147,1.1700011491775513,288
2026-04-23 05:00:00+00:00,1.1709601879119873,1.1709601879119873,1.1702749729156494,1.1702749729156494,586
2026-04-23 06:00:00+00:00,1.1706860065460205,1.1712344884872437,1.170548915863037,1.1709601879119873,630
2026-04-23 07:00:00+00:00,1.170548915863037,1.1713716983795166,1.1700011491775513,1.1706860065460205,524
2026-04-23 08:00:00+00:00,1.170548915863037,1.170823097229004,1.1700011491775513,1.1706860065460205,191
2026-04-23 09:00:00+00:00,1.1697274446487427,1.170548915863037,1.1694538593292236,1.170548915863037,683
2026-04-23 10:00:00+00:00,1.1686338186264038,1.169864296913147,1.1683608293533325,1.169864296913147,572
2026-04-23 11:00:00+00:00,1.1694538593292236,1.169864296913147,1.1682243347167969,1.1684973239898682,554
2026-04-23 12:00:00+00:00,1.1695905923843384,1.1701380014419556,1.1690436601638794,1.1694538593292236,704
2026-04-23 13:00:00+00:00,1.1695905923843384,1.1700011491775513,1.168770432472229,1.1695905923843384,235
2026-04-23 14:00:00+00:00,1.1713716983795166,1.1719207763671875,1.1691803932189941,1.1693171262741089,368
2026-04-23 15:00:00+00:00,1.170823097229004,1.171783447265625,1.1704120635986328,1.1715089082717896,755
2026-04-23 16:00:00+00:00,1.1706860065460205,1.1709601879119873,1.1702749729156494,1.1706860065460205,384
2026-04-23 17:00:00+00:00,1.1695905923843384,1.170548915863037,1.1674060821533203,1.170548915863037,891
2026-04-23 18:00:00+00:00,1.1691803932189941,1.1701380014419556,1.1691803932189941,1.1697274446487427,261
2026-04-23 19:00:00+00:00,1.1690436601638794,1.1693171262741089,1.1683608293533325,1.1693171262741089,449
2026-04-23 20:00:00+00:00,1.168770432472229,1.1689070463180542,1.1683608293533325,1.1689070463180542,960
2026-04-23 21:00:00+00:00,1.1690436601638794,1.1697274446487427,1.1682243347167969,1.1697274446487427,161
2026-04-23 22:00:00+00:00,1.1689070463180542,1.1690436601638794,1.1689070463180542,1.1690436601638794,371
2026-04-23 23:00:00+00:00,1.1686338186264038,1.1689070463180542,1.1684973239898682,1.1689070463180542,525
2026-04-24 00:00:00+00:00,1.1689070463180542,1.1691803932189941,1.1686338186264038,1.1686338186264038,821
2026-04-24 01:00:00+00:00,1.1691803932189941,1.1691803932189941,1.1686338186264038,1.1689070463180542,982
2026-04-24 02:00:00+00:00,1.1682243347167969,1.1691803932189941,1.1682243347167969,1.1691803932189941,379
2026-04-24 03:00:00+00:00,1.1680878400802612,1.1683608293533325,1.1676785945892334,1.1683608293533325,453
2026-04-24 04:00:00+00:00,1.1682243347167969,1.1684973239898682,1.1679514646530151,1.1680878400802612,429
2026-04-24 05:00:00+00:00,1.1686338186264038,1.1686338186264038,1.1680878400802612,1.1683608293533325,968
2026-04-24 06:00:00+00:00,1.1680878400802612,1.1686338186264038,1.1680878400802612,1.1684973239898682,365
2026-04-24 07:00:00+00:00,1.1695905923843384,1.1695905923843384,1.1679514646530151,1.1680878400802612,589
2026-04-24 08:00:00+00:00,1.1693171262741089,1.169864296913147,1.1689070463180542,1.1691803932189941,293
2026-04-24 09:00:00+00:00,1.1690436601638794,1.1694538593292236,1.168770432472229,1.1694538593292236,539
2026-04-24 10:00:00+00:00,1.1706860065460205,1.1706860065460205,1.1689070463180542,1.1690436601638794,409
2026-04-24 11:00:00+00:00,1.171783447265625,1.172195553779602,1.1706860065460205,1.1706860065460205,122
2026-04-24 12:00:00+00:00,1.1712344884872437,1.17205810546875,1.1706860065460205,1.1719207763671875,906
2026-04-24 13:00:00+00:00,1.1710972785949707,1.1715089082717896,1.1702749729156494,1.1713716983795166,663
2026-04-24 14:00:00+00:00,1.1709601879119873,1.1719207763671875,1.170823097229004,1.1710972785949707,976
2026-04-24 15:00:00+00:00,1.17205810546875,1.172195553779602,1.1706860065460205,1.1709601879119873,772
2026-04-24 16:00:00+00:00,1.172333002090454,1.172333002090454,1.171783447265625,1.172195553779602,383
2026-04-24 17:00:00+00:00,1.171783447265625,1.1724703311920166,1.1716461181640625,1.172333002090454,282
2026-04-24 18:00:00+00:00,1.17205810546875,1.172195553779602,1.1715089082717896,1.1716461181640625,711
2026-04-24 19:00:00+00:00,1.172195553779602,1.1724703311920166,1.1719207763671875,1.172195553779602,408
2026-04-24 20:00:00+00:00,1.1724703311920166,1.1727453470230103,1.17205810546875,1.172195553779602,704
2026-04-24 21:00:00+00:00,1.1726078987121582,1.1726078987121582,1.1726078987121582,1.1726078987121582,910
2026-04-26 23:00:00+00:00,1.1709601879119873,1.1713716983795166,1.1709601879119873,1.1710972785949707,182
2026-04-27 00:00:00+00:00,1.1719207763671875,1.1719207763671875,1.1709601879119873,1.1709601879119873,510
2026-04-27 01:00:00+00:00,1.1727453470230103,1.1730204820632935,1.17205810546875,1.17205810546875,210
2026-04-27 02:00:00+00:00,1.1730204820632935,1.1731581687927246,1.172333002090454,1.1728830337524414,406
2026-04-27 03:00:00+00:00,1.1732958555221558,1.1735711097717285,1.1730204820632935,1.1730204820632935,321
2026-04-27 04:00:00+00:00,1.1730204820632935,1.173433542251587,1.1728830337524414,1.1732958555221558,317
2026-04-27 05:00:00+00:00,1.1726078987121582,1.1731581687927246,1.1726078987121582,1.1730204820632935,139
2026-04-27 06:00:00+00:00,1.1732958555221558,1.1732958555221558,1.17205810546875,1.1726078987121582,994
2026-04-27 07:00:00+00:00,1.1748120784759521,1.1748120784759521,1.1732958555221558,1.1732958555221558,714
2026-04-27 08:00:00+00:00,1.1752262115478516,1.175364375114441,1.1743981838226318,1.1746740341186523,123
2026-04-27 09:00:00+00:00,1.1745359897613525,1.175364375114441,1.1743981838226318,1.1752262115478516,967
2026-04-27 10:00:00+00:00,1.1749500036239624,1.1750881671905518,1.1742602586746216,1.1745359897613525,429
2026-04-27 11:00:00+00:00,1.1743981838226318,1.1749500036239624,1.1741223335266113,1.1749500036239624,712
2026-04-27 12:00:00+00:00,1.1748120784759521,1.1757789850234985,1.1743981838226318,1.1745359897613525,674
2026-04-27 13:00:00+00:00,1.1741223335266113,1.1757789850234985,1.1739845275878906,1.1746740341186523,580
2026-04-27 14:00:00+00:00,1.1739845275878906,1.1750881671905518,1.1739845275878906,1.1741223335266113,860
2026-04-27 15:00:00+00:00,1.173433542251587,1.1739845275878906,1.173433542251587,1.1739845275878906,480
2026-04-27 16:00:00+00:00,1.1731581687927246,1.1737089157104492,1.1728830337524414,1.173433542251587,722
2026-04-27 17:00:00+00:00,1.1727453470230103,1.1732958555221558,1.1724703311920166,1.1730204820632935,671
2026-04-27 18:00:00+00:00,1.172333002090454,1.1728830337524414,1.172195553779602,1.1727453470230103,487
2026-04-27 19:00:00+00:00,1.172333002090454,1.1728830337524414,1.172333002090454,1.172333002090454,248
2026-04-27 20:00:00+00:00,1.1724703311920166,1.1727453470230103,1.172333002090454,1.1724703311920166,126
2026-04-27 21:00:00+00:00,1.1726078987121582,1.1727453470230103,1.172195553779602,1.1727453470230103,964
2026-04-27 22:00:00+00:00,1.1726078987121582,1.1727453470230103,1.172333002090454,1.1726078987121582,623
2026-04-27 23:00:00+00:00,1.1726078987121582,1.1726078987121582,1.1724703311920166,1.1726078987121582,482
2026-04-28 00:00:00+00:00,1.172195553779602,1.1730204820632935,1.17205810546875,1.1727453470230103,124
2026-04-28 01:00:00+00:00,1.1716461181640625,1.172195553779602,1.1716461181640625,1.17205810546875,728
2026-04-28 02:00:00+00:00,1.1712344884872437,1.1716461181640625,1.1712344884872437,1.1716461181640625,689
2026-04-28 03:00:00+00:00,1.171783447265625,1.17205810546875,1.1710972785949707,1.1710972785949707,488
2026-04-28 04:00:00+00:00,1.1715089082717896,1.1719207763671875,1.1715089082717896,1.1716461181640625,801
2026-04-28 05:00:00+00:00,1.1709601879119873,1.1716461181640625,1.1709601879119873,1.1716461181640625,601
2026-04-28 06:00:00+00:00,1.1691803932189941,1.1710972785949707,1.1691803932189941,1.170823097229004,571
2026-04-28 07:00:00+00:00,1.1701380014419556,1.1704120635986328,1.1690436601638794,1.1690436601638794,875
2026-04-28 08:00:00+00:00,1.170548915863037,1.1710972785949707,1.1700011491775513,1.1701380014419556,866
2026-04-28 09:00:00+00:00,1.1695905923843384,1.1704120635986328,1.1690436601638794,1.1704120635986328,919
2026-04-28 10:00:00+00:00,1.1695905923843384,1.169864296913147,1.1694538593292236,1.1695905923843384,754
2026-04-28 11:00:00+00:00,1.1686338186264038,1.1702749729156494,1.1686338186264038,1.1697274446487427,412
2026-04-28 12:00:00+00:00,1.1700011491775513,1.1702749729156494,1.1682243347167969,1.1684973239898682,993
2026-04-28 13:00:00+00:00,1.1700011491775513,1.1706860065460205,1.1691803932189941,1.169864296913147,326
2026-04-28 14:00:00+00:00,1.1701380014419556,1.1706860065460205,1.1694538593292236,1.1700011491775513,159
2026-04-28 15:00:00+00:00,1.1716461181640625,1.1719207763671875,1.170548915863037,1.170548915863037,947
2026-04-28 16:00:00+00:00,1.1713716983795166,1.1719207763671875,1.1709601879119873,1.1716461181640625,884
2026-04-28 17:00:00+00:00,1.1716461181640625,1.17205810546875,1.1709601879119873,1.1713716983795166,978
2026-04-28 18:00:00+00:00,1.1715089082717896,1.1719207763671875,1.1715089082717896,1.171783447265625,961
2026-04-28 19:00:00+00:00,1.1712344884872437,1.171783447265625,1.1710972785949707,1.1715089082717896,880
2026-04-28 20:00:00+00:00,1.1716461181640625,1.171783447265625,1.1713716983795166,1.1713716983795166,761
2026-04-28 21:00:00+00:00,1.171783447265625,1.17205810546875,1.1716461181640625,1.1716461181640625,763
2026-04-28 22:00:00+00:00,1.1719207763671875,1.172195553779602,1.1719207763671875,1.1719207763671875,651
2026-04-28 23:00:00+00:00,1.172195553779602,1.172195553779602,1.1719207763671875,1.1719207763671875,562
2026-04-29 00:00:00+00:00,1.17205810546875,1.1724703311920166,1.171783447265625,1.172333002090454,255
2026-04-29 01:00:00+00:00,1.1715089082717896,1.1719207763671875,1.1710972785949707,1.1719207763671875,945
2026-04-29 02:00:00+00:00,1.1710972785949707,1.17205810546875,1.1710972785949707,1.171783447265625,101
2026-04-29 03:00:00+00:00,1.1709601879119873,1.1715089082717896,1.1709601879119873,1.1712344884872437,109
2026-04-29 04:00:00+00:00,1.1709601879119873,1.1712344884872437,1.170823097229004,1.1709601879119873,277
2026-04-29 05:00:00+00:00,1.170548915863037,1.1709601879119873,1.1702749729156494,1.1709601879119873,142
2026-04-29 06:00:00+00:00,1.1704120635986328,1.170823097229004,1.1701380014419556,1.170548915863037,519
2026-04-29 07:00:00+00:00,1.1709601879119873,1.1710972785949707,1.1702749729156494,1.1702749729156494,165
2026-04-29 08:00:00+00:00,1.170548915863037,1.170823097229004,1.169864296913147,1.170823097229004,594
2026-04-29 09:00:00+00:00,1.1701380014419556,1.170823097229004,1.1701380014419556,1.1704120635986328,144
2026-04-29 10:00:00+00:00,1.1710972785949707,1.1710972785949707,1.1700011491775513,1.1700011491775513,409
2026-04-29 11:00:00+00:00,1.170548915863037,1.1712344884872437,1.1704120635986328,1.1710972785949707,521
2026-04-29 12:00:00+00:00,1.1702749729156494,1.1710972785949707,1.169864296913147,1.170548915863037,154
2026-04-29 13:00:00+00:00,1.1691803932189941,1.170548915863037,1.168770432472229,1.1702749729156494,774
2026-04-29 14:00:00+00:00,1.170548915863037,1.170548915863037,1.168770432472229,1.1693171262741089,130
2026-04-29 15:00:00+00:00,1.169864296913147,1.170823097229004,1.1693171262741089,1.1704120635986328,574
2026-04-29 16:00:00+00:00,1.168770432472229,1.1701380014419556,1.168770432472229,1.169864296913147,499
2026-04-29 17:00:00+00:00,1.1691803932189941,1.1693171262741089,1.1684973239898682,1.168770432472229,348
2026-04-29 18:00:00+00:00,1.1676785945892334,1.1689070463180542,1.1667250394821167,1.1680878400802612,429
2026-04-29 19:00:00+00:00,1.1679514646530151,1.1683608293533325,1.1672697067260742,1.1678149700164795,535
2026-04-29 20:00:00+00:00,1.1679514646530151,1.1680878400802612,1.1675423383712769,1.1679514646530151,268
2026-04-29 21:00:00+00:00,1.1675423383712769,1.1684973239898682,1.1671334505081177,1.1671334505081177,334
2026-04-29 22:00:00+00:00,1.1680878400802612,1.1682243347167969,1.1675423383712769,1.1678149700164795,975
2026-04-29 23:00:00+00:00,1.1689070463180542,1.1689070463180542,1.1679514646530151,1.1682243347167969,139
2026-04-30 00:00:00+00:00,1.1682243347167969,1.1693171262741089,1.1682243347167969,1.1691803932189941,428
2026-04-30 01:00:00+00:00,1.1678149700164795,1.1684973239898682,1.1676785945892334,1.1680878400802612,359
2026-04-30 02:00:00+00:00,1.1669973134994507,1.1680878400802612,1.1665889024734497,1.1678149700164795,359
2026-04-30 03:00:00+00:00,1.1668611764907837,1.1674060821533203,1.1668611764907837,1.1671334505081177,241
2026-04-30 04:00:00+00:00,1.1663167476654053,1.1669973134994507,1.1659088134765625,1.1669973134994507,943
2026-04-30 05:00:00+00:00,1.1663167476654053,1.1667250394821167,1.1663167476654053,1.1664528846740723,552
2026-04-30 06:00:00+00:00,1.1672697067260742,1.1674060821533203,1.1661807298660278,1.1661807298660278,216
2026-04-30 07:00:00+00:00,1.1682243347167969,1.1684973239898682,1.1674060821533203,1.1674060821533203,259
2026-04-30 08:00:00+00:00,1.1682243347167969,1.1700011491775513,1.1679514646530151,1.1683608293533325,882
2026-04-30 09:00:00+00:00,1.169864296913147,1.1700011491775513,1.1678149700164795,1.1684973239898682,271
2026-04-30 10:00:00+00:00,1.1716461181640625,1.1716461181640625,1.1693171262741089,1.169864296913147,645
2026-04-30 11:00:00+00:00,1.170823097229004,1.172195553779602,1.1706860065460205,1.17205810546875,720
2026-04-30 12:00:00+00:00,1.1697274446487427,1.170823097229004,1.1693171262741089,1.170823097229004,457
2026-04-30 13:00:00+00:00,1.1697274446487427,1.1702749729156494,1.168770432472229,1.1697274446487427,730
2026-04-30 14:00:00+00:00,1.173433542251587,1.1737089157104492,1.1693171262741089,1.1693171262741089,307
2026-04-30 15:00:00+00:00,1.1732958555221558,1.17384672164917,1.1727453470230103,1.1731581687927246,729
2026-04-30 16:00:00+00:00,1.1730204820632935,1.17384672164917,1.1727453470230103,1.1731581687927246,436
2026-04-30 17:00:00+00:00,1.1728830337524414,1.173433542251587,1.1727453470230103,1.1730204820632935,485
2026-04-30 18:00:00+00:00,1.1739845275878906,1.1743981838226318,1.1730204820632935,1.1730204820632935,475
2026-04-30 19:00:00+00:00,1.1739845275878906,1.1743981838226318,1.1735711097717285,1.1742602586746216,191
2026-04-30 20:00:00+00:00,1.173433542251587,1.1739845275878906,1.173433542251587,1.17384672164917,886
2026-04-30 21:00:00+00:00,1.17384672164917,1.1741223335266113,1.173433542251587,1.1737089157104492,635
2026-04-30 22:00:00+00:00,1.173433542251587,1.17384672164917,1.1732958555221558,1.17384672164917,639
2026-04-30 23:00:00+00:00,1.1732958555221558,1.1737089157104492,1.1732958555221558,1.1735711097717285,674
2026-05-01 00:00:00+00:00,1.1731581687927246,1.1732958555221558,1.1728830337524414,1.1732958555221558,737
2026-05-01 01:00:00+00:00,1.173433542251587,1.1735711097717285,1.1728830337524414,1.1731581687927246,829
2026-05-01 02:00:00+00:00,1.1737089157104492,1.17384672164917,1.173433542251587,1.1735711097717285,689
2026-05-01 03:00:00+00:00,1.1735711097717285,1.1741223335266113,1.173433542251587,1.17384672164917,392
2026-05-01 04:00:00+00:00,1.1731581687927246,1.1735711097717285,1.1730204820632935,1.173433542251587,984
2026-05-01 05:00:00+00:00,1.1726078987121582,1.1731581687927246,1.1726078987121582,1.1730204820632935,172
2026-05-01 06:00:00+00:00,1.1741223335266113,1.1748120784759521,1.172333002090454,1.1726078987121582,390
2026-05-01 07:00:00+00:00,1.17384672164917,1.1745359897613525,1.1737089157104492,1.17384672164917,190
2026-05-01 08:00:00+00:00,1.1746740341186523,1.1750881671905518,1.1737089157104492,1.1739845275878906,108
2026-05-01 09:00:00+00:00,1.1737089157104492,1.1746740341186523,1.1735711097717285,1.1746740341186523,166
2026-05-01 10:00:00+00:00,1.1748120784759521,1.1749500036239624,1.1735711097717285,1.1735711097717285,965
2026-05-01 11:00:00+00:00,1.1755025386810303,1.1760554313659668,1.1748120784759521,1.1749500036239624,481
2026-05-01 12:00:00+00:00,1.1763322353363037,1.1773016452789307,1.175364375114441,1.1756407022476196,571
2026-05-01 13:00:00+00:00,1.1766090393066406,1.1766090393066406,1.1748120784759521,1.1761938333511353,893
2026-05-01 14:00:00+00:00,1.177163004875183,1.178828239440918,1.176747441291809,1.176747441291809,253
2026-05-01 15:00:00+00:00,1.1760554313659668,1.1774401664733887,1.1760554313659668,1.177024483680725,603
2026-05-01 16:00:00+00:00,1.1743981838226318,1.1760554313659668,1.1743981838226318,1.1759172677993774,490
2026-05-01 17:00:00+00:00,1.1737089157104492,1.1743981838226318,1.173433542251587,1.1742602586746216,276
2026-05-01 18:00:00+00:00,1.1732958555221558,1.1737089157104492,1.1724703311920166,1.1737089157104492,702
2026-05-01 19:00:00+00:00,1.172333002090454,1.1731581687927246,1.172195553779602,1.1731581687927246,180
2026-05-01 20:00:00+00:00,1.1726078987121582,1.1726078987121582,1.17205810546875,1.172333002090454,100
2026-05-01 21:00:00+00:00,1.172333002090454,1.172333002090454,1.172333002090454,1.172333002090454,303
2026-05-04 04:00:00+00:00,1.1731581687927246,1.1732958555221558,1.1731581687927246,1.1732958555221558,341
2026-05-04 05:00:00+00:00,1.173433542251587,1.1735711097717285,1.1730204820632935,1.1731581687927246,402
2026-05-04 06:00:00+00:00,1.1732958555221558,1.1739845275878906,1.1727453470230103,1.1735711097717285,232
2026-05-04 07:00:00+00:00,1.172333002090454,1.1731581687927246,1.17205810546875,1.1731581687927246,256
2026-05-04 08:00:00+00:00,1.172333002090454,1.1726078987121582,1.1715089082717896,1.1719207763671875,910
2026-05-04 09:00:00+00:00,1.17205810546875,1.1726078987121582,1.17205810546875,1.172333002090454,370
2026-05-04 10:00:00+00:00,1.170823097229004,1.17205810546875,1.1693171262741089,1.1719207763671875,751
2026-05-04 11:00:00+00:00,1.1697274446487427,1.1710972785949707,1.1697274446487427,1.1709601879119873,882
2026-05-04 12:00:00+00:00,1.1715089082717896,1.1715089082717896,1.1695905923843384,1.1695905923843384,781
2026-05-04 13:00:00+00:00,1.171783447265625,1.17205810546875,1.1706860065460205,1.1709601879119873,632
2026-05-04 14:00:00+00:00,1.1712344884872437,1.1719207763671875,1.1709601879119873,1.171783447265625,973
2026-05-04 15:00:00+00:00,1.1701380014419556,1.171783447265625,1.1697274446487427,1.1709601879119873,350
2026-05-04 16:00:00+00:00,1.1686338186264038,1.1701380014419556,1.1684973239898682,1.1701380014419556,235
2026-05-04 17:00:00+00:00,1.1697274446487427,1.1700011491775513,1.1686338186264038,1.1686338186264038,890
2026-05-04 18:00:00+00:00,1.1695905923843384,1.1700011491775513,1.1693171262741089,1.1695905923843384,141
2026-05-04 19:00:00+00:00,1.169864296913147,1.170548915863037,1.1697274446487427,1.1700011491775513,506
2026-05-04 20:00:00+00:00,1.1695905923843384,1.1697274446487427,1.1690436601638794,1.1697274446487427,727
2026-05-04 21:00:00+00:00,1.1695905923843384,1.1702749729156494,1.1691803932189941,1.1701380014419556,737
2026-05-04 22:00:00+00:00,1.1693171262741089,1.1695905923843384,1.1693171262741089,1.1693171262741089,405
2026-05-04 23:00:00+00:00,1.1695905923843384,1.1695905923843384,1.1693171262741089,1.1693171262741089,776
2026-05-05 00:00:00+00:00,1.1690436601638794,1.1697274446487427,1.1689070463180542,1.1695905923843384,352
2026-05-05 01:00:00+00:00,1.1689070463180542,1.1691803932189941,1.1683608293533325,1.1689070463180542,231
2026-05-05 02:00:00+00:00,1.1690436601638794,1.1694538593292236,1.1690436601638794,1.1690436601638794,163
2026-05-05 03:00:00+00:00,1.168770432472229,1.1691803932189941,1.168770432472229,1.1691803932189941,408
2026-05-05 04:00:00+00:00,1.1680878400802612,1.1690436601638794,1.1680878400802612,1.168770432472229,555
2026-05-05 05:00:00+00:00,1.1684973239898682,1.168770432472229,1.1679514646530151,1.1679514646530151,419
2026-05-05 06:00:00+00:00,1.1689070463180542,1.1691803932189941,1.1683608293533325,1.1686338186264038,933
2026-05-05 07:00:00+00:00,1.1694538593292236,1.169864296913147,1.1689070463180542,1.1689070463180542,702
2026-05-05 08:00:00+00:00,1.1691803932189941,1.169864296913147,1.1689070463180542,1.1693171262741089,865
2026-05-05 09:00:00+00:00,1.1694538593292236,1.1695905923843384,1.1686338186264038,1.1689070463180542,297
2026-05-05 10:00:00+00:00,1.1693171262741089,1.169864296913147,1.1690436601638794,1.1693171262741089,225
2026-05-05 11:00:00+00:00,1.1691803932189941,1.1697274446487427,1.168770432472229,1.1693171262741089,381
2026-05-05 12:00:00+00:00,1.1695905923843384,1.1700011491775513,1.1689070463180542,1.1691803932189941,561
2026-05-05 13:00:00+00:00,1.1700011491775513,1.1706860065460205,1.1695905923843384,1.1695905923843384,734
2026-05-05 14:00:00+00:00,1.170823097229004,1.170823097229004,1.169864296913147,1.1701380014419556,782
2026-05-05 15:00:00+00:00,1.1710972785949707,1.1716461181640625,1.170548915863037,1.1709601879119873,267
2026-05-05 16:00:00+00:00,1.1702749729156494,1.1710972785949707,1.1701380014419556,1.1709601879119873,401
2026-05-05 17:00:00+00:00,1.1702749729156494,1.1706860065460205,1.1700011491775513,1.1702749729156494,107
2026-05-05 18:00:00+00:00,1.1704120635986328,1.1704120635986328,1.1701380014419556,1.1702749729156494,983
2026-05-05 19:00:00+00:00,1.169864296913147,1.1704120635986328,1.1697274446487427,1.1704120635986328,398
2026-05-05 20:00:00+00:00,1.1695905923843384,1.1700011491775513,1.1695905923843384,1.169864296913147,991
2026-05-05 21:00:00+00:00,1.1695905923843384,1.1701380014419556,1.1689070463180542,1.169864296913147,357
2026-05-05 22:00:00+00:00,1.170823097229004,1.1712344884872437,1.1694538593292236,1.1697274446487427,350
2026-05-05 23:00:00+00:00,1.171783447265625,1.1727453470230103,1.1709601879119873,1.1709601879119873,496
2026-05-06 00:00:00+00:00,1.172333002090454,1.1724703311920166,1.1715089082717896,1.171783447265625,249
2026-05-06 01:00:00+00:00,1.1724703311920166,1.1728830337524414,1.172195553779602,1.1724703311920166,956
2026-05-06 02:00:00+00:00,1.17205810546875,1.1727453470230103,1.1719207763671875,1.1726078987121582,998
2026-05-06 03:00:00+00:00,1.17205810546875,1.1726078987121582,1.17205810546875,1.17205810546875,240
2026-05-06 04:00:00+00:00,1.1742602586746216,1.1746740341186523,1.1719207763671875,1.17205810546875,907
2026-05-06 05:00:00+00:00,1.1735711097717285,1.1741223335266113,1.1732958555221558,1.1739845275878906,503
2026-05-06 06:00:00+00:00,1.1737089157104492,1.17384672164917,1.1731581687927246,1.17384672164917,797
2026-05-06 07:00:00+00:00,1.17384672164917,1.17384672164917,1.1728830337524414,1.1737089157104492,828
2026-05-06 08:00:00+00:00,1.176747441291809,1.1773016452789307,1.1737089157104492,1.1742602586746216,390
2026-05-06 09:00:00+00:00,1.1778563261032104,1.177994966506958,1.1760554313659668,1.176747441291809,692
2026-05-06 10:00:00+00:00,1.1793843507766724,1.179940938949585,1.177024483680725,1.177994966506958,275
2026-05-06 11:00:00+00:00,1.1773016452789307,1.1795234680175781,1.177163004875183,1.1792453527450562,842
2026-05-06 12:00:00+00:00,1.1756407022476196,1.1773016452789307,1.1755025386810303,1.1773016452789307,535
2026-05-06 13:00:00+00:00,1.1755025386810303,1.1761938333511353,1.1750881671905518,1.1756407022476196,722
2026-05-06 14:00:00+00:00,1.1759172677993774,1.1766090393066406,1.1749500036239624,1.1755025386810303,652
2026-05-06 15:00:00+00:00,1.1756407022476196,1.1760554313659668,1.1752262115478516,1.1757789850234985,739
2026-05-06 16:00:00+00:00,1.1748120784759521,1.1756407022476196,1.1748120784759521,1.1756407022476196,391
2026-05-06 17:00:00+00:00,1.1750881671905518,1.1759172677993774,1.1746740341186523,1.1746740341186523,667
2026-05-06 18:00:00+00:00,1.1752262115478516,1.1755025386810303,1.1748120784759521,1.1752262115478516,117
2026-05-06 19:00:00+00:00,1.1752262115478516,1.1759172677993774,1.1752262115478516,1.175364375114441,123
2026-05-06 20:00:00+00:00,1.1752262115478516,1.175364375114441,1.1748120784759521,1.1749500036239624,691
2026-05-06 21:00:00+00:00,1.1752262115478516,1.1756407022476196,1.1748120784759521,1.1752262115478516,879
2026-05-06 22:00:00+00:00,1.175364375114441,1.1755025386810303,1.1752262115478516,1.1752262115478516,462
2026-05-06 23:00:00+00:00,1.1750881671905518,1.1756407022476196,1.1750881671905518,1.175364375114441,546
2026-05-07 00:00:00+00:00,1.1752262115478516,1.1757789850234985,1.1750881671905518,1.1752262115478516,356
2026-05-07 01:00:00+00:00,1.1763322353363037,1.1766090393066406,1.1749500036239624,1.1752262115478516,147
2026-05-07 02:00:00+00:00,1.1760554313659668,1.1763322353363037,1.1759172677993774,1.1761938333511353,795
2026-05-07 03:00:00+00:00,1.1752262115478516,1.1759172677993774,1.1752262115478516,1.1759172677993774,140
2026-05-07 04:00:00+00:00,1.1755025386810303,1.1756407022476196,1.1752262115478516,1.1752262115478516,272
2026-05-07 05:00:00+00:00,1.1755025386810303,1.1756407022476196,1.175364375114441,1.1755025386810303,246
2026-05-07 06:00:00+00:00,1.1750881671905518,1.1759172677993774,1.1749500036239624,1.1755025386810303,794
2026-05-07 07:00:00+00:00,1.177024483680725,1.177163004875183,1.1752262115478516,1.1752262115478516,142
2026-05-07 08:00:00+00:00,1.1774401664733887,1.1777175664901733,1.176747441291809,1.177024483680725,491
2026-05-07 09:00:00+00:00,1.1773016452789307,1.1781338453292847,1.177024483680725,1.1774401664733887,201
2026-05-07 10:00:00+00:00,1.177163004875183,1.177994966506958,1.177024483680725,1.1773016452789307,452
2026-05-07 11:00:00+00:00,1.1773016452789307,1.1773016452789307,1.1766090393066406,1.177024483680725,452
2026-05-07 12:00:00+00:00,1.1777175664901733,1.1781338453292847,1.177163004875183,1.1774401664733887,185
2026-05-07 13:00:00+00:00,1.1773016452789307,1.177994966506958,1.177024483680725,1.1775789260864258,869
2026-05-07 14:00:00+00:00,1.177994966506958,1.177994966506958,1.176885962486267,1.1773016452789307,195
2026-05-07 15:00:00+00:00,1.176747441291809,1.1781338453292847,1.176747441291809,1.177994966506958,925
2026-05-07 16:00:00+00:00,1.1763322353363037,1.176885962486267,1.1760554313659668,1.1766090393066406,376
2026-05-07 17:00:00+00:00,1.1752262115478516,1.1763322353363037,1.1741223335266113,1.1763322353363037,447
2026-05-07 18:00:00+00:00,1.1752262115478516,1.1755025386810303,1.1745359897613525,1.1752262115478516,552
2026-05-07 19:00:00+00:00,1.17384672164917,1.1756407022476196,1.17384672164917,1.175364375114441,715
2026-05-07 20:00:00+00:00,1.1727453470230103,1.1746740341186523,1.1727453470230103,1.1737089157104492,110
2026-05-07 21:00:00+00:00,1.1730204820632935,1.17384672164917,1.1728830337524414,1.1731581687927246,234
2026-05-07 22:00:00+00:00,1.1728830337524414,1.173433542251587,1.1728830337524414,1.1730204820632935,760
2026-05-07 23:00:00+00:00,1.173433542251587,1.173433542251587,1.1728830337524414,1.1728830337524414,424
2026-05-08 00:00:00+00:00,1.1731581687927246,1.17384672164917,1.1730204820632935,1.1735711097717285,253
2026-05-08 01:00:00+00:00,1.1735711097717285,1.1737089157104492,1.1731581687927246,1.1732958555221558,819
2026-05-08 02:00:00+00:00,1.1731581687927246,1.1735711097717285,1.1728830337524414,1.1735711097717285,259
2026-05-08 03:00:00+00:00,1.1732958555221558,1.1737089157104492,1.1730204820632935,1.1731581687927246,654
2026-05-08 04:00:00+00:00,1.17384672164917,1.17384672164917,1.1731581687927246,1.173433542251587,218
2026-05-08 05:00:00+00:00,1.1741223335266113,1.1741223335266113,1.1737089157104492,1.17384672164917,499
2026-05-08 06:00:00+00:00,1.1748120784759521,1.1750881671905518,1.1741223335266113,1.1742602586746216,382
2026-05-08 07:00:00+00:00,1.1746740341186523,1.1750881671905518,1.1745359897613525,1.1749500036239624,737
2026-05-08 08:00:00+00:00,1.1766090393066406,1.176747441291809,1.1746740341186523,1.1746740341186523,383
2026-05-08 09:00:00+00:00,1.1773016452789307,1.1777175664901733,1.176747441291809,1.176747441291809,761
2026-05-08 10:00:00+00:00,1.176747441291809,1.1775789260864258,1.1766090393066406,1.1773016452789307,259
2026-05-08 11:00:00+00:00,1.176885962486267,1.177163004875183,1.1766090393066406,1.176747441291809,917
2026-05-08 12:00:00+00:00,1.1778563261032104,1.1781338453292847,1.1763322353363037,1.176885962486267,232
2026-05-08 13:00:00+00:00,1.1781338453292847,1.1789672374725342,1.177163004875183,1.1777175664901733,231
2026-05-08 14:00:00+00:00,1.1777175664901733,1.1781338453292847,1.177163004875183,1.1781338453292847,197
2026-05-08 15:00:00+00:00,1.1777175664901733,1.1781338453292847,1.177024483680725,1.1777175664901733,822
2026-05-08 16:00:00+00:00,1.1775789260864258,1.1781338453292847,1.1774401664733887,1.1777175664901733,469
2026-05-08 17:00:00+00:00,1.1777175664901733,1.177994966506958,1.1774401664733887,1.1774401664733887,255
2026-05-08 18:00:00+00:00,1.1782727241516113,1.178550362586975,1.1774401664733887,1.1774401664733887,635
2026-05-08 19:00:00+00:00,1.1784114837646484,1.1786893606185913,1.1781338453292847,1.1782727241516113,888
2026-05-08 20:00:00+00:00,1.178828239440918,1.1791062355041504,1.1782727241516113,1.1782727241516113,769
2026-05-08 21:00:00+00:00,1.1789672374725342,1.1789672374725342,1.1789672374725342,1.1789672374725342,263
2026-05-10 23:00:00+00:00,1.177024483680725,1.1773016452789307,1.176747441291809,1.176747441291809,945
2026-05-11 00:00:00+00:00,1.1773016452789307,1.1775789260864258,1.177024483680725,1.177163004875183,889
2026-05-11 01:00:00+00:00,1.1766090393066406,1.1773016452789307,1.1766090393066406,1.1773016452789307,661
2026-05-11 02:00:00+00:00,1.1763322353363037,1.176885962486267,1.1763322353363037,1.176747441291809,129
2026-05-11 03:00:00+00:00,1.1760554313659668,1.1761938333511353,1.1760554313659668,1.1761938333511353,564
2026-05-11 04:00:00+00:00,1.175364375114441,1.1760554313659668,1.175364375114441,1.1760554313659668,132
2026-05-11 05:00:00+00:00,1.175364375114441,1.1757789850234985,1.1752262115478516,1.1755025386810303,980
2026-05-11 06:00:00+00:00,1.177163004875183,1.177163004875183,1.1755025386810303,1.1755025386810303,765
2026-05-11 07:00:00+00:00,1.1774401664733887,1.1777175664901733,1.176885962486267,1.177163004875183,720
2026-05-11 08:00:00+00:00,1.1775789260864258,1.178550362586975,1.1774401664733887,1.1774401664733887,229
2026-05-11 09:00:00+00:00,1.177163004875183,1.1777175664901733,1.177163004875183,1.1774401664733887,782
2026-05-11 10:00:00+00:00,1.1773016452789307,1.1777175664901733,1.176885962486267,1.177024483680725,741
2026-05-11 11:00:00+00:00,1.177024483680725,1.1778563261032104,1.176885962486267,1.1773016452789307,171
2026-05-11 12:00:00+00:00,1.1775789260864258,1.1778563261032104,1.176885962486267,1.177163004875183,252
2026-05-11 13:00:00+00:00,1.178828239440918,1.1791062355041504,1.1777175664901733,1.1777175664901733,286
2026-05-11 14:00:00+00:00,1.1782727241516113,1.1791062355041504,1.1782727241516113,1.1789672374725342,456
2026-05-11 15:00:00+00:00,1.1784114837646484,1.178828239440918,1.177994966506958,1.1782727241516113,744
2026-05-11 16:00:00+00:00,1.1777175664901733,1.1784114837646484,1.1775789260864258,1.1784114837646484,145
2026-05-11 17:00:00+00:00,1.1781338453292847,1.1782727241516113,1.1775789260864258,1.1777175664901733,825
2026-05-11 18:00:00+00:00,1.1778563261032104,1.1784114837646484,1.1778563261032104,1.1782727241516113,458
2026-05-11 19:00:00+00:00,1.177994966506958,1.1781338453292847,1.1778563261032104,1.1778563261032104,100
2026-05-11 20:00:00+00:00,1.178550362586975,1.1786893606185913,1.177994966506958,1.1781338453292847,426
2026-05-11 21:00:00+00:00,1.178828239440918,1.1791062355041504,1.1778563261032104,1.1778563261032104,190
2026-05-11 22:00:00+00:00,1.178828239440918,1.1791062355041504,1.178828239440918,1.1789672374725342,771
2026-05-11 23:00:00+00:00,1.1781338453292847,1.178828239440918,1.1781338453292847,1.178828239440918,242
2026-05-12 00:00:00+00:00,1.177024483680725,1.177994966506958,1.177024483680725,1.177994966506958,305
2026-05-12 01:00:00+00:00,1.1764705181121826,1.1773016452789307,1.1761938333511353,1.177024483680725,190
2026-05-12 02:00:00+00:00,1.1766090393066406,1.176747441291809,1.1763322353363037,1.1764705181121826,898
2026-05-12 03:00:00+00:00,1.1759172677993774,1.1766090393066406,1.1759172677993774,1.1766090393066406,248
2026-05-12 04:00:00+00:00,1.1760554313659668,1.1763322353363037,1.1759172677993774,1.1760554313659668,512
2026-05-12 05:00:00+00:00,1.1766090393066406,1.1766090393066406,1.1756407022476196,1.1759172677993774,270
2026-05-12 06:00:00+00:00,1.1755025386810303,1.176747441291809,1.1755025386810303,1.176747441291809,427
2026-05-12 07:00:00+00:00,1.1750881671905518,1.1756407022476196,1.1746740341186523,1.175364375114441,975
2026-05-12 08:00:00+00:00,1.1749500036239624,1.175364375114441,1.1743981838226318,1.1750881671905518,881
2026-05-12 09:00:00+00:00,1.1750881671905518,1.175364375114441,1.1748120784759521,1.1749500036239624,716
2026-05-12 10:00:00+00:00,1.1745359897613525,1.1752262115478516,1.1745359897613525,1.1750881671905518,370
2026-05-12 11:00:00+00:00,1.1748120784759521,1.1750881671905518,1.17384672164917,1.1743981838226318,966
2026-05-12 12:00:00+00:00,1.1750881671905518,1.175364375114441,1.1739845275878906,1.1746740341186523,380
2026-05-12 13:00:00+00:00,1.173433542251587,1.1752262115478516,1.1731581687927246,1.1752262115478516,381
2026-05-12 14:00:00+00:00,1.17384672164917,1.17384672164917,1.1731581687927246,1.173433542251587,561
2026-05-12 15:00:00+00:00,1.1737089157104492,1.1739845275878906,1.1727453470230103,1.1739845275878906,699
2026-05-12 16:00:00+00:00,1.1731581687927246,1.1741223335266113,1.1731581687927246,1.1735711097717285,842
2026-05-12 17:00:00+00:00,1.1735711097717285,1.1737089157104492,1.1731581687927246,1.1731581687927246,136
2026-05-12 18:00:00+00:00,1.1743981838226318,1.1743981838226318,1.1732958555221558,1.1737089157104492,575
2026-05-12 19:00:00+00:00,1.1743981838226318,1.1749500036239624,1.1743981838226318,1.1745359897613525,632
2026-05-12 20:00:00+00:00,1.1743981838226318,1.1743981838226318,1.1741223335266113,1.1742602586746216,871
2026-05-12 21:00:00+00:00,1.1742602586746216,1.1745359897613525,1.17384672164917,1.17384672164917,302
2026-05-12 22:00:00+00:00,1.1742602586746216,1.1743981838226318,1.1741223335266113,1.1742602586746216,260
2026-05-12 23:00:00+00:00,1.17384672164917,1.1745359897613525,1.17384672164917,1.1742602586746216,660
2026-05-13 00:00:00+00:00,1.1741223335266113,1.1741223335266113,1.1735711097717285,1.17384672164917,150
2026-05-13 01:00:00+00:00,1.1741223335266113,1.1745359897613525,1.1735711097717285,1.1741223335266113,231
2026-05-13 02:00:00+00:00,1.1739845275878906,1.1745359897613525,1.1739845275878906,1.1742602586746216,951
2026-05-13 03:00:00+00:00,1.17384672164917,1.1741223335266113,1.1737089157104492,1.1741223335266113,599
2026-05-13 04:00:00+00:00,1.17384672164917,1.17384672164917,1.1735711097717285,1.17384672164917,674
2026-05-13 05:00:00+00:00,1.1737089157104492,1.1739845275878906,1.1735711097717285,1.17384672164917,459
2026-05-13 06:00:00+00:00,1.172195553779602,1.1737089157104492,1.172195553779602,1.1737089157104492,692
2026-05-13 07:00:00+00:00,1.1710972785949707,1.1726078987121582,1.1710972785949707,1.172333002090454,436
2026-05-13 08:00:00+00:00,1.1706860065460205,1.1715089082717896,1.1704120635986328,1.1710972785949707,955
2026-05-13 09:00:00+00:00,1.1709601879119873,1.1709601879119873,1.1700011491775513,1.1706860065460205,117
2026-05-13 10:00:00+00:00,1.1715089082717896,1.171783447265625,1.1706860065460205,1.1709601879119873,381
2026-05-13 11:00:00+00:00,1.1715089082717896,1.17205810546875,1.1715089082717896,1.1716461181640625,551
2026-05-13 12:00:00+00:00,1.1704120635986328,1.1719207763671875,1.1701380014419556,1.1716461181640625,874
2026-05-13 13:00:00+00:00,1.1715089082717896,1.1715089082717896,1.170548915863037,1.170548915863037,145
2026-05-13 14:00:00+00:00,1.1712344884872437,1.1715089082717896,1.1706860065460205,1.1713716983795166,325
2026-05-13 15:00:00+00:00,1.1715089082717896,1.1719207763671875,1.1710972785949707,1.1712344884872437,565
2026-05-13 16:00:00+00:00,1.1712344884872437,1.17205810546875,1.1712344884872437,1.1713716983795166,569
2026-05-13 17:00:00+00:00,1.170823097229004,1.1713716983795166,1.170823097229004,1.1712344884872437,437
2026-05-13 18:00:00+00:00,1.1712344884872437,1.1713716983795166,1.170823097229004,1.170823097229004,971
2026-05-13 19:00:00+00:00,1.1713716983795166,1.1716461181640625,1.1712344884872437,1.1712344884872437,641
2026-05-13 20:00:00+00:00,1.1716461181640625,1.171783447265625,1.1712344884872437,1.1713716983795166,987
2026-05-13 21:00:00+00:00,1.1719207763671875,1.17205810546875,1.1715089082717896,1.1716461181640625,789
2026-05-13 22:00:00+00:00,1.17205810546875,1.172195553779602,1.171783447265625,1.171783447265625,290
2026-05-13 23:00:00+00:00,1.1719207763671875,1.172195553779602,1.1719207763671875,1.172195553779602,285
2026-05-14 00:00:00+00:00,1.17205810546875,1.172195553779602,1.171783447265625,1.1719207763671875,225
2026-05-14 01:00:00+00:00,1.1716461181640625,1.17205810546875,1.1716461181640625,1.1719207763671875,683
2026-05-14 02:00:00+00:00,1.1716461181640625,1.1719207763671875,1.1715089082717896,1.171783447265625,125
2026-05-14 03:00:00+00:00,1.1715089082717896,1.171783447265625,1.1713716983795166,1.1716461181640625,922
2026-05-14 04:00:00+00:00,1.171783447265625,1.17205810546875,1.1715089082717896,1.1715089082717896,285
2026-05-14 05:00:00+00:00,1.1713716983795166,1.1719207763671875,1.1713716983795166,1.171783447265625,312
2026-05-14 06:00:00+00:00,1.172195553779602,1.1724703311920166,1.1710972785949707,1.1715089082717896,461
2026-05-14 07:00:00+00:00,1.1710972785949707,1.172195553779602,1.1710972785949707,1.172195553779602,835
2026-05-14 08:00:00+00:00,1.1715089082717896,1.1716461181640625,1.170823097229004,1.1710972785949707,606
2026-05-14 09:00:00+00:00,1.1712344884872437,1.1716461181640625,1.1709601879119873,1.1713716983795166,779
2026-05-14 10:00:00+00:00,1.1712344884872437,1.1713716983795166,1.1709601879119873,1.1709601879119873,348
2026-05-14 11:00:00+00:00,1.170548915863037,1.1710972785949707,1.1702749729156494,1.1710972785949707,731
2026-05-14 12:00:00+00:00,1.1701380014419556,1.170823097229004,1.1700011491775513,1.170548915863037,619
2026-05-14 13:00:00+00:00,1.1694538593292236,1.1701380014419556,1.1689070463180542,1.1701380014419556,468
2026-05-14 14:00:00+00:00,1.1683608293533325,1.1702749729156494,1.1683608293533325,1.1690436601638794,755
2026-05-14 15:00:00+00:00,1.1680878400802612,1.1684973239898682,1.1675423383712769,1.1680878400802612,647
2026-05-14 16:00:00+00:00,1.1679514646530151,1.1683608293533325,1.1675423383712769,1.1680878400802612,654
2026-05-14 17:00:00+00:00,1.1680878400802612,1.1683608293533325,1.1680878400802612,1.1680878400802612,438
2026-05-14 18:00:00+00:00,1.1680878400802612,1.1682243347167969,1.1678149700164795,1.1680878400802612,757
2026-05-14 19:00:00+00:00,1.1674060821533203,1.1682243347167969,1.1672697067260742,1.1680878400802612,332
2026-05-14 20:00:00+00:00,1.1672697067260742,1.1675423383712769,1.1669973134994507,1.1675423383712769,678
2026-05-14 21:00:00+00:00,1.1675423383712769,1.1676785945892334,1.1669973134994507,1.1669973134994507,532
2026-05-14 22:00:00+00:00,1.1672697067260742,1.1675423383712769,1.1672697067260742,1.1674060821533203,966
2026-05-14 23:00:00+00:00,1.1664528846740723,1.1672697067260742,1.1664528846740723,1.1672697067260742,457
2026-05-15 00:00:00+00:00,1.16604483127594,1.1665889024734497,1.1656370162963867,1.1664528846740723,247
2026-05-15 01:00:00+00:00,1.1650937795639038,1.1659088134765625,1.164958119392395,1.1659088134765625,910
2026-05-15 02:00:00+00:00,1.1656370162963867,1.16604483127594,1.164958119392395,1.164958119392395,922
2026-05-15 03:00:00+00:00,1.1656370162963867,1.1657729148864746,1.1653653383255005,1.1656370162963867,304
2026-05-15 04:00:00+00:00,1.1650937795639038,1.1656370162963867,1.164958119392395,1.1655012369155884,448
2026-05-15 05:00:00+00:00,1.1637378931045532,1.1650937795639038,1.1637378931045532,1.1650937795639038,625
2026-05-15 06:00:00+00:00,1.163873314857483,1.164686679840088,1.1637378931045532,1.1637378931045532,991
2026-05-15 07:00:00+00:00,1.163873314857483,1.1650937795639038,1.163602590560913,1.163602590560913,343
2026-05-15 08:00:00+00:00,1.163602590560913,1.1641442775726318,1.1634671688079834,1.1640088558197021,895
2026-05-15 09:00:00+00:00,1.1631964445114136,1.163602590560913,1.1621150970458984,1.163602590560913,345
2026-05-15 10:00:00+00:00,1.1653653383255005,1.1657729148864746,1.163061261177063,1.163061261177063,711
2026-05-15 11:00:00+00:00,1.1634671688079834,1.1652295589447021,1.1633317470550537,1.1652295589447021,121
2026-05-15 12:00:00+00:00,1.163061261177063,1.1634671688079834,1.16225004196167,1.1634671688079834,519
2026-05-15 13:00:00+00:00,1.1626555919647217,1.1633317470550537,1.16225004196167,1.1629259586334229,650
2026-05-15 14:00:00+00:00,1.1633317470550537,1.1640088558197021,1.162520408630371,1.1627906560897827,583
2026-05-15 15:00:00+00:00,1.1629259586334229,1.1633317470550537,1.1623852252960205,1.1633317470550537,210
2026-05-15 16:00:00+00:00,1.1633317470550537,1.1634671688079834,1.1626555919647217,1.1629259586334229,362
2026-05-15 17:00:00+00:00,1.163061261177063,1.163873314857483,1.163061261177063,1.1631964445114136,854
2026-05-15 18:00:00+00:00,1.162520408630371,1.163061261177063,1.1621150970458984,1.163061261177063,501
2026-05-15 19:00:00+00:00,1.1623852252960205,1.1626555919647217,1.16225004196167,1.162520408630371,640
2026-05-15 20:00:00+00:00,1.1629259586334229,1.1629259586334229,1.16225004196167,1.1623852252960205,384
2026-05-15 21:00:00+00:00,1.163061261177063,1.163061261177063,1.163061261177063,1.163061261177063,625
2026-05-17 23:00:00+00:00,1.1617100238800049,1.1626555919647217,1.1615750789642334,1.1626555919647217,539
2026-05-18 00:00:00+00:00,1.161440134048462,1.1623852252960205,1.161170482635498,1.1618449687957764,493
2026-05-18 01:00:00+00:00,1.1621150970458984,1.16225004196167,1.161170482635498,1.1615750789642334,762
2026-05-18 02:00:00+00:00,1.1618449687957764,1.16225004196167,1.1617100238800049,1.1619800329208374,552
2026-05-18 03:00:00+00:00,1.162520408630371,1.162520408630371,1.1619800329208374,1.1619800329208374,325
2026-05-18 04:00:00+00:00,1.1623852252960205,1.1629259586334229,1.16225004196167,1.162520408630371,715
2026-05-18 05:00:00+00:00,1.162520408630371,1.162520408630371,1.1621150970458984,1.162520408630371,309
2026-05-18 06:00:00+00:00,1.163873314857483,1.1640088558197021,1.1626555919647217,1.1626555919647217,802
2026-05-18 07:00:00+00:00,1.163602590560913,1.1642799377441406,1.1634671688079834,1.163873314857483,139
2026-05-18 08:00:00+00:00,1.1645511388778687,1.1648223400115967,1.1633317470550537,1.1637378931045532,287
2026-05-18 09:00:00+00:00,1.163873314857483,1.1645511388778687,1.163873314857483,1.1645511388778687,870
2026-05-18 10:00:00+00:00,1.163061261177063,1.1640088558197021,1.163061261177063,1.163873314857483,244
2026-05-18 11:00:00+00:00,1.1644154787063599,1.1652295589447021,1.163061261177063,1.163061261177063,922
2026-05-18 12:00:00+00:00,1.1655012369155884,1.16604483127594,1.1644154787063599,1.1644154787063599,343
2026-05-18 13:00:00+00:00,1.1655012369155884,1.1659088134765625,1.1648223400115967,1.1655012369155884,912
2026-05-18 14:00:00+00:00,1.164686679840088,1.1656370162963867,1.1645511388778687,1.1656370162963867,524
2026-05-18 15:00:00+00:00,1.1653653383255005,1.1655012369155884,1.1637378931045532,1.1645511388778687,332
2026-05-18 16:00:00+00:00,1.1656370162963867,1.1659088134765625,1.1648223400115967,1.1650937795639038,642
2026-05-18 17:00:00+00:00,1.1652295589447021,1.1656370162963867,1.1652295589447021,1.1655012369155884,735
2026-05-18 18:00:00+00:00,1.1634671688079834,1.1652295589447021,1.1634671688079834,1.1652295589447021,392
2026-05-18 19:00:00+00:00,1.1656370162963867,1.1659088134765625,1.1633317470550537,1.1633317470550537,144
2026-05-18 20:00:00+00:00,1.1659088134765625,1.1663167476654053,1.1655012369155884,1.1655012369155884,453
2026-05-18 21:00:00+00:00,1.1663167476654053,1.1664528846740723,1.1655012369155884,1.1656370162963867,641
2026-05-18 22:00:00+00:00,1.1661807298660278,1.1664528846740723,1.1661807298660278,1.1664528846740723,551
2026-05-18 23:00:00+00:00,1.1657729148864746,1.1661807298660278,1.1657729148864746,1.1661807298660278,351
2026-05-19 00:00:00+00:00,1.1648223400115967,1.1659088134765625,1.164686679840088,1.1659088134765625,451
2026-05-19 01:00:00+00:00,1.1650937795639038,1.1656370162963867,1.164686679840088,1.164686679840088,861
2026-05-19 02:00:00+00:00,1.164686679840088,1.1650937795639038,1.1645511388778687,1.1648223400115967,176
2026-05-19 03:00:00+00:00,1.1645511388778687,1.164958119392395,1.1644154787063599,1.164686679840088,888
2026-05-19 04:00:00+00:00,1.1640088558197021,1.164686679840088,1.163873314857483,1.1645511388778687,305
2026-05-19 05:00:00+00:00,1.1645511388778687,1.1645511388778687,1.1637378931045532,1.1640088558197021,853
2026-05-19 06:00:00+00:00,1.1640088558197021,1.164958119392395,1.1640088558197021,1.1644154787063599,174
2026-05-19 07:00:00+00:00,1.163873314857483,1.1640088558197021,1.1633317470550537,1.1640088558197021,792
2026-05-19 08:00:00+00:00,1.1626555919647217,1.163873314857483,1.1626555919647217,1.163873314857483,495
2026-05-19 09:00:00+00:00,1.16225004196167,1.1626555919647217,1.1618449687957764,1.1626555919647217,963
2026-05-19 10:00:00+00:00,1.162520408630371,1.1629259586334229,1.161440134048462,1.16225004196167,245
2026-05-19 11:00:00+00:00,1.1621150970458984,1.162520408630371,1.1621150970458984,1.162520408630371,922
2026-05-19 12:00:00+00:00,1.1621150970458984,1.1627906560897827,1.1618449687957764,1.1619800329208374,530
2026-05-19 13:00:00+00:00,1.1618449687957764,1.1619800329208374,1.160496711730957,1.1619800329208374,352
2026-05-19 14:00:00+00:00,1.1599582433700562,1.1617100238800049,1.1599582433700562,1.1615750789642334,291
2026-05-19 15:00:00+00:00,1.160496711730957,1.160496711730957,1.15968918800354,1.1599582433700562,505
2026-05-19 16:00:00+00:00,1.1610356569290161,1.16130530834198,1.160092830657959,1.160496711730957,322
2026-05-19 17:00:00+00:00,1.1615750789642334,1.1615750789642334,1.1610356569290161,1.161170482635498,668
2026-05-19 18:00:00+00:00,1.1607661247253418,1.1617100238800049,1.1606314182281494,1.161440134048462,568
2026-05-19 19:00:00+00:00,1.1609008312225342,1.161170482635498,1.1606314182281494,1.1607661247253418,503
2026-05-19 20:00:00+00:00,1.1609008312225342,1.1610356569290161,1.1607661247253418,1.1609008312225342,859
2026-05-19 21:00:00+00:00,1.161170482635498,1.161440134048462,1.1602274179458618,1.1602274179458618,423
2026-05-19 22:00:00+00:00,1.161170482635498,1.161170482635498,1.1609008312225342,1.1610356569290161,169
2026-05-19 23:00:00+00:00,1.1610356569290161,1.1615750789642334,1.1610356569290161,1.161170482635498,817
2026-05-20 00:00:00+00:00,1.160496711730957,1.16130530834198,1.160496711730957,1.1610356569290161,407
2026-05-20 01:00:00+00:00,1.1599582433700562,1.160496711730957,1.15968918800354,1.160496711730957,603
2026-05-20 02:00:00+00:00,1.1602274179458618,1.1606314182281494,1.1598236560821533,1.160092830657959,381
2026-05-20 03:00:00+00:00,1.160496711730957,1.1609008312225342,1.1599582433700562,1.1599582433700562,789
2026-05-20 04:00:00+00:00,1.160092830657959,1.1609008312225342,1.160092830657959,1.1606314182281494,931
2026-05-20 05:00:00+00:00,1.1598236560821533,1.1603620052337646,1.1595547199249268,1.160092830657959,111
2026-05-20 06:00:00+00:00,1.160092830657959,1.1609008312225342,1.15968918800354,1.1598236560821533,469
2026-05-20 07:00:00+00:00,1.15968918800354,1.160496711730957,1.1595547199249268,1.1599582433700562,723
2026-05-20 08:00:00+00:00,1.1594202518463135,1.1598236560821533,1.1587486267089844,1.1595547199249268,848
2026-05-20 09:00:00+00:00,1.1592857837677002,1.1598236560821533,1.1592857837677002,1.1594202518463135,327
2026-05-20 10:00:00+00:00,1.160496711730957,1.1606314182281494,1.159151554107666,1.159151554107666,958
2026-05-20 11:00:00+00:00,1.1603620052337646,1.1607661247253418,1.1599582433700562,1.1603620052337646,298
2026-05-20 12:00:00+00:00,1.15968918800354,1.1606314182281494,1.15968918800354,1.160496711730957,744
2026-05-20 13:00:00+00:00,1.1594202518463135,1.1599582433700562,1.1592857837677002,1.1598236560821533,956
2026-05-20 14:00:00+00:00,1.16225004196167,1.1626555919647217,1.1586142778396606,1.1594202518463135,258
2026-05-20 15:00:00+00:00,1.16225004196167,1.164686679840088,1.1617100238800049,1.16225004196167,527
2026-05-20 16:00:00+00:00,1.1627906560897827,1.1633317470550537,1.16225004196167,1.16225004196167,856
2026-05-20 17:00:00+00:00,1.16225004196167,1.1629259586334229,1.16225004196167,1.1627906560897827,765
2026-05-20 18:00:00+00:00,1.163602590560913,1.163873314857483,1.1619800329208374,1.1619800329208374,284
2026-05-20 19:00:00+00:00,1.163061261177063,1.1637378931045532,1.163061261177063,1.1634671688079834,526
2026-05-20 20:00:00+00:00,1.1629259586334229,1.1631964445114136,1.1626555919647217,1.163061261177063,619
2026-05-20 21:00:00+00:00,1.1629259586334229,1.163061261177063,1.162520408630371,1.1626555919647217,841
2026-05-20 22:00:00+00:00,1.1629259586334229,1.163061261177063,1.1627906560897827,1.1629259586334229,371
2026-05-20 23:00:00+00:00,1.1627906560897827,1.163061261177063,1.1626555919647217,1.1629259586334229,200
2026-05-21 00:00:00+00:00,1.1631964445114136,1.1631964445114136,1.1626555919647217,1.1627906560897827,147
2026-05-21 01:00:00+00:00,1.1629259586334229,1.163873314857483,1.1626555919647217,1.1633317470550537,435
2026-05-21 02:00:00+00:00,1.1621150970458984,1.1631964445114136,1.1621150970458984,1.163061261177063,765
2026-05-21 03:00:00+00:00,1.16225004196167,1.1626555919647217,1.1621150970458984,1.1621150970458984,169
2026-05-21 04:00:00+00:00,1.1626555919647217,1.1626555919647217,1.16225004196167,1.16225004196167,338
2026-05-21 05:00:00+00:00,1.162520408630371,1.1626555919647217,1.16225004196167,1.1626555919647217,420
2026-05-21 06:00:00+00:00,1.1623852252960205,1.1629259586334229,1.1619800329208374,1.162520408630371,125
2026-05-21 07:00:00+00:00,1.1610356569290161,1.1623852252960205,1.1599582433700562,1.1623852252960205,396
2026-05-21 08:00:00+00:00,1.162520408630371,1.1637378931045532,1.1610356569290161,1.1610356569290161,955
2026-05-21 09:00:00+00:00,1.163061261177063,1.163602590560913,1.162520408630371,1.1626555919647217,505
2026-05-21 10:00:00+00:00,1.161170482635498,1.1633317470550537,1.1603620052337646,1.163061261177063,474
2026-05-21 11:00:00+00:00,1.160092830657959,1.1618449687957764,1.160092830657959,1.1610356569290161,297
2026-05-21 12:00:00+00:00,1.160092830657959,1.161170482635498,1.15968918800354,1.1603620052337646,787
2026-05-21 13:00:00+00:00,1.1598236560821533,1.1603620052337646,1.1582117080688477,1.160092830657959,106
2026-05-21 14:00:00+00:00,1.1598236560821533,1.1599582433700562,1.1588828563690186,1.1598236560821533,236
2026-05-21 15:00:00+00:00,1.1592857837677002,1.15968918800354,1.1586142778396606,1.15968918800354,446
2026-05-21 16:00:00+00:00,1.1599582433700562,1.1599582433700562,1.1590172052383423,1.1592857837677002,804
2026-05-21 17:00:00+00:00,1.1627906560897827,1.1633317470550537,1.1595547199249268,1.1599582433700562,930
2026-05-21 18:00:00+00:00,1.1615750789642334,1.1633317470550537,1.161170482635498,1.1629259586334229,315
2026-05-21 19:00:00+00:00,1.162520408630371,1.1627906560897827,1.161440134048462,1.1615750789642334,756
2026-05-21 20:00:00+00:00,1.1621150970458984,1.1626555919647217,1.1619800329208374,1.162520408630371,995
2026-05-21 21:00:00+00:00,1.162520408630371,1.1626555919647217,1.161440134048462,1.1619800329208374,196
2026-05-21 22:00:00+00:00,1.1621150970458984,1.162520408630371,1.1619800329208374,1.162520408630371,759
2026-05-21 23:00:00+00:00,1.1621150970458984,1.16225004196167,1.1619800329208374,1.16225004196167,606
2026-05-22 00:00:00+00:00,1.1618449687957764,1.1621150970458984,1.1617100238800049,1.1621150970458984,661
2026-05-22 01:00:00+00:00,1.161440134048462,1.1619800329208374,1.161440134048462,1.1618449687957764,521
2026-05-22 02:00:00+00:00,1.1615750789642334,1.1618449687957764,1.161440134048462,1.161440134048462,692
2026-05-22 03:00:00+00:00,1.1615750789642334,1.1617100238800049,1.16130530834198,1.1617100238800049,814
2026-05-22 04:00:00+00:00,1.1619800329208374,1.1619800329208374,1.1615750789642334,1.1615750789642334,450
2026-05-22 05:00:00+00:00,1.16130530834198,1.1621150970458984,1.16130530834198,1.1619800329208374,395
2026-05-22 06:00:00+00:00,1.161440134048462,1.1618449687957764,1.1609008312225342,1.16130530834198,358
2026-05-22 07:00:00+00:00,1.16130530834198,1.16130530834198,1.1606314182281494,1.1610356569290161,456
2026-05-22 08:00:00+00:00,1.161170482635498,1.1617100238800049,1.1609008312225342,1.16130530834198,745
2026-05-22 09:00:00+00:00,1.1607661247253418,1.161170482635498,1.160092830657959,1.161170482635498,929
2026-05-22 10:00:00+00:00,1.160092830657959,1.161170482635498,1.1599582433700562,1.1609008312225342,944
2026-05-22 11:00:00+00:00,1.1599582433700562,1.160496711730957,1.15968918800354,1.160092830657959,652
2026-05-22 12:00:00+00:00,1.1606314182281494,1.1610356569290161,1.1598236560821533,1.160092830657959,323
2026-05-22 13:00:00+00:00,1.1607661247253418,1.1621150970458984,1.1603620052337646,1.1607661247253418,714
2026-05-22 14:00:00+00:00,1.1602274179458618,1.160496711730957,1.1592857837677002,1.1603620052337646,798
2026-05-22 15:00:00+00:00,1.1606314182281494,1.1609008312225342,1.160092830657959,1.160092830657959,832
2026-05-22 16:00:00+00:00,1.161440134048462,1.161440134048462,1.1603620052337646,1.160496711730957,159
2026-05-22 17:00:00+00:00,1.1617100238800049,1.16225004196167,1.16130530834198,1.1615750789642334,186
2026-05-22 18:00:00+00:00,1.1615750789642334,1.1618449687957764,1.16130530834198,1.1617100238800049,552
2026-05-22 19:00:00+00:00,1.1610356569290161,1.1617100238800049,1.1609008312225342,1.1615750789642334,777
2026-05-22 20:00:00+00:00,1.160496711730957,1.1610356569290161,1.1603620052337646,1.1610356569290161,670
2026-05-22 21:00:00+00:00,1.160496711730957,1.1606314182281494,1.160496711730957,1.1606314182281494,767
